<?xml version="1.0" encoding="utf-8"?>
<catalog xmlns="urn:oasis:names:tc:entity:xmlns:xml:catalog">
   <uri name="https://cdn.docbook.org/release/xsltng/current/xslt/transforms/20-db4to5.xsl"
         uri="../xslt/transforms/20-db4to5.xsl"/>
   <uri name="https://cdn.docbook.org/release/xsltng/1.8.1-SNAPSHOT/xslt/transforms/20-db4to5.xsl"
         uri="../xslt/transforms/20-db4to5.xsl"/>
   <uri name="https://cdn.docbook.org/release/xsltng/current/xslt/transforms/60-annotations.xsl"
         uri="../xslt/transforms/60-annotations.xsl"/>
   <uri name="https://cdn.docbook.org/release/xsltng/1.8.1-SNAPSHOT/xslt/transforms/60-annotations.xsl"
         uri="../xslt/transforms/60-annotations.xsl"/>
   <uri name="https://cdn.docbook.org/release/xsltng/current/xslt/transforms/50-normalize.xsl"
         uri="../xslt/transforms/50-normalize.xsl"/>
   <uri name="https://cdn.docbook.org/release/xsltng/1.8.1-SNAPSHOT/xslt/transforms/50-normalize.xsl"
         uri="../xslt/transforms/50-normalize.xsl"/>
   <uri name="https://cdn.docbook.org/release/xsltng/current/xslt/transforms/10-xinclude.xsl"
         uri="../xslt/transforms/10-xinclude.xsl"/>
   <uri name="https://cdn.docbook.org/release/xsltng/1.8.1-SNAPSHOT/xslt/transforms/10-xinclude.xsl"
         uri="../xslt/transforms/10-xinclude.xsl"/>
   <uri name="https://cdn.docbook.org/release/xsltng/current/xslt/transforms/00-logstruct.xsl"
         uri="../xslt/transforms/00-logstruct.xsl"/>
   <uri name="https://cdn.docbook.org/release/xsltng/1.8.1-SNAPSHOT/xslt/transforms/00-logstruct.xsl"
         uri="../xslt/transforms/00-logstruct.xsl"/>
   <uri name="https://cdn.docbook.org/release/xsltng/current/xslt/transforms/80-oxy-markup.xsl"
         uri="../xslt/transforms/80-oxy-markup.xsl"/>
   <uri name="https://cdn.docbook.org/release/xsltng/1.8.1-SNAPSHOT/xslt/transforms/80-oxy-markup.xsl"
         uri="../xslt/transforms/80-oxy-markup.xsl"/>
   <uri name="https://cdn.docbook.org/release/xsltng/current/xslt/transforms/30-transclude.xsl"
         uri="../xslt/transforms/30-transclude.xsl"/>
   <uri name="https://cdn.docbook.org/release/xsltng/1.8.1-SNAPSHOT/xslt/transforms/30-transclude.xsl"
         uri="../xslt/transforms/30-transclude.xsl"/>
   <uri name="https://cdn.docbook.org/release/xsltng/current/xslt/transforms/70-xlinkbase.xsl"
         uri="../xslt/transforms/70-xlinkbase.xsl"/>
   <uri name="https://cdn.docbook.org/release/xsltng/1.8.1-SNAPSHOT/xslt/transforms/70-xlinkbase.xsl"
         uri="../xslt/transforms/70-xlinkbase.xsl"/>
   <uri name="https://cdn.docbook.org/release/xsltng/current/xslt/print.xsl"
         uri="../xslt/print.xsl"/>
   <uri name="https://cdn.docbook.org/release/xsltng/1.8.1-SNAPSHOT/xslt/print.xsl"
         uri="../xslt/print.xsl"/>
   <uri name="https://cdn.docbook.org/release/xsltng/current/xslt/parameter-maps.xsl"
         uri="../xslt/parameter-maps.xsl"/>
   <uri name="https://cdn.docbook.org/release/xsltng/1.8.1-SNAPSHOT/xslt/parameter-maps.xsl"
         uri="../xslt/parameter-maps.xsl"/>
   <uri name="https://cdn.docbook.org/release/xsltng/current/xslt/docbook-paged.xsl"
         uri="../xslt/docbook-paged.xsl"/>
   <uri name="https://cdn.docbook.org/release/xsltng/1.8.1-SNAPSHOT/xslt/docbook-paged.xsl"
         uri="../xslt/docbook-paged.xsl"/>
   <uri name="https://cdn.docbook.org/release/xsltng/current/xslt/VERSION.xsl"
         uri="../xslt/VERSION.xsl"/>
   <uri name="https://cdn.docbook.org/release/xsltng/1.8.1-SNAPSHOT/xslt/VERSION.xsl"
         uri="../xslt/VERSION.xsl"/>
   <uri name="https://cdn.docbook.org/release/xsltng/current/xslt/xspec-driver.xsl"
         uri="../xslt/xspec-driver.xsl"/>
   <uri name="https://cdn.docbook.org/release/xsltng/1.8.1-SNAPSHOT/xslt/xspec-driver.xsl"
         uri="../xslt/xspec-driver.xsl"/>
   <uri name="https://cdn.docbook.org/release/xsltng/current/xslt/drivers.xsl"
         uri="../xslt/drivers.xsl"/>
   <uri name="https://cdn.docbook.org/release/xsltng/1.8.1-SNAPSHOT/xslt/drivers.xsl"
         uri="../xslt/drivers.xsl"/>
   <uri name="https://cdn.docbook.org/release/xsltng/current/xslt/locale/sr_Latn.xml"
         uri="../xslt/locale/sr_Latn.xml"/>
   <uri name="https://cdn.docbook.org/release/xsltng/1.8.1-SNAPSHOT/xslt/locale/sr_Latn.xml"
         uri="../xslt/locale/sr_Latn.xml"/>
   <uri name="https://cdn.docbook.org/release/xsltng/current/xslt/locale/ur.xml"
         uri="../xslt/locale/ur.xml"/>
   <uri name="https://cdn.docbook.org/release/xsltng/1.8.1-SNAPSHOT/xslt/locale/ur.xml"
         uri="../xslt/locale/ur.xml"/>
   <uri name="https://cdn.docbook.org/release/xsltng/current/xslt/locale/ca.xml"
         uri="../xslt/locale/ca.xml"/>
   <uri name="https://cdn.docbook.org/release/xsltng/1.8.1-SNAPSHOT/xslt/locale/ca.xml"
         uri="../xslt/locale/ca.xml"/>
   <uri name="https://cdn.docbook.org/release/xsltng/current/xslt/locale/ro.xml"
         uri="../xslt/locale/ro.xml"/>
   <uri name="https://cdn.docbook.org/release/xsltng/1.8.1-SNAPSHOT/xslt/locale/ro.xml"
         uri="../xslt/locale/ro.xml"/>
   <uri name="https://cdn.docbook.org/release/xsltng/current/xslt/locale/fr.xml"
         uri="../xslt/locale/fr.xml"/>
   <uri name="https://cdn.docbook.org/release/xsltng/1.8.1-SNAPSHOT/xslt/locale/fr.xml"
         uri="../xslt/locale/fr.xml"/>
   <uri name="https://cdn.docbook.org/release/xsltng/current/xslt/locale/se.xml"
         uri="../xslt/locale/se.xml"/>
   <uri name="https://cdn.docbook.org/release/xsltng/1.8.1-SNAPSHOT/xslt/locale/se.xml"
         uri="../xslt/locale/se.xml"/>
   <uri name="https://cdn.docbook.org/release/xsltng/current/xslt/locale/pt.xml"
         uri="../xslt/locale/pt.xml"/>
   <uri name="https://cdn.docbook.org/release/xsltng/1.8.1-SNAPSHOT/xslt/locale/pt.xml"
         uri="../xslt/locale/pt.xml"/>
   <uri name="https://cdn.docbook.org/release/xsltng/current/xslt/locale/mr.xml"
         uri="../xslt/locale/mr.xml"/>
   <uri name="https://cdn.docbook.org/release/xsltng/1.8.1-SNAPSHOT/xslt/locale/mr.xml"
         uri="../xslt/locale/mr.xml"/>
   <uri name="https://cdn.docbook.org/release/xsltng/current/xslt/locale/am.xml"
         uri="../xslt/locale/am.xml"/>
   <uri name="https://cdn.docbook.org/release/xsltng/1.8.1-SNAPSHOT/xslt/locale/am.xml"
         uri="../xslt/locale/am.xml"/>
   <uri name="https://cdn.docbook.org/release/xsltng/current/xslt/locale/bg.xml"
         uri="../xslt/locale/bg.xml"/>
   <uri name="https://cdn.docbook.org/release/xsltng/1.8.1-SNAPSHOT/xslt/locale/bg.xml"
         uri="../xslt/locale/bg.xml"/>
   <uri name="https://cdn.docbook.org/release/xsltng/current/xslt/locale/it.xml"
         uri="../xslt/locale/it.xml"/>
   <uri name="https://cdn.docbook.org/release/xsltng/1.8.1-SNAPSHOT/xslt/locale/it.xml"
         uri="../xslt/locale/it.xml"/>
   <uri name="https://cdn.docbook.org/release/xsltng/current/xslt/locale/ja.xml"
         uri="../xslt/locale/ja.xml"/>
   <uri name="https://cdn.docbook.org/release/xsltng/1.8.1-SNAPSHOT/xslt/locale/ja.xml"
         uri="../xslt/locale/ja.xml"/>
   <uri name="https://cdn.docbook.org/release/xsltng/current/xslt/locale/zh_tw.xml"
         uri="../xslt/locale/zh_tw.xml"/>
   <uri name="https://cdn.docbook.org/release/xsltng/1.8.1-SNAPSHOT/xslt/locale/zh_tw.xml"
         uri="../xslt/locale/zh_tw.xml"/>
   <uri name="https://cdn.docbook.org/release/xsltng/current/xslt/locale/af.xml"
         uri="../xslt/locale/af.xml"/>
   <uri name="https://cdn.docbook.org/release/xsltng/1.8.1-SNAPSHOT/xslt/locale/af.xml"
         uri="../xslt/locale/af.xml"/>
   <uri name="https://cdn.docbook.org/release/xsltng/current/xslt/locale/pl.xml"
         uri="../xslt/locale/pl.xml"/>
   <uri name="https://cdn.docbook.org/release/xsltng/1.8.1-SNAPSHOT/xslt/locale/pl.xml"
         uri="../xslt/locale/pl.xml"/>
   <uri name="https://cdn.docbook.org/release/xsltng/current/xslt/locale/nl.xml"
         uri="../xslt/locale/nl.xml"/>
   <uri name="https://cdn.docbook.org/release/xsltng/1.8.1-SNAPSHOT/xslt/locale/nl.xml"
         uri="../xslt/locale/nl.xml"/>
   <uri name="https://cdn.docbook.org/release/xsltng/current/xslt/locale/ga.xml"
         uri="../xslt/locale/ga.xml"/>
   <uri name="https://cdn.docbook.org/release/xsltng/1.8.1-SNAPSHOT/xslt/locale/ga.xml"
         uri="../xslt/locale/ga.xml"/>
   <uri name="https://cdn.docbook.org/release/xsltng/current/xslt/locale/uk.xml"
         uri="../xslt/locale/uk.xml"/>
   <uri name="https://cdn.docbook.org/release/xsltng/1.8.1-SNAPSHOT/xslt/locale/uk.xml"
         uri="../xslt/locale/uk.xml"/>
   <uri name="https://cdn.docbook.org/release/xsltng/current/xslt/locale/cs.xml"
         uri="../xslt/locale/cs.xml"/>
   <uri name="https://cdn.docbook.org/release/xsltng/1.8.1-SNAPSHOT/xslt/locale/cs.xml"
         uri="../xslt/locale/cs.xml"/>
   <uri name="https://cdn.docbook.org/release/xsltng/current/xslt/locale/sr.xml"
         uri="../xslt/locale/sr.xml"/>
   <uri name="https://cdn.docbook.org/release/xsltng/1.8.1-SNAPSHOT/xslt/locale/sr.xml"
         uri="../xslt/locale/sr.xml"/>
   <uri name="https://cdn.docbook.org/release/xsltng/current/xslt/locale/ko.xml"
         uri="../xslt/locale/ko.xml"/>
   <uri name="https://cdn.docbook.org/release/xsltng/1.8.1-SNAPSHOT/xslt/locale/ko.xml"
         uri="../xslt/locale/ko.xml"/>
   <uri name="https://cdn.docbook.org/release/xsltng/current/xslt/locale/hr.xml"
         uri="../xslt/locale/hr.xml"/>
   <uri name="https://cdn.docbook.org/release/xsltng/1.8.1-SNAPSHOT/xslt/locale/hr.xml"
         uri="../xslt/locale/hr.xml"/>
   <uri name="https://cdn.docbook.org/release/xsltng/current/xslt/locale/ka.xml"
         uri="../xslt/locale/ka.xml"/>
   <uri name="https://cdn.docbook.org/release/xsltng/1.8.1-SNAPSHOT/xslt/locale/ka.xml"
         uri="../xslt/locale/ka.xml"/>
   <uri name="https://cdn.docbook.org/release/xsltng/current/xslt/locale/nn.xml"
         uri="../xslt/locale/nn.xml"/>
   <uri name="https://cdn.docbook.org/release/xsltng/1.8.1-SNAPSHOT/xslt/locale/nn.xml"
         uri="../xslt/locale/nn.xml"/>
   <uri name="https://cdn.docbook.org/release/xsltng/current/xslt/locale/la.xml"
         uri="../xslt/locale/la.xml"/>
   <uri name="https://cdn.docbook.org/release/xsltng/1.8.1-SNAPSHOT/xslt/locale/la.xml"
         uri="../xslt/locale/la.xml"/>
   <uri name="https://cdn.docbook.org/release/xsltng/current/xslt/locale/as.xml"
         uri="../xslt/locale/as.xml"/>
   <uri name="https://cdn.docbook.org/release/xsltng/1.8.1-SNAPSHOT/xslt/locale/as.xml"
         uri="../xslt/locale/as.xml"/>
   <uri name="https://cdn.docbook.org/release/xsltng/current/xslt/locale/th.xml"
         uri="../xslt/locale/th.xml"/>
   <uri name="https://cdn.docbook.org/release/xsltng/1.8.1-SNAPSHOT/xslt/locale/th.xml"
         uri="../xslt/locale/th.xml"/>
   <uri name="https://cdn.docbook.org/release/xsltng/current/xslt/locale/el.xml"
         uri="../xslt/locale/el.xml"/>
   <uri name="https://cdn.docbook.org/release/xsltng/1.8.1-SNAPSHOT/xslt/locale/el.xml"
         uri="../xslt/locale/el.xml"/>
   <uri name="https://cdn.docbook.org/release/xsltng/current/xslt/locale/ml.xml"
         uri="../xslt/locale/ml.xml"/>
   <uri name="https://cdn.docbook.org/release/xsltng/1.8.1-SNAPSHOT/xslt/locale/ml.xml"
         uri="../xslt/locale/ml.xml"/>
   <uri name="https://cdn.docbook.org/release/xsltng/current/xslt/locale/sq.xml"
         uri="../xslt/locale/sq.xml"/>
   <uri name="https://cdn.docbook.org/release/xsltng/1.8.1-SNAPSHOT/xslt/locale/sq.xml"
         uri="../xslt/locale/sq.xml"/>
   <uri name="https://cdn.docbook.org/release/xsltng/current/xslt/locale/eo.xml"
         uri="../xslt/locale/eo.xml"/>
   <uri name="https://cdn.docbook.org/release/xsltng/1.8.1-SNAPSHOT/xslt/locale/eo.xml"
         uri="../xslt/locale/eo.xml"/>
   <uri name="https://cdn.docbook.org/release/xsltng/current/xslt/locale/da.xml"
         uri="../xslt/locale/da.xml"/>
   <uri name="https://cdn.docbook.org/release/xsltng/1.8.1-SNAPSHOT/xslt/locale/da.xml"
         uri="../xslt/locale/da.xml"/>
   <uri name="https://cdn.docbook.org/release/xsltng/current/xslt/locale/fa.xml"
         uri="../xslt/locale/fa.xml"/>
   <uri name="https://cdn.docbook.org/release/xsltng/1.8.1-SNAPSHOT/xslt/locale/fa.xml"
         uri="../xslt/locale/fa.xml"/>
   <uri name="https://cdn.docbook.org/release/xsltng/current/xslt/locale/bn.xml"
         uri="../xslt/locale/bn.xml"/>
   <uri name="https://cdn.docbook.org/release/xsltng/1.8.1-SNAPSHOT/xslt/locale/bn.xml"
         uri="../xslt/locale/bn.xml"/>
   <uri name="https://cdn.docbook.org/release/xsltng/current/xslt/locale/lt.xml"
         uri="../xslt/locale/lt.xml"/>
   <uri name="https://cdn.docbook.org/release/xsltng/1.8.1-SNAPSHOT/xslt/locale/lt.xml"
         uri="../xslt/locale/lt.xml"/>
   <uri name="https://cdn.docbook.org/release/xsltng/current/xslt/locale/zh_cn.xml"
         uri="../xslt/locale/zh_cn.xml"/>
   <uri name="https://cdn.docbook.org/release/xsltng/1.8.1-SNAPSHOT/xslt/locale/zh_cn.xml"
         uri="../xslt/locale/zh_cn.xml"/>
   <uri name="https://cdn.docbook.org/release/xsltng/current/xslt/locale/gu.xml"
         uri="../xslt/locale/gu.xml"/>
   <uri name="https://cdn.docbook.org/release/xsltng/1.8.1-SNAPSHOT/xslt/locale/gu.xml"
         uri="../xslt/locale/gu.xml"/>
   <uri name="https://cdn.docbook.org/release/xsltng/current/xslt/locale/hu.xml"
         uri="../xslt/locale/hu.xml"/>
   <uri name="https://cdn.docbook.org/release/xsltng/1.8.1-SNAPSHOT/xslt/locale/hu.xml"
         uri="../xslt/locale/hu.xml"/>
   <uri name="https://cdn.docbook.org/release/xsltng/current/xslt/locale/bs.xml"
         uri="../xslt/locale/bs.xml"/>
   <uri name="https://cdn.docbook.org/release/xsltng/1.8.1-SNAPSHOT/xslt/locale/bs.xml"
         uri="../xslt/locale/bs.xml"/>
   <uri name="https://cdn.docbook.org/release/xsltng/current/xslt/locale/zh.xml"
         uri="../xslt/locale/zh.xml"/>
   <uri name="https://cdn.docbook.org/release/xsltng/1.8.1-SNAPSHOT/xslt/locale/zh.xml"
         uri="../xslt/locale/zh.xml"/>
   <uri name="https://cdn.docbook.org/release/xsltng/current/xslt/locale/ky.xml"
         uri="../xslt/locale/ky.xml"/>
   <uri name="https://cdn.docbook.org/release/xsltng/1.8.1-SNAPSHOT/xslt/locale/ky.xml"
         uri="../xslt/locale/ky.xml"/>
   <uri name="https://cdn.docbook.org/release/xsltng/current/xslt/locale/gl.xml"
         uri="../xslt/locale/gl.xml"/>
   <uri name="https://cdn.docbook.org/release/xsltng/1.8.1-SNAPSHOT/xslt/locale/gl.xml"
         uri="../xslt/locale/gl.xml"/>
   <uri name="https://cdn.docbook.org/release/xsltng/current/xslt/locale/mn.xml"
         uri="../xslt/locale/mn.xml"/>
   <uri name="https://cdn.docbook.org/release/xsltng/1.8.1-SNAPSHOT/xslt/locale/mn.xml"
         uri="../xslt/locale/mn.xml"/>
   <uri name="https://cdn.docbook.org/release/xsltng/current/xslt/locale/fi.xml"
         uri="../xslt/locale/fi.xml"/>
   <uri name="https://cdn.docbook.org/release/xsltng/1.8.1-SNAPSHOT/xslt/locale/fi.xml"
         uri="../xslt/locale/fi.xml"/>
   <uri name="https://cdn.docbook.org/release/xsltng/current/xslt/locale/bn_in.xml"
         uri="../xslt/locale/bn_in.xml"/>
   <uri name="https://cdn.docbook.org/release/xsltng/1.8.1-SNAPSHOT/xslt/locale/bn_in.xml"
         uri="../xslt/locale/bn_in.xml"/>
   <uri name="https://cdn.docbook.org/release/xsltng/current/xslt/locale/hi.xml"
         uri="../xslt/locale/hi.xml"/>
   <uri name="https://cdn.docbook.org/release/xsltng/1.8.1-SNAPSHOT/xslt/locale/hi.xml"
         uri="../xslt/locale/hi.xml"/>
   <uri name="https://cdn.docbook.org/release/xsltng/current/xslt/locale/is.xml"
         uri="../xslt/locale/is.xml"/>
   <uri name="https://cdn.docbook.org/release/xsltng/1.8.1-SNAPSHOT/xslt/locale/is.xml"
         uri="../xslt/locale/is.xml"/>
   <uri name="https://cdn.docbook.org/release/xsltng/current/xslt/locale/en.xml"
         uri="../xslt/locale/en.xml"/>
   <uri name="https://cdn.docbook.org/release/xsltng/1.8.1-SNAPSHOT/xslt/locale/en.xml"
         uri="../xslt/locale/en.xml"/>
   <uri name="https://cdn.docbook.org/release/xsltng/current/xslt/locale/kn.xml"
         uri="../xslt/locale/kn.xml"/>
   <uri name="https://cdn.docbook.org/release/xsltng/1.8.1-SNAPSHOT/xslt/locale/kn.xml"
         uri="../xslt/locale/kn.xml"/>
   <uri name="https://cdn.docbook.org/release/xsltng/current/xslt/locale/de.xml"
         uri="../xslt/locale/de.xml"/>
   <uri name="https://cdn.docbook.org/release/xsltng/1.8.1-SNAPSHOT/xslt/locale/de.xml"
         uri="../xslt/locale/de.xml"/>
   <uri name="https://cdn.docbook.org/release/xsltng/current/xslt/locale/nb.xml"
         uri="../xslt/locale/nb.xml"/>
   <uri name="https://cdn.docbook.org/release/xsltng/1.8.1-SNAPSHOT/xslt/locale/nb.xml"
         uri="../xslt/locale/nb.xml"/>
   <uri name="https://cdn.docbook.org/release/xsltng/current/xslt/locale/sl.xml"
         uri="../xslt/locale/sl.xml"/>
   <uri name="https://cdn.docbook.org/release/xsltng/1.8.1-SNAPSHOT/xslt/locale/sl.xml"
         uri="../xslt/locale/sl.xml"/>
   <uri name="https://cdn.docbook.org/release/xsltng/current/xslt/locale/sv.xml"
         uri="../xslt/locale/sv.xml"/>
   <uri name="https://cdn.docbook.org/release/xsltng/1.8.1-SNAPSHOT/xslt/locale/sv.xml"
         uri="../xslt/locale/sv.xml"/>
   <uri name="https://cdn.docbook.org/release/xsltng/current/xslt/locale/or.xml"
         uri="../xslt/locale/or.xml"/>
   <uri name="https://cdn.docbook.org/release/xsltng/1.8.1-SNAPSHOT/xslt/locale/or.xml"
         uri="../xslt/locale/or.xml"/>
   <uri name="https://cdn.docbook.org/release/xsltng/current/xslt/locale/ast.xml"
         uri="../xslt/locale/ast.xml"/>
   <uri name="https://cdn.docbook.org/release/xsltng/1.8.1-SNAPSHOT/xslt/locale/ast.xml"
         uri="../xslt/locale/ast.xml"/>
   <uri name="https://cdn.docbook.org/release/xsltng/current/xslt/locale/tr.xml"
         uri="../xslt/locale/tr.xml"/>
   <uri name="https://cdn.docbook.org/release/xsltng/1.8.1-SNAPSHOT/xslt/locale/tr.xml"
         uri="../xslt/locale/tr.xml"/>
   <uri name="https://cdn.docbook.org/release/xsltng/current/xslt/locale/te.xml"
         uri="../xslt/locale/te.xml"/>
   <uri name="https://cdn.docbook.org/release/xsltng/1.8.1-SNAPSHOT/xslt/locale/te.xml"
         uri="../xslt/locale/te.xml"/>
   <uri name="https://cdn.docbook.org/release/xsltng/current/xslt/locale/id.xml"
         uri="../xslt/locale/id.xml"/>
   <uri name="https://cdn.docbook.org/release/xsltng/1.8.1-SNAPSHOT/xslt/locale/id.xml"
         uri="../xslt/locale/id.xml"/>
   <uri name="https://cdn.docbook.org/release/xsltng/current/xslt/locale/es.xml"
         uri="../xslt/locale/es.xml"/>
   <uri name="https://cdn.docbook.org/release/xsltng/1.8.1-SNAPSHOT/xslt/locale/es.xml"
         uri="../xslt/locale/es.xml"/>
   <uri name="https://cdn.docbook.org/release/xsltng/current/xslt/locale/lv.xml"
         uri="../xslt/locale/lv.xml"/>
   <uri name="https://cdn.docbook.org/release/xsltng/1.8.1-SNAPSHOT/xslt/locale/lv.xml"
         uri="../xslt/locale/lv.xml"/>
   <uri name="https://cdn.docbook.org/release/xsltng/current/xslt/locale/he.xml"
         uri="../xslt/locale/he.xml"/>
   <uri name="https://cdn.docbook.org/release/xsltng/1.8.1-SNAPSHOT/xslt/locale/he.xml"
         uri="../xslt/locale/he.xml"/>
   <uri name="https://cdn.docbook.org/release/xsltng/current/xslt/locale/cy.xml"
         uri="../xslt/locale/cy.xml"/>
   <uri name="https://cdn.docbook.org/release/xsltng/1.8.1-SNAPSHOT/xslt/locale/cy.xml"
         uri="../xslt/locale/cy.xml"/>
   <uri name="https://cdn.docbook.org/release/xsltng/current/xslt/locale/az.xml"
         uri="../xslt/locale/az.xml"/>
   <uri name="https://cdn.docbook.org/release/xsltng/1.8.1-SNAPSHOT/xslt/locale/az.xml"
         uri="../xslt/locale/az.xml"/>
   <uri name="https://cdn.docbook.org/release/xsltng/current/xslt/locale/eu.xml"
         uri="../xslt/locale/eu.xml"/>
   <uri name="https://cdn.docbook.org/release/xsltng/1.8.1-SNAPSHOT/xslt/locale/eu.xml"
         uri="../xslt/locale/eu.xml"/>
   <uri name="https://cdn.docbook.org/release/xsltng/current/xslt/locale/tl.xml"
         uri="../xslt/locale/tl.xml"/>
   <uri name="https://cdn.docbook.org/release/xsltng/1.8.1-SNAPSHOT/xslt/locale/tl.xml"
         uri="../xslt/locale/tl.xml"/>
   <uri name="https://cdn.docbook.org/release/xsltng/current/xslt/locale/et.xml"
         uri="../xslt/locale/et.xml"/>
   <uri name="https://cdn.docbook.org/release/xsltng/1.8.1-SNAPSHOT/xslt/locale/et.xml"
         uri="../xslt/locale/et.xml"/>
   <uri name="https://cdn.docbook.org/release/xsltng/current/xslt/locale/nds.xml"
         uri="../xslt/locale/nds.xml"/>
   <uri name="https://cdn.docbook.org/release/xsltng/1.8.1-SNAPSHOT/xslt/locale/nds.xml"
         uri="../xslt/locale/nds.xml"/>
   <uri name="https://cdn.docbook.org/release/xsltng/current/xslt/locale/pt_br.xml"
         uri="../xslt/locale/pt_br.xml"/>
   <uri name="https://cdn.docbook.org/release/xsltng/1.8.1-SNAPSHOT/xslt/locale/pt_br.xml"
         uri="../xslt/locale/pt_br.xml"/>
   <uri name="https://cdn.docbook.org/release/xsltng/current/xslt/locale/vi.xml"
         uri="../xslt/locale/vi.xml"/>
   <uri name="https://cdn.docbook.org/release/xsltng/1.8.1-SNAPSHOT/xslt/locale/vi.xml"
         uri="../xslt/locale/vi.xml"/>
   <uri name="https://cdn.docbook.org/release/xsltng/current/xslt/locale/ar.xml"
         uri="../xslt/locale/ar.xml"/>
   <uri name="https://cdn.docbook.org/release/xsltng/1.8.1-SNAPSHOT/xslt/locale/ar.xml"
         uri="../xslt/locale/ar.xml"/>
   <uri name="https://cdn.docbook.org/release/xsltng/current/xslt/locale/ta.xml"
         uri="../xslt/locale/ta.xml"/>
   <uri name="https://cdn.docbook.org/release/xsltng/1.8.1-SNAPSHOT/xslt/locale/ta.xml"
         uri="../xslt/locale/ta.xml"/>
   <uri name="https://cdn.docbook.org/release/xsltng/current/xslt/locale/xh.xml"
         uri="../xslt/locale/xh.xml"/>
   <uri name="https://cdn.docbook.org/release/xsltng/1.8.1-SNAPSHOT/xslt/locale/xh.xml"
         uri="../xslt/locale/xh.xml"/>
   <uri name="https://cdn.docbook.org/release/xsltng/current/xslt/locale/sk.xml"
         uri="../xslt/locale/sk.xml"/>
   <uri name="https://cdn.docbook.org/release/xsltng/1.8.1-SNAPSHOT/xslt/locale/sk.xml"
         uri="../xslt/locale/sk.xml"/>
   <uri name="https://cdn.docbook.org/release/xsltng/current/xslt/locale/ru.xml"
         uri="../xslt/locale/ru.xml"/>
   <uri name="https://cdn.docbook.org/release/xsltng/1.8.1-SNAPSHOT/xslt/locale/ru.xml"
         uri="../xslt/locale/ru.xml"/>
   <uri name="https://cdn.docbook.org/release/xsltng/current/xslt/locale/pa.xml"
         uri="../xslt/locale/pa.xml"/>
   <uri name="https://cdn.docbook.org/release/xsltng/1.8.1-SNAPSHOT/xslt/locale/pa.xml"
         uri="../xslt/locale/pa.xml"/>
   <uri name="https://cdn.docbook.org/release/xsltng/current/xslt/modules/chunk-output.xsl"
         uri="../xslt/modules/chunk-output.xsl"/>
   <uri name="https://cdn.docbook.org/release/xsltng/1.8.1-SNAPSHOT/xslt/modules/chunk-output.xsl"
         uri="../xslt/modules/chunk-output.xsl"/>
   <uri name="https://cdn.docbook.org/release/xsltng/current/xslt/modules/programming.xsl"
         uri="../xslt/modules/programming.xsl"/>
   <uri name="https://cdn.docbook.org/release/xsltng/1.8.1-SNAPSHOT/xslt/modules/programming.xsl"
         uri="../xslt/modules/programming.xsl"/>
   <uri name="https://cdn.docbook.org/release/xsltng/current/xslt/modules/objects.xsl"
         uri="../xslt/modules/objects.xsl"/>
   <uri name="https://cdn.docbook.org/release/xsltng/1.8.1-SNAPSHOT/xslt/modules/objects.xsl"
         uri="../xslt/modules/objects.xsl"/>
   <uri name="https://cdn.docbook.org/release/xsltng/current/xslt/modules/titles.xsl"
         uri="../xslt/modules/titles.xsl"/>
   <uri name="https://cdn.docbook.org/release/xsltng/1.8.1-SNAPSHOT/xslt/modules/titles.xsl"
         uri="../xslt/modules/titles.xsl"/>
   <uri name="https://cdn.docbook.org/release/xsltng/current/xslt/modules/links.xsl"
         uri="../xslt/modules/links.xsl"/>
   <uri name="https://cdn.docbook.org/release/xsltng/1.8.1-SNAPSHOT/xslt/modules/links.xsl"
         uri="../xslt/modules/links.xsl"/>
   <uri name="https://cdn.docbook.org/release/xsltng/current/xslt/modules/gentext.xsl"
         uri="../xslt/modules/gentext.xsl"/>
   <uri name="https://cdn.docbook.org/release/xsltng/1.8.1-SNAPSHOT/xslt/modules/gentext.xsl"
         uri="../xslt/modules/gentext.xsl"/>
   <uri name="https://cdn.docbook.org/release/xsltng/current/xslt/modules/head.xsl"
         uri="../xslt/modules/head.xsl"/>
   <uri name="https://cdn.docbook.org/release/xsltng/1.8.1-SNAPSHOT/xslt/modules/head.xsl"
         uri="../xslt/modules/head.xsl"/>
   <uri name="https://cdn.docbook.org/release/xsltng/current/xslt/modules/xlink.xsl"
         uri="../xslt/modules/xlink.xsl"/>
   <uri name="https://cdn.docbook.org/release/xsltng/1.8.1-SNAPSHOT/xslt/modules/xlink.xsl"
         uri="../xslt/modules/xlink.xsl"/>
   <uri name="https://cdn.docbook.org/release/xsltng/current/xslt/modules/profile.xsl"
         uri="../xslt/modules/profile.xsl"/>
   <uri name="https://cdn.docbook.org/release/xsltng/1.8.1-SNAPSHOT/xslt/modules/profile.xsl"
         uri="../xslt/modules/profile.xsl"/>
   <uri name="https://cdn.docbook.org/release/xsltng/current/xslt/modules/refentry.xsl"
         uri="../xslt/modules/refentry.xsl"/>
   <uri name="https://cdn.docbook.org/release/xsltng/1.8.1-SNAPSHOT/xslt/modules/refentry.xsl"
         uri="../xslt/modules/refentry.xsl"/>
   <uri name="https://cdn.docbook.org/release/xsltng/current/xslt/modules/attributes.xsl"
         uri="../xslt/modules/attributes.xsl"/>
   <uri name="https://cdn.docbook.org/release/xsltng/1.8.1-SNAPSHOT/xslt/modules/attributes.xsl"
         uri="../xslt/modules/attributes.xsl"/>
   <uri name="https://cdn.docbook.org/release/xsltng/current/xslt/modules/blocks.xsl"
         uri="../xslt/modules/blocks.xsl"/>
   <uri name="https://cdn.docbook.org/release/xsltng/1.8.1-SNAPSHOT/xslt/modules/blocks.xsl"
         uri="../xslt/modules/blocks.xsl"/>
   <uri name="https://cdn.docbook.org/release/xsltng/current/xslt/modules/lists.xsl"
         uri="../xslt/modules/lists.xsl"/>
   <uri name="https://cdn.docbook.org/release/xsltng/1.8.1-SNAPSHOT/xslt/modules/lists.xsl"
         uri="../xslt/modules/lists.xsl"/>
   <uri name="https://cdn.docbook.org/release/xsltng/current/xslt/modules/xref.xsl"
         uri="../xslt/modules/xref.xsl"/>
   <uri name="https://cdn.docbook.org/release/xsltng/1.8.1-SNAPSHOT/xslt/modules/xref.xsl"
         uri="../xslt/modules/xref.xsl"/>
   <uri name="https://cdn.docbook.org/release/xsltng/current/xslt/modules/tablecals.xsl"
         uri="../xslt/modules/tablecals.xsl"/>
   <uri name="https://cdn.docbook.org/release/xsltng/1.8.1-SNAPSHOT/xslt/modules/tablecals.xsl"
         uri="../xslt/modules/tablecals.xsl"/>
   <uri name="https://cdn.docbook.org/release/xsltng/current/xslt/modules/glossary.xsl"
         uri="../xslt/modules/glossary.xsl"/>
   <uri name="https://cdn.docbook.org/release/xsltng/1.8.1-SNAPSHOT/xslt/modules/glossary.xsl"
         uri="../xslt/modules/glossary.xsl"/>
   <uri name="https://cdn.docbook.org/release/xsltng/current/xslt/modules/inlines.xsl"
         uri="../xslt/modules/inlines.xsl"/>
   <uri name="https://cdn.docbook.org/release/xsltng/1.8.1-SNAPSHOT/xslt/modules/inlines.xsl"
         uri="../xslt/modules/inlines.xsl"/>
   <uri name="https://cdn.docbook.org/release/xsltng/current/xslt/modules/errors.xsl"
         uri="../xslt/modules/errors.xsl"/>
   <uri name="https://cdn.docbook.org/release/xsltng/1.8.1-SNAPSHOT/xslt/modules/errors.xsl"
         uri="../xslt/modules/errors.xsl"/>
   <uri name="https://cdn.docbook.org/release/xsltng/current/xslt/modules/variable.xsl"
         uri="../xslt/modules/variable.xsl"/>
   <uri name="https://cdn.docbook.org/release/xsltng/1.8.1-SNAPSHOT/xslt/modules/variable.xsl"
         uri="../xslt/modules/variable.xsl"/>
   <uri name="https://cdn.docbook.org/release/xsltng/current/xslt/modules/components.xsl"
         uri="../xslt/modules/components.xsl"/>
   <uri name="https://cdn.docbook.org/release/xsltng/1.8.1-SNAPSHOT/xslt/modules/components.xsl"
         uri="../xslt/modules/components.xsl"/>
   <uri name="https://cdn.docbook.org/release/xsltng/current/xslt/modules/templates.xml"
         uri="../xslt/modules/templates.xml"/>
   <uri name="https://cdn.docbook.org/release/xsltng/1.8.1-SNAPSHOT/xslt/modules/templates.xml"
         uri="../xslt/modules/templates.xml"/>
   <uri name="https://cdn.docbook.org/release/xsltng/current/xslt/modules/highlight.xsl"
         uri="../xslt/modules/highlight.xsl"/>
   <uri name="https://cdn.docbook.org/release/xsltng/1.8.1-SNAPSHOT/xslt/modules/highlight.xsl"
         uri="../xslt/modules/highlight.xsl"/>
   <uri name="https://cdn.docbook.org/release/xsltng/current/xslt/modules/info.xsl"
         uri="../xslt/modules/info.xsl"/>
   <uri name="https://cdn.docbook.org/release/xsltng/1.8.1-SNAPSHOT/xslt/modules/info.xsl"
         uri="../xslt/modules/info.xsl"/>
   <uri name="https://cdn.docbook.org/release/xsltng/current/xslt/modules/index.xsl"
         uri="../xslt/modules/index.xsl"/>
   <uri name="https://cdn.docbook.org/release/xsltng/1.8.1-SNAPSHOT/xslt/modules/index.xsl"
         uri="../xslt/modules/index.xsl"/>
   <uri name="https://cdn.docbook.org/release/xsltng/current/xslt/modules/templates.xsl"
         uri="../xslt/modules/templates.xsl"/>
   <uri name="https://cdn.docbook.org/release/xsltng/1.8.1-SNAPSHOT/xslt/modules/templates.xsl"
         uri="../xslt/modules/templates.xsl"/>
   <uri name="https://cdn.docbook.org/release/xsltng/current/xslt/modules/titlepage.xsl"
         uri="../xslt/modules/titlepage.xsl"/>
   <uri name="https://cdn.docbook.org/release/xsltng/1.8.1-SNAPSHOT/xslt/modules/titlepage.xsl"
         uri="../xslt/modules/titlepage.xsl"/>
   <uri name="https://cdn.docbook.org/release/xsltng/current/xslt/modules/chunk.xsl"
         uri="../xslt/modules/chunk.xsl"/>
   <uri name="https://cdn.docbook.org/release/xsltng/1.8.1-SNAPSHOT/xslt/modules/chunk.xsl"
         uri="../xslt/modules/chunk.xsl"/>
   <uri name="https://cdn.docbook.org/release/xsltng/current/xslt/modules/functions.xsl"
         uri="../xslt/modules/functions.xsl"/>
   <uri name="https://cdn.docbook.org/release/xsltng/1.8.1-SNAPSHOT/xslt/modules/functions.xsl"
         uri="../xslt/modules/functions.xsl"/>
   <uri name="https://cdn.docbook.org/release/xsltng/current/xslt/modules/tablehtml.xsl"
         uri="../xslt/modules/tablehtml.xsl"/>
   <uri name="https://cdn.docbook.org/release/xsltng/1.8.1-SNAPSHOT/xslt/modules/tablehtml.xsl"
         uri="../xslt/modules/tablehtml.xsl"/>
   <uri name="https://cdn.docbook.org/release/xsltng/current/xslt/modules/bibliography.xsl"
         uri="../xslt/modules/bibliography.xsl"/>
   <uri name="https://cdn.docbook.org/release/xsltng/1.8.1-SNAPSHOT/xslt/modules/bibliography.xsl"
         uri="../xslt/modules/bibliography.xsl"/>
   <uri name="https://cdn.docbook.org/release/xsltng/current/xslt/modules/toc.xsl"
         uri="../xslt/modules/toc.xsl"/>
   <uri name="https://cdn.docbook.org/release/xsltng/1.8.1-SNAPSHOT/xslt/modules/toc.xsl"
         uri="../xslt/modules/toc.xsl"/>
   <uri name="https://cdn.docbook.org/release/xsltng/current/xslt/modules/divisions.xsl"
         uri="../xslt/modules/divisions.xsl"/>
   <uri name="https://cdn.docbook.org/release/xsltng/1.8.1-SNAPSHOT/xslt/modules/divisions.xsl"
         uri="../xslt/modules/divisions.xsl"/>
   <uri name="https://cdn.docbook.org/release/xsltng/current/xslt/modules/unhandled.xsl"
         uri="../xslt/modules/unhandled.xsl"/>
   <uri name="https://cdn.docbook.org/release/xsltng/1.8.1-SNAPSHOT/xslt/modules/unhandled.xsl"
         uri="../xslt/modules/unhandled.xsl"/>
   <uri name="https://cdn.docbook.org/release/xsltng/current/xslt/modules/msgset.xsl"
         uri="../xslt/modules/msgset.xsl"/>
   <uri name="https://cdn.docbook.org/release/xsltng/1.8.1-SNAPSHOT/xslt/modules/msgset.xsl"
         uri="../xslt/modules/msgset.xsl"/>
   <uri name="https://cdn.docbook.org/release/xsltng/current/xslt/modules/shared.xsl"
         uri="../xslt/modules/shared.xsl"/>
   <uri name="https://cdn.docbook.org/release/xsltng/1.8.1-SNAPSHOT/xslt/modules/shared.xsl"
         uri="../xslt/modules/shared.xsl"/>
   <uri name="https://cdn.docbook.org/release/xsltng/current/xslt/modules/chunk-cleanup.xsl"
         uri="../xslt/modules/chunk-cleanup.xsl"/>
   <uri name="https://cdn.docbook.org/release/xsltng/1.8.1-SNAPSHOT/xslt/modules/chunk-cleanup.xsl"
         uri="../xslt/modules/chunk-cleanup.xsl"/>
   <uri name="https://cdn.docbook.org/release/xsltng/current/xslt/modules/space.xsl"
         uri="../xslt/modules/space.xsl"/>
   <uri name="https://cdn.docbook.org/release/xsltng/1.8.1-SNAPSHOT/xslt/modules/space.xsl"
         uri="../xslt/modules/space.xsl"/>
   <uri name="https://cdn.docbook.org/release/xsltng/current/xslt/modules/sections.xsl"
         uri="../xslt/modules/sections.xsl"/>
   <uri name="https://cdn.docbook.org/release/xsltng/1.8.1-SNAPSHOT/xslt/modules/sections.xsl"
         uri="../xslt/modules/sections.xsl"/>
   <uri name="https://cdn.docbook.org/release/xsltng/current/xslt/modules/verbatim.xsl"
         uri="../xslt/modules/verbatim.xsl"/>
   <uri name="https://cdn.docbook.org/release/xsltng/1.8.1-SNAPSHOT/xslt/modules/verbatim.xsl"
         uri="../xslt/modules/verbatim.xsl"/>
   <uri name="https://cdn.docbook.org/release/xsltng/current/xslt/modules/admonitions.xsl"
         uri="../xslt/modules/admonitions.xsl"/>
   <uri name="https://cdn.docbook.org/release/xsltng/1.8.1-SNAPSHOT/xslt/modules/admonitions.xsl"
         uri="../xslt/modules/admonitions.xsl"/>
   <uri name="https://cdn.docbook.org/release/xsltng/current/xslt/modules/footnotes.xsl"
         uri="../xslt/modules/footnotes.xsl"/>
   <uri name="https://cdn.docbook.org/release/xsltng/1.8.1-SNAPSHOT/xslt/modules/footnotes.xsl"
         uri="../xslt/modules/footnotes.xsl"/>
   <uri name="https://cdn.docbook.org/release/xsltng/current/xslt/modules/publishers.xsl"
         uri="../xslt/modules/publishers.xsl"/>
   <uri name="https://cdn.docbook.org/release/xsltng/1.8.1-SNAPSHOT/xslt/modules/publishers.xsl"
         uri="../xslt/modules/publishers.xsl"/>
   <uri name="https://cdn.docbook.org/release/xsltng/current/xslt/modules/units.xsl"
         uri="../xslt/modules/units.xsl"/>
   <uri name="https://cdn.docbook.org/release/xsltng/1.8.1-SNAPSHOT/xslt/modules/units.xsl"
         uri="../xslt/modules/units.xsl"/>
   <uri name="https://cdn.docbook.org/release/xsltng/current/xslt/modules/annotations.xsl"
         uri="../xslt/modules/annotations.xsl"/>
   <uri name="https://cdn.docbook.org/release/xsltng/1.8.1-SNAPSHOT/xslt/modules/annotations.xsl"
         uri="../xslt/modules/annotations.xsl"/>
   <uri name="https://cdn.docbook.org/release/xsltng/current/xslt/main.xsl"
         uri="../xslt/main.xsl"/>
   <uri name="https://cdn.docbook.org/release/xsltng/1.8.1-SNAPSHOT/xslt/main.xsl"
         uri="../xslt/main.xsl"/>
   <uri name="https://cdn.docbook.org/release/xsltng/current/xslt/olinkdb.xsl"
         uri="../xslt/olinkdb.xsl"/>
   <uri name="https://cdn.docbook.org/release/xsltng/1.8.1-SNAPSHOT/xslt/olinkdb.xsl"
         uri="../xslt/olinkdb.xsl"/>
   <uri name="https://cdn.docbook.org/release/xsltng/current/xslt/docbook.xsl"
         uri="../xslt/docbook.xsl"/>
   <uri name="https://cdn.docbook.org/release/xsltng/1.8.1-SNAPSHOT/xslt/docbook.xsl"
         uri="../xslt/docbook.xsl"/>
   <uri name="https://cdn.docbook.org/release/xsltng/current/xslt/param.xsl"
         uri="../xslt/param.xsl"/>
   <uri name="https://cdn.docbook.org/release/xsltng/1.8.1-SNAPSHOT/xslt/param.xsl"
         uri="../xslt/param.xsl"/>
   <uri name="https://cdn.docbook.org/release/xsltng/current/xslt/speaker-notes.xsl"
         uri="../xslt/speaker-notes.xsl"/>
   <uri name="https://cdn.docbook.org/release/xsltng/1.8.1-SNAPSHOT/xslt/speaker-notes.xsl"
         uri="../xslt/speaker-notes.xsl"/>
   <uri name="https://cdn.docbook.org/release/xsltng/current/resources/css/docbook-screen.css"
         uri="../resources/css/docbook-screen.css"/>
   <uri name="https://cdn.docbook.org/release/xsltng/1.8.1-SNAPSHOT/resources/css/docbook-screen.css"
         uri="../resources/css/docbook-screen.css"/>
   <uri name="https://cdn.docbook.org/release/xsltng/current/resources/css/highlight-11.6.0.min.css"
         uri="../resources/css/highlight-11.6.0.min.css"/>
   <uri name="https://cdn.docbook.org/release/xsltng/1.8.1-SNAPSHOT/resources/css/highlight-11.6.0.min.css"
         uri="../resources/css/highlight-11.6.0.min.css"/>
   <uri name="https://cdn.docbook.org/release/xsltng/current/resources/css/oxy-markup.css"
         uri="../resources/css/oxy-markup.css"/>
   <uri name="https://cdn.docbook.org/release/xsltng/1.8.1-SNAPSHOT/resources/css/oxy-markup.css"
         uri="../resources/css/oxy-markup.css"/>
   <uri name="https://cdn.docbook.org/release/xsltng/current/resources/css/speaker-notes.css"
         uri="../resources/css/speaker-notes.css"/>
   <uri name="https://cdn.docbook.org/release/xsltng/1.8.1-SNAPSHOT/resources/css/speaker-notes.css"
         uri="../resources/css/speaker-notes.css"/>
   <uri name="https://cdn.docbook.org/release/xsltng/current/resources/css/prism.css"
         uri="../resources/css/prism.css"/>
   <uri name="https://cdn.docbook.org/release/xsltng/1.8.1-SNAPSHOT/resources/css/prism.css"
         uri="../resources/css/prism.css"/>
   <uri name="https://cdn.docbook.org/release/xsltng/current/resources/css/docbook-page-setup.css"
         uri="../resources/css/docbook-page-setup.css"/>
   <uri name="https://cdn.docbook.org/release/xsltng/1.8.1-SNAPSHOT/resources/css/docbook-page-setup.css"
         uri="../resources/css/docbook-page-setup.css"/>
   <uri name="https://cdn.docbook.org/release/xsltng/current/resources/css/draft-right.svg"
         uri="../resources/css/draft-right.svg"/>
   <uri name="https://cdn.docbook.org/release/xsltng/1.8.1-SNAPSHOT/resources/css/draft-right.svg"
         uri="../resources/css/draft-right.svg"/>
   <uri name="https://cdn.docbook.org/release/xsltng/current/resources/css/docbook-toc.css"
         uri="../resources/css/docbook-toc.css"/>
   <uri name="https://cdn.docbook.org/release/xsltng/1.8.1-SNAPSHOT/resources/css/docbook-toc.css"
         uri="../resources/css/docbook-toc.css"/>
   <uri name="https://cdn.docbook.org/release/xsltng/current/resources/css/xlink.css"
         uri="../resources/css/xlink.css"/>
   <uri name="https://cdn.docbook.org/release/xsltng/1.8.1-SNAPSHOT/resources/css/xlink.css"
         uri="../resources/css/xlink.css"/>
   <uri name="https://cdn.docbook.org/release/xsltng/current/resources/css/docbook-paged.css"
         uri="../resources/css/docbook-paged.css"/>
   <uri name="https://cdn.docbook.org/release/xsltng/1.8.1-SNAPSHOT/resources/css/docbook-paged.css"
         uri="../resources/css/docbook-paged.css"/>
   <uri name="https://cdn.docbook.org/release/xsltng/current/resources/css/draft-left.svg"
         uri="../resources/css/draft-left.svg"/>
   <uri name="https://cdn.docbook.org/release/xsltng/1.8.1-SNAPSHOT/resources/css/draft-left.svg"
         uri="../resources/css/draft-left.svg"/>
   <uri name="https://cdn.docbook.org/release/xsltng/current/resources/css/docbook.css"
         uri="../resources/css/docbook.css"/>
   <uri name="https://cdn.docbook.org/release/xsltng/1.8.1-SNAPSHOT/resources/css/docbook.css"
         uri="../resources/css/docbook.css"/>
   <uri name="https://cdn.docbook.org/release/xsltng/current/resources/js/chunk-nav.js"
         uri="../resources/js/chunk-nav.js"/>
   <uri name="https://cdn.docbook.org/release/xsltng/1.8.1-SNAPSHOT/resources/js/chunk-nav.js"
         uri="../resources/js/chunk-nav.js"/>
   <uri name="https://cdn.docbook.org/release/xsltng/current/resources/js/persistent-toc.js"
         uri="../resources/js/persistent-toc.js"/>
   <uri name="https://cdn.docbook.org/release/xsltng/1.8.1-SNAPSHOT/resources/js/persistent-toc.js"
         uri="../resources/js/persistent-toc.js"/>
   <uri name="https://cdn.docbook.org/release/xsltng/current/resources/js/xlink.js"
         uri="../resources/js/xlink.js"/>
   <uri name="https://cdn.docbook.org/release/xsltng/1.8.1-SNAPSHOT/resources/js/xlink.js"
         uri="../resources/js/xlink.js"/>
   <uri name="https://cdn.docbook.org/release/xsltng/current/resources/js/highlight-11.6.0.min.js"
         uri="../resources/js/highlight-11.6.0.min.js"/>
   <uri name="https://cdn.docbook.org/release/xsltng/1.8.1-SNAPSHOT/resources/js/highlight-11.6.0.min.js"
         uri="../resources/js/highlight-11.6.0.min.js"/>
   <uri name="https://cdn.docbook.org/release/xsltng/current/resources/js/controls.js"
         uri="../resources/js/controls.js"/>
   <uri name="https://cdn.docbook.org/release/xsltng/1.8.1-SNAPSHOT/resources/js/controls.js"
         uri="../resources/js/controls.js"/>
   <uri name="https://cdn.docbook.org/release/xsltng/current/resources/js/prism.js"
         uri="../resources/js/prism.js"/>
   <uri name="https://cdn.docbook.org/release/xsltng/1.8.1-SNAPSHOT/resources/js/prism.js"
         uri="../resources/js/prism.js"/>
   <uri name="https://cdn.docbook.org/release/xsltng/current/resources/js/annotations.js"
         uri="../resources/js/annotations.js"/>
   <uri name="https://cdn.docbook.org/release/xsltng/1.8.1-SNAPSHOT/resources/js/annotations.js"
         uri="../resources/js/annotations.js"/>
</catalog>
