<locale language="bs" english-language-name="Bosnian">

<info xmlns="http://docbook.org/ns/docbook">
<authorgroup>
  <author><personname><firstname>Kemal</firstname><surname>&#352;kripi&#263;</surname></personname>
  <email>kemal.s@bih.net.ba</email>
          
  </author>
</authorgroup>
</info>

<gentext key="Abstract" text="Sa&#382;etak"/>
<gentext key="abstract" text="Sa&#382;etak"/>
<gentext key="Answer" text="O:"/>
<gentext key="answer" text="O:"/>
<gentext key="Appendix" text="Dodatak"/>
<gentext key="appendix" text="Dodatak"/>
<gentext key="Article" text="&#268;lanak"/>
<gentext key="article" text="&#268;lanak"/>
<gentext key="Bibliography" text="Literatura"/>
<gentext key="bibliography" text="Literatura"/>
<gentext key="Book" text="Knjiga"/>
<gentext key="book" text="Knjiga"/>
<gentext key="CAUTION" text="PA&#381;NJA"/>
<gentext key="Caution" text="Pa&#382;nja"/>
<gentext key="caution" text="Pa&#382;nja"/>
<gentext key="Chapter" text="Poglavlje"/>
<gentext key="chapter" text="Poglavlje"/>
<gentext key="Colophon" text="Kolofon"/>
<gentext key="colophon" text="Kolofon"/>
<gentext key="Copyright" text="Autorska prava"/>
<gentext key="copyright" text="Autorska prava"/>
<gentext key="Dedication" text="Posveta"/>
<gentext key="dedication" text="Posveta"/>
<gentext key="Edition" text="Izdanje"/>
<gentext key="edition" text="Izdanje"/>
<gentext key="Equation" text="Jedna&#269;ina"/>
<gentext key="equation" text="Jedna&#269;ina"/>
<gentext key="Example" text="Primjer"/>
<gentext key="example" text="Primjer"/>
<gentext key="Figure" text="Slika"/>
<gentext key="figure" text="Slika"/>
<gentext key="Glossary" text="Glosar"/>
<gentext key="glossary" text="Glosar"/>
<gentext key="GlossSee" text="Vidi"/>
<gentext key="glosssee" text="Vidi"/>
<gentext key="GlossSeeAlso" text="Vidi tako&#273;e"/>
<gentext key="glossseealso" text="Vidi tako&#273;e"/>
<gentext key="IMPORTANT" text="VA&#381;NO"/>
<gentext key="important" text="Va&#382;no"/>
<gentext key="Important" text="Va&#382;no"/>
<gentext key="Index" text="Indeks"/>
<gentext key="index" text="Indeks"/>
<gentext key="ISBN" text="ISBN"/>
<gentext key="isbn" text="ISBN"/>
<gentext key="LegalNotice" text="Pravne odredbe"/>
<gentext key="legalnotice" text="Pravne odredbe"/>
<gentext key="MsgAud" text="Primatelji"/>
<gentext key="msgaud" text="Primatelji"/>
<gentext key="MsgLevel" text="Nivo"/>
<gentext key="msglevel" text="Nivo"/>
<gentext key="MsgOrig" text="Izvor"/>
<gentext key="msgorig" text="Izvor"/>
<gentext key="NOTE" text="BILJE&#352;KA"/>
<gentext key="Note" text="Bilje&#353;ka"/>
<gentext key="note" text="Bilje&#353;ka"/>
<gentext key="Part" text="Dio"/>
<gentext key="part" text="Dio"/>
<gentext key="Preface" text="Predgovor"/>
<gentext key="preface" text="Predgovor"/>
<gentext key="Procedure" text="Postupak"/>
<gentext key="procedure" text="Postupak"/>
<gentext key="ProductionSet" text="Produkcija"/>
<gentext key="PubDate" text="Objavljeno"/>
<gentext key="pubdate" text="Objavljeno"/>
<gentext key="Published" text="Objavljeno"/>
<gentext key="published" text="Objavljeno"/>
<gentext key="Qandadiv" text="P &amp; O"/>
<gentext key="qandadiv" text="P &amp; O"/>
<gentext key="Question" text="P:"/>
<gentext key="question" text="P:"/>
<gentext key="RefEntry" text=""/>
<gentext key="refentry" text=""/>
<gentext key="Reference" text="Referenca"/>
<gentext key="reference" text="Referenca"/>
<gentext key="RefName" text="Ime"/>
<gentext key="refname" text="Ime"/>
<gentext key="RefSection" text=""/>
<gentext key="refsection" text=""/>
<gentext key="RefSynopsisDiv" text="Pregled"/>
<gentext key="refsynopsisdiv" text="Pregled"/>
<gentext key="RevHistory" text="Historija verzija"/>
<gentext key="revhistory" text="Historija verzija"/>
<gentext key="revision" text="Verzija"/>
<gentext key="Revision" text="Verzija"/>
<gentext key="sect1" text="Odjeljak"/>
<gentext key="sect2" text="Odjeljak"/>
<gentext key="sect3" text="Odjeljak"/>
<gentext key="sect4" text="Odjeljak"/>
<gentext key="sect5" text="Odjeljak"/>
<gentext key="section" text="Odjeljak"/>
<gentext key="Section" text="Odjeljak"/>
<gentext key="see" text="vidi"/>             
<gentext key="See" text="Vidi"/>
<gentext key="seealso" text="vidi tako&#273;e"/>    
<gentext key="Seealso" text="Vidi tako&#273;e"/>
<gentext key="SeeAlso" text="Vidi tako&#273;e"/>
<gentext key="set" text="Set"/>
<gentext key="Set" text="Set"/>
<gentext key="setindex" text="Indeks"/>
<gentext key="SetIndex" text="Indeks"/>
<gentext key="Sidebar" text=""/>
<gentext key="sidebar" text="sidebar"/> 
<gentext key="step" text="korak"/>
<gentext key="Step" text="Korak"/>
<gentext key="Table" text="Tabela"/>
<gentext key="table" text="Tabela"/>
<gentext key="tip" text="Savjet"/>
<gentext key="TIP" text="SAVJET"/>
<gentext key="Tip" text="Savjet"/>
<gentext key="Warning" text="Upozorenje"/>
<gentext key="warning" text="Upozorenje"/>
<gentext key="WARNING" text="UPOZORENJE"/>

<gentext key="and" text="i"/>
<gentext key="by" text="od"/>
<gentext key="called" text="called"/> 
<gentext key="Edited" text="Izdao"/>
<gentext key="edited" text="Izdao"/>
<gentext key="Editedby" text="Izdao"/>
<gentext key="editedby" text="Izdao"/>
<gentext key="in" text="u"/>
<gentext key="lastlistcomma" text=""/>
<gentext key="listcomma" text=","/>
<gentext key="notes" text="Bilje&#353;ke"/>
<gentext key="Notes" text="Bilje&#353;ke"/>
<gentext key="Pgs" text="Str."/>
<gentext key="pgs" text="Str."/>
<gentext key="Revisedby" text="Izmijenjeno od: "/>
<gentext key="revisedby" text="Izmijenjeno od: "/>
<gentext key="TableNotes" text="Napomene"/>
<gentext key="tablenotes" text="Napomene"/>
<gentext key="TableofContents" text="Sadr&#382;aj"/>
<gentext key="tableofcontents" text="Sadr&#382;aj"/>
<gentext key="the" text=""/>
<gentext key="unexpectedelementname" text="Neo&#269;kivano ime elementa"/>
<gentext key="unsupported" text="nepodr&#382;ano"/>
<gentext key="xrefto" text="xref prema"/>

<gentext key="listofequations" text="Spisak jedna&#269;ina"/>
<gentext key="ListofEquations" text="Spisak jedna&#269;ina"/>
<gentext key="ListofExamples" text="Spisak primjera"/>
<gentext key="listofexamples" text="Spisak primjera"/>
<gentext key="ListofFigures" text="Spisak slika"/>
<gentext key="listoffigures" text="Spisak slika"/>
<gentext key="ListofProcedures" text="Spisak postupaka"/>
<gentext key="listofprocedures" text="Spisak postupaka"/>
<gentext key="listoftables" text="Spisak tabela"/>
<gentext key="ListofTables" text="Spisak tabela"/>
<gentext key="ListofUnknown" text="Spisak ???"/>
<gentext key="listofunknown" text="Spisak ???"/>

<gentext key="nav-home" text="Po&#269;etak"/>
<gentext key="nav-next" text="Naprijed"/>
<gentext key="nav-next-sibling" text="Brzo naprijed"/>
<gentext key="nav-prev" text="Nazad"/>
<gentext key="nav-prev-sibling" text="Brzo nazad"/>
<gentext key="nav-up" text="Gore"/>
<gentext key="nav-toc" text="Sadr&#382;aj"/>

<gentext key="Draft" text="Nacrt"/>
<gentext key="above" text="iznad"/>
<gentext key="below" text="ispod"/>
<gentext key="sectioncalled" text="odjeljak sa nazivom"/>
<gentext key="index symbols" text="Simboli"/>
<gentext key="writing-mode" text="lr-tb"/>

<gentext key="lowercase.alpha" text="abc&#269;&#263;d&#273;efghijklmnoprs&#353;tuvz&#382;"/>
<gentext key="uppercase.alpha" text="ABC&#268;&#262;D&#272;EFGHIJKLMNOPRS&#352;TUVZ&#381;"/>

<dingbat key="startquote" text="&#8220;"/>
<dingbat key="endquote" text="&#8221;"/>
<dingbat key="nestedstartquote" text="&#8216;"/>
<dingbat key="nestedendquote" text="&#8217;"/>
<dingbat key="singlestartquote" text="&#8216;"/>
<dingbat key="singleendquote" text="&#8217;"/>
<dingbat key="bullet" text="&#8226;"/>


<gentext key="hyphenation-character" text="-"/>
<gentext key="hyphenation-push-character-count" text="2"/>
<gentext key="hyphenation-remain-character-count" text="3"/>

<context name="styles">

<template name="person-name">first-last</template>

</context>

<context name="title">

<template name="abstract">%t</template>
<template name="answer">%t</template>
<template name="appendix"><Appendix/>&#160;%n.&#160;%t</template>
<template name="article">%t</template>
<template name="authorblurb">%t</template>
<template name="bibliodiv">%t</template>
<template name="biblioentry">%t</template>
<template name="bibliography">%t</template>
<template name="bibliolist">%t</template>
<template name="bibliomixed">%t</template>
<template name="bibliomset">%t</template>
<template name="biblioset">%t</template>
<template name="blockquote">%t</template>
<template name="book">%t</template>
<template name="calloutlist">%t</template>
<template name="caution">%t</template>
<template name="chapter"><Chapter/>&#160;%n.&#160;%t</template>
<template name="colophon">%t</template>
<template name="dedication">%t</template>
<template name="equation"><Equation/>&#160;%n.&#160;%t</template>
<template name="example"><Example/>&#160;%n.&#160;%t</template>
<template name="figure"><Figure/>&#160;%n.&#160;%t</template>
<template name="formalpara">%t</template>
<template name="glossary">%t</template>
<template name="glossdiv">%t</template>
<template name="glosslist">%t</template>
<template name="glossentry">%t</template>
<template name="important">%t</template>
<template name="index">%t</template>
<template name="indexdiv">%t</template>
<template name="itemizedlist">%t</template>
<template name="legalnotice">%t</template>
<template name="listitem"/>
<template name="lot">%t</template>
<template name="msg">%t</template>
<template name="msgexplan">%t</template>
<template name="msgmain">%t</template>
<template name="msgrel">%t</template>
<template name="msgset">%t</template>
<template name="msgsub">%t</template>
<template name="note">%t</template>
<template name="orderedlist">%t</template>
<template name="part"><Part/>&#160;%n.&#160;%t</template>
<template name="partintro">%t</template>
<template name="preface">%t</template>
<template name="procedure">%t</template>
<template name="procedure.formal"><Procedure/>&#160;%n.&#160;%t</template>
<template name="productionset">%t</template>
<template name="productionset.formal"><ProductionSet/>&#160;%n</template>
<template name="qandadiv">%t</template>
<template name="qandaentry">%t</template>
<template name="qandaset">%t</template>
<template name="question">%t</template>
<template name="refentry">%t</template>
<template name="reference">%t</template>
<template name="refsection">%t</template>
<template name="refsect1">%t</template>
<template name="refsect2">%t</template>
<template name="refsect3">%t</template>
<template name="refsynopsisdiv">%t</template>
<template name="refsynopsisdivinfo">%t</template>
<template name="segmentedlist">%t</template>
<template name="set">%t</template>
<template name="setindex">%t</template>
<template name="sidebar">%t</template>
<template name="step">%t</template>
<template name="table"><Table/>&#160;%n.&#160;%t</template>
<template name="task">%t</template>
<template name="tip">%t</template>
<template name="toc">%t</template>
<template name="variablelist">%t</template>
<template name="varlistentry"/>
<template name="warning">%t</template>

</context>

<context name="title-unnumbered">

<template name="appendix">%t</template>
<template name="article/appendix">%t</template>
<template name="bridgehead">%t</template>
<template name="chapter">%t</template>
<template name="sect1">%t</template>
<template name="sect2">%t</template>
<template name="sect3">%t</template>
<template name="sect4">%t</template>
<template name="sect5">%t</template>
<template name="section">%t</template>
<template name="simplesect">%t</template>

</context>

<context name="title-numbered">

<template name="appendix"><Appendix/>&#160;%n.&#160;%t</template>
<template name="article/appendix">%n.&#160;%t</template>
<template name="bridgehead">%n.&#160;%t</template>
<template name="chapter"><Chapter/>&#160;%n.&#160;%t</template>
<template name="part"><Part/>&#160;%n.&#160;%t</template>
<template name="sect1">%n.&#160;%t</template>
<template name="sect2">%n.&#160;%t</template>
<template name="sect3">%n.&#160;%t</template>
<template name="sect4">%n.&#160;%t</template>
<template name="sect5">%n.&#160;%t</template>
<template name="section">%n.&#160;%t</template>
<template name="simplesect">%t</template>

</context>

<context name="subtitle">

<template name="appendix">%s</template>
<template name="article">%s</template>
<template name="bibliodiv">%s</template>
<template name="biblioentry">%s</template>
<template name="bibliography">%s</template>
<template name="bibliomixed">%s</template>
<template name="bibliomset">%s</template>
<template name="biblioset">%s</template>
<template name="book">%s</template>
<template name="chapter">%s</template>
<template name="colophon">%s</template>
<template name="dedication">%s</template>
<template name="glossary">%s</template>
<template name="glossdiv">%s</template>
<template name="index">%s</template>
<template name="indexdiv">%s</template>
<template name="lot">%s</template>
<template name="part">%s</template>
<template name="partintro">%s</template>
<template name="preface">%s</template>
<template name="refentry">%s</template>
<template name="reference">%s</template>
<template name="refsection">%s</template>
<template name="refsect1">%s</template>
<template name="refsect2">%s</template>
<template name="refsect3">%s</template>
<template name="refsynopsisdiv">%s</template>
<template name="sect1">%s</template>
<template name="sect2">%s</template>
<template name="sect3">%s</template>
<template name="sect4">%s</template>
<template name="sect5">%s</template>
<template name="section">%s</template>
<template name="set">%s</template>
<template name="setindex">%s</template>
<template name="sidebar">%s</template>
<template name="simplesect">%s</template>
<template name="toc">%s</template>

</context>

<context name="xref">
<template name="abstract">%t</template>
<template name="answer"><Answer/>&#160;%n</template>
<template name="appendix">%t</template>
<template name="article">%t</template>
<template name="authorblurb">%t</template>
<template name="bibliodiv">%t</template>
<template name="bibliography">%t</template>
<template name="bibliomset">%t</template>
<template name="biblioset">%t</template>
<template name="blockquote">%t</template>
<template name="book">%t</template>
<template name="calloutlist">%t</template>
<template name="caution">%t</template>
<template name="chapter">%t</template>
<template name="colophon">%t</template>
<template name="constraintdef">%t</template>
<template name="dedication">%t</template>
<template name="equation">%t</template>
<template name="example">%t</template>
<template name="figure">%t</template>
<template name="formalpara">%t</template>
<template name="glossary">%t</template>
<template name="glossdiv">%t</template>
<template name="important">%t</template>
<template name="index">%t</template>
<template name="indexdiv">%t</template>
<template name="itemizedlist">%t</template>
<template name="legalnotice">%t</template>
<template name="listitem">%n</template>
<template name="lot">%t</template>
<template name="msg">%t</template>
<template name="msgexplan">%t</template>
<template name="msgmain">%t</template>
<template name="msgrel">%t</template>
<template name="msgset">%t</template>
<template name="msgsub">%t</template>
<template name="note">%t</template>
<template name="orderedlist">%t</template>
<template name="part">%t</template>
<template name="partintro">%t</template>
<template name="preface">%t</template>
<template name="procedure">%t</template>
<template name="productionset">%t</template>
<template name="qandadiv">%t</template>
<template name="qandaentry"><Question/>&#160;%n</template>
<template name="qandaset">%t</template>
<template name="question"><Question/>&#160;%n</template>
<template name="reference">%t</template>
<template name="refsynopsisdiv">%t</template>
<template name="segmentedlist">%t</template>
<template name="set">%t</template>
<template name="setindex">%t</template>
<template name="sidebar">%t</template>
<template name="table">%t</template>
<template name="tip">%t</template>
<template name="toc">%t</template>
<template name="variablelist">%t</template>
<template name="varlistentry">%n</template>
<template name="warning">%t</template>
<template name="olink.document.citation"> u %o</template>
<template name="olink.page.citation"> (strana %p)</template>
<template name="page.citation"> [%p]</template>
<template name="page">(strana %p)</template>
<template name="docname"> u %o</template>
<template name="docnamelong"> u dokumentu sa naslovom %o</template>
<template name="pageabbrev">(s. %p)</template>
<template name="Page">Strana %p</template>

<template name="bridgehead"><sectioncalled/> <startquote/>%t<endquote/></template>
<template name="refsection"><sectioncalled/> <startquote/>%t<endquote/></template>
<template name="refsect1"><sectioncalled/> <startquote/>%t<endquote/></template>
<template name="refsect2"><sectioncalled/> <startquote/>%t<endquote/></template>
<template name="refsect3"><sectioncalled/> <startquote/>%t<endquote/></template>
<template name="sect1"><sectioncalled/> <startquote/>%t<endquote/></template>
<template name="sect2"><sectioncalled/> <startquote/>%t<endquote/></template>
<template name="sect3"><sectioncalled/> <startquote/>%t<endquote/></template>
<template name="sect4"><sectioncalled/> <startquote/>%t<endquote/></template>
<template name="sect5"><sectioncalled/> <startquote/>%t<endquote/></template>
<template name="section"><sectioncalled/> <startquote/>%t<endquote/></template>
<template name="simplesect"><sectioncalled/> <startquote/>%t<endquote/></template>

</context>

<context name="xref-number">

<template name="answer"><Answer/>&#160;%n</template>
<template name="appendix"><Appendix/>&#160;%n</template>
<template name="bridgehead"><Section/>&#160;%n</template>
<template name="chapter"><Chapter/>&#160;%n</template>
<template name="equation"><Equation/>&#160;%n</template>
<template name="example"><Example/>&#160;%n</template>
<template name="figure"><Figure/>&#160;%n</template>
<template name="part"><Part/>&#160;%n</template>
<template name="procedure"><Procedure/>&#160;%n</template>
<template name="productionset"><ProductionSet/>&#160;%n</template>
<template name="qandadiv"><Qandadiv/>&#160;%n</template>
<template name="qandaentry"><Question/>&#160;%n</template>
<template name="question"><Question/>&#160;%n</template>
<template name="sect1"><Section/>&#160;%n</template>
<template name="sect2"><Section/>&#160;%n</template>
<template name="sect3"><Section/>&#160;%n</template>
<template name="sect4"><Section/>&#160;%n</template>
<template name="sect5"><Section/>&#160;%n</template>
<template name="section"><Section/>&#160;%n</template>
<template name="table"><Table/>&#160;%n</template>

</context>

<context name="xref-number-and-title">

<template name="appendix"><Appendix/>&#160;%n, %t</template>
<template name="bridgehead"><Section/>&#160;%n, <startquote/>%t<endquote/></template>
<template name="chapter"><Chapter/>&#160;%n, %t</template>
<template name="equation"><Equation/>&#160;%n, <startquote/>%t<endquote/></template>
<template name="example"><Example/>&#160;%n, <startquote/>%t<endquote/></template>
<template name="figure"><Figure/>&#160;%n, <startquote/>%t<endquote/></template>
<template name="part"><Part/>&#160;%n, <startquote/>%t<endquote/></template>
<template name="procedure"><Procedure/>&#160;%n, <startquote/>%t<endquote/></template>
<template name="productionset"><ProductionSet/>&#160;%n, <startquote/>%t<endquote/></template>
<template name="qandadiv"><Qandadiv/>&#160;%n, <startquote/>%t<endquote/></template>
<template name="refsect1"><sectioncalled/> <startquote/>%t<endquote/></template>
<template name="refsect2"><sectioncalled/> <startquote/>%t<endquote/></template>
<template name="refsect3"><sectioncalled/> <startquote/>%t<endquote/></template>
<template name="refsection"><sectioncalled/> <startquote/>%t<endquote/></template>
<template name="sect1"><Section/>&#160;%n, <startquote/>%t<endquote/></template>
<template name="sect2"><Section/>&#160;%n, <startquote/>%t<endquote/></template>
<template name="sect3"><Section/>&#160;%n, <startquote/>%t<endquote/></template>
<template name="sect4"><Section/>&#160;%n, <startquote/>%t<endquote/></template>
<template name="sect5"><Section/>&#160;%n, <startquote/>%t<endquote/></template>
<template name="section"><Section/>&#160;%n, <startquote/>%t<endquote/></template>
<template name="simplesect"><sectioncalled/> <startquote/>%t<endquote/></template>
<template name="table"><Table/>&#160;%n, <startquote/>%t<endquote/></template>

</context>

<context name="authorgroup">
<template name="sep"><listcomma/> </template>
<template name="sep2"> <and/> </template>
<template name="seplast"><lastlistcomma/> <and/> </template>
</context>

<context name="glossary">
<template name="see"><GlossSee/> %t.</template>
<template name="seealso"><GlossSeeAlso/> %t.</template>
<template name="seealso-separator">, </template>
</context>

<context name="msgset">
<template name="MsgAud"><MsgAud/>: </template>
<template name="MsgLevel"><MsgLevel/>: </template>
<template name="MsgOrig"><MsgOrig/>: </template>
</context>

<context name="datetime">
<template name="format">d.m.Y</template>
</context>

<context name="datetime-full">
<template name="January">Januar</template>
<template name="February">Februar</template>
<template name="March">Mart</template>
<template name="April">April</template>
<template name="May">Maj</template>
<template name="June">Juni</template>
<template name="July">Juli</template>
<template name="August">August</template>
<template name="September">Septembar</template>
<template name="October">Oktobar</template>
<template name="November">Novembar</template>
<template name="December">Decembar</template>
<template name="Monday">Ponedeljak</template>
<template name="Tuesday">Utorak</template>
<template name="Wednesday">Srijeda</template>
<template name="Thursday">&#268;etvrtak</template>
<template name="Friday">Petak</template>
<template name="Saturday">Subota</template>
<template name="Sunday">Nedelja</template>
</context>

<context name="datetime-abbrev">
<template name="Jan">Jan</template>
<template name="Feb">Feb</template>
<template name="Mar">Mar</template>
<template name="Apr">Apr</template>
<template name="May">Maj</template>
<template name="Jun">Jun</template>
<template name="Jul">Jul</template>
<template name="Aug">Aug</template>
<template name="Sep">Sep</template>
<template name="Oct">Okt</template>
<template name="Nov">Nov</template>
<template name="Dec">Dec</template>
<template name="Mon">Pon</template>
<template name="Tue">Uto</template>
<template name="Wed">Sri</template>
<template name="Thu">&#268;et</template>
<template name="Fri">Pet</template>
<template name="Sat">Sub</template>
<template name="Sun">Ned</template>
</context>

<context name="htmlhelp">
<template name="langcode">0x141A Bosnian (Bosnia/Herzegovina)</template>
</context>

<letters>
  <l i="-1"/>
  <l i="0">Simboli</l>
  <l i="10">A</l>
  <l i="10">a</l>
  <l i="20">B</l>
  <l i="20">b</l>
  <l i="30">C</l>
  <l i="30">c</l>
  <l i="30">&#262;</l>
  <l i="30">&#263;</l>
  <l i="30">&#268;</l>
  <l i="30">&#269;</l>
  <l i="40">D</l>
  <l i="40">d</l>
  <l i="40">&#272;</l>
  <l i="40">&#273;</l>
  <l i="50">E</l>
  <l i="50">e</l>
  <l i="60">F</l>
  <l i="60">f</l>
  <l i="70">G</l>
  <l i="70">g</l>
  <l i="80">H</l>
  <l i="80">h</l>
  <l i="90">I</l>
  <l i="90">i</l>
  <l i="100">J</l>
  <l i="100">j</l>
  <l i="110">K</l>
  <l i="110">k</l>
  <l i="120">L</l>
  <l i="120">l</l>
  <l i="130">M</l>
  <l i="130">m</l>
  <l i="140">N</l>
  <l i="140">n</l>
  <l i="150">O</l>
  <l i="150">o</l>
  <l i="160">P</l>
  <l i="160">p</l>
  <l i="180">R</l>
  <l i="180">r</l>
  <l i="190">S</l>
  <l i="190">s</l>
  <l i="190">&#352;</l>
  <l i="190">&#353;</l>
  <l i="200">T</l>
  <l i="200">t</l>
  <l i="210">U</l>
  <l i="210">u</l>
  <l i="220">V</l>
  <l i="220">v</l>
  <l i="260">Z</l>
  <l i="260">z</l>
  <l i="260">&#381;</l>
  <l i="260">&#382;</l>
</letters>

</locale>