<locale language="gu" english-language-name="Gujarati">

<info xmlns="http://docbook.org/ns/docbook">
<authorgroup>
  <author><personname><firstname>Bernd</firstname><surname>Groh</surname></personname>
  <email>bgroh@redhat.com</email>
          
  </author>
  <author><personname><firstname>Ankit</firstname><surname>Patel</surname></personname>
  <email>ankit@redhat.com</email>
          
  </author>
</authorgroup>
</info>

<gentext key="Abstract" text="&#2744;&#2750;&#2736;"/>
<gentext key="abstract" text="&#2744;&#2750;&#2736;"/>
<gentext key="Answer" text="&#2716;:"/>
<gentext key="answer" text="&#2716;:"/>
<gentext key="Appendix" text="&#2730;&#2736;&#2751;&#2742;&#2751;&#2743;&#2765;&#2719;"/>
<gentext key="appendix" text="&#2730;&#2736;&#2751;&#2742;&#2751;&#2743;&#2765;&#2719;"/>
<gentext key="Article" text="&#2738;&#2759;&#2710;"/>
<gentext key="article" text="&#2738;&#2759;&#2710;"/>
<gentext key="Author" text="Author"/>
<gentext key="Bibliography" text="&#2744;&#2690;&#2726;&#2736;&#2765;&#2733;&#2711;&#2765;&#2736;&#2690;&#2725;"/>
<gentext key="bibliography" text="&#2744;&#2690;&#2726;&#2736;&#2765;&#2733;&#2711;&#2765;&#2736;&#2690;&#2725;"/>
<gentext key="Book" text="&#2730;&#2753;&#2744;&#2765;&#2724;&#2709;"/>
<gentext key="book" text="&#2730;&#2753;&#2744;&#2765;&#2724;&#2709;"/>
<gentext key="CAUTION" text="&#2744;&#2750;&#2741;&#2727;&#2750;&#2728;"/>
<gentext key="Caution" text="&#2744;&#2750;&#2741;&#2727;&#2750;&#2728;"/>
<gentext key="caution" text="&#2744;&#2750;&#2741;&#2727;&#2750;&#2728;"/>
<gentext key="Chapter" text="&#2730;&#2765;&#2736;&#2709;&#2736;&#2723;"/>
<gentext key="chapter" text="&#2730;&#2765;&#2736;&#2709;&#2736;&#2723;"/>
<gentext key="Colophon" text="&#2711;&#2765;&#2736;&#2690;&#2725;&#2730;&#2736;&#2751;&#2714;&#2735;"/>
<gentext key="colophon" text="&#2711;&#2765;&#2736;&#2690;&#2725;&#2730;&#2736;&#2751;&#2714;&#2735;"/>
<gentext key="Copyright" text="Copyright"/>
<gentext key="copyright" text="Copyright"/>
<gentext key="Dedication" text="&#2744;&#2734;&#2736;&#2765;&#2730;&#2723;"/>
<gentext key="dedication" text="&#2744;&#2734;&#2736;&#2765;&#2730;&#2723;"/>
<gentext key="Edition" text="&#2730;&#2765;&#2736;&#2709;&#2750;&#2742;&#2728;"/>
<gentext key="edition" text="&#2730;&#2765;&#2736;&#2709;&#2750;&#2742;&#2728;"/>
<gentext key="Equation" text="&#2744;&#2734;&#2752;&#2709;&#2736;&#2723;"/>
<gentext key="equation" text="&#2744;&#2734;&#2752;&#2709;&#2736;&#2723;"/>
<gentext key="Example" text="&#2697;&#2726;&#2750;&#2745;&#2736;&#2723;"/>
<gentext key="example" text="&#2697;&#2726;&#2750;&#2745;&#2736;&#2723;"/>
<gentext key="Figure" text="&#2694;&#2709;&#2755;&#2724;&#2751;"/>
<gentext key="figure" text="&#2694;&#2709;&#2755;&#2724;&#2751;"/>
<gentext key="Glossary" text="&#2742;&#2732;&#2765;&#2726;&#2750;&#2741;&#2738;&#2752;"/>
<gentext key="glossary" text="&#2742;&#2732;&#2765;&#2726;&#2750;&#2741;&#2738;&#2752;"/>
<gentext key="GlossSee" text="&#2716;&#2753;&#2707;"/>
<gentext key="glosssee" text="&#2716;&#2753;&#2707;"/>
<gentext key="GlossSeeAlso" text="&#2694;&#2730;&#2723;&#2716;&#2753;&#2707;"/>
<gentext key="glossseealso" text="&#2694;&#2730;&#2723;&#2716;&#2753;&#2707;"/>
<gentext key="IMPORTANT" text="&#2734;&#2745;&#2724;&#2765;&#2741;&#2728;&#2753;&#2690;"/>
<gentext key="important" text="&#2734;&#2745;&#2724;&#2765;&#2741;&#2728;&#2753;&#2690;"/>
<gentext key="Important" text="&#2734;&#2745;&#2724;&#2765;&#2741;&#2728;&#2753;&#2690;"/>
<gentext key="Index" text="&#2693;&#2728;&#2753;&#2709;&#2765;&#2736;&#2734;&#2723;&#2751;&#2709;&#2750;"/>
<gentext key="index" text="&#2693;&#2728;&#2753;&#2709;&#2765;&#2736;&#2734;&#2723;&#2751;&#2709;&#2750;"/>
<gentext key="ISBN" text="ISBN"/>
<gentext key="isbn" text="ISBN"/>
<gentext key="LegalNotice" text="&#2734;&#2750;&#2728;&#2765;&#2735;&#2744;&#2754;&#2714;&#2728;"/>
<gentext key="legalnotice" text="&#2734;&#2750;&#2728;&#2765;&#2735;&#2744;&#2754;&#2714;&#2728;"/>
<gentext key="MsgAud" text="&#2742;&#2765;&#2736;&#2763;&#2724;&#2750;"/>
<gentext key="msgaud" text="&#2742;&#2765;&#2736;&#2763;&#2724;&#2750;"/>
<gentext key="MsgLevel" text="&#2744;&#2765;&#2724;&#2736;"/>
<gentext key="msglevel" text="&#2744;&#2765;&#2724;&#2736;"/>
<gentext key="MsgOrig" text="&#2734;&#2754;&#2739;"/>
<gentext key="msgorig" text="&#2734;&#2754;&#2739;"/>
<gentext key="NOTE" text="&#2728;&#2763;&#2690;&#2727;"/>
<gentext key="Note" text="&#2728;&#2763;&#2690;&#2727;"/>
<gentext key="note" text="&#2728;&#2763;&#2690;&#2727;"/>
<gentext key="Part" text="&#2733;&#2750;&#2711;"/>
<gentext key="part" text="&#2733;&#2750;&#2711;"/>
<gentext key="Preface" text="&#2730;&#2765;&#2736;&#2744;&#2765;&#2724;&#2750;&#2741;&#2728;&#2750;"/>
<gentext key="preface" text="&#2730;&#2765;&#2736;&#2744;&#2765;&#2724;&#2750;&#2741;&#2728;&#2750;"/>
<gentext key="Procedure" text="&#2730;&#2765;&#2736;&#2709;&#2765;&#2736;&#2751;&#2735;&#2750;"/>
<gentext key="procedure" text="&#2730;&#2765;&#2736;&#2709;&#2765;&#2736;&#2751;&#2735;&#2750;"/>
<gentext key="ProductionSet" text="&#2697;&#2724;&#2765;&#2730;&#2750;&#2726;&#2728;"/>
<gentext key="PubDate" text="Publication Date"/>
<gentext key="pubdate" text="Publication date"/>
<gentext key="Published" text="&#2730;&#2765;&#2736;&#2709;&#2750;&#2742;&#2751;&#2724;"/>
<gentext key="published" text="&#2730;&#2765;&#2736;&#2709;&#2750;&#2742;&#2751;&#2724;"/>
<gentext key="Qandadiv" text="Q &amp; A"/>
<gentext key="qandadiv" text="Q &amp; A"/>
<gentext key="Question" text="&#2744;:"/>
<gentext key="question" text="&#2744;:"/>
<gentext key="RefEntry" text=""/>
<gentext key="refentry" text=""/>
<gentext key="Reference" text="&#2744;&#2690;&#2726;&#2736;&#2765;&#2733;"/>
<gentext key="reference" text="&#2744;&#2690;&#2726;&#2736;&#2765;&#2733;"/>
<gentext key="RefName" text="&#2728;&#2750;&#2734;"/>
<gentext key="refname" text="&#2728;&#2750;&#2734;"/>
<gentext key="RefSection" text=""/>
<gentext key="refsection" text=""/>
<gentext key="RefSynopsisDiv" text="&#2744;&#2750;&#2736;&#2750;&#2690;&#2742;"/>
<gentext key="refsynopsisdiv" text="&#2744;&#2750;&#2736;&#2750;&#2690;&#2742;"/>
<gentext key="RevHistory" text="&#2730;&#2753;&#2728;&#2736;&#2750;&#2741;&#2736;&#2765;&#2724;&#2728;&#2696;&#2724;&#2751;&#2745;&#2750;&#2744;"/>
<gentext key="revhistory" text="&#2730;&#2753;&#2728;&#2736;&#2750;&#2741;&#2736;&#2765;&#2724;&#2728;&#2696;&#2724;&#2751;&#2745;&#2750;&#2744;"/>
<gentext key="revision" text="&#2730;&#2753;&#2728;&#2736;&#2750;&#2741;&#2736;&#2765;&#2724;&#2728;"/>
<gentext key="Revision" text="&#2730;&#2753;&#2728;&#2736;&#2750;&#2741;&#2736;&#2765;&#2724;&#2728;"/>
<gentext key="sect1" text="&#2741;&#2751;&#2733;&#2750;&#2711;"/>
<gentext key="sect2" text="&#2741;&#2751;&#2733;&#2750;&#2711;"/>
<gentext key="sect3" text="&#2741;&#2751;&#2733;&#2750;&#2711;"/>
<gentext key="sect4" text="&#2741;&#2751;&#2733;&#2750;&#2711;"/>
<gentext key="sect5" text="&#2741;&#2751;&#2733;&#2750;&#2711;"/>
<gentext key="section" text="&#2741;&#2751;&#2733;&#2750;&#2711;"/>
<gentext key="Section" text="&#2741;&#2751;&#2733;&#2750;&#2711;"/>
<gentext key="see" text="&#2716;&#2753;&#2707;"/>             
<gentext key="See" text="&#2716;&#2753;&#2707;"/>
<gentext key="seealso" text="&#2730;&#2723;&#2716;&#2753;&#2707;"/>    
<gentext key="Seealso" text="&#2694;&#2730;&#2723;&#2716;&#2753;&#2707;"/>
<gentext key="SeeAlso" text="&#2694;&#2730;&#2723;&#2716;&#2753;&#2707;"/>
<gentext key="set" text="&#2744;&#2753;&#2735;&#2763;&#2716;&#2751;&#2724;&#2709;&#2736;&#2763;"/>
<gentext key="Set" text="&#2744;&#2753;&#2735;&#2763;&#2716;&#2751;&#2724;&#2709;&#2736;&#2763;"/>
<gentext key="setindex" text="&#2693;&#2728;&#2753;&#2709;&#2765;&#2736;&#2734;&#2723;&#2751;&#2709;&#2750;&#2744;&#2753;&#2735;&#2763;&#2716;&#2751;&#2724;&#2709;&#2736;&#2763;"/>
<gentext key="SetIndex" text="&#2693;&#2728;&#2753;&#2709;&#2765;&#2736;&#2734;&#2723;&#2751;&#2709;&#2750;&#2744;&#2753;&#2735;&#2763;&#2716;&#2751;&#2724;&#2709;&#2736;&#2763;"/>
<gentext key="Sidebar" text=""/>
<gentext key="sidebar" text="&#2732;&#2750;&#2716;&#2753;&#2741;&#2750;&#2739;&#2752;&#2730;&#2719;&#2765;&#2719;&#2752;"/>
<gentext key="step" text="&#2730;&#2711;&#2738;&#2753;&#2690;"/>
<gentext key="Step" text="&#2730;&#2711;&#2738;&#2753;&#2690;"/>
<gentext key="Table" text="&#2709;&#2763;&#2743;&#2765;&#2719;&#2709;"/>
<gentext key="table" text="&#2709;&#2763;&#2743;&#2765;&#2719;&#2709;"/>
<gentext key="tip" text="&#2734;&#2726;&#2726;"/>
<gentext key="TIP" text="&#2734;&#2726;&#2726;"/>
<gentext key="Tip" text="&#2734;&#2726;&#2726;"/>
<gentext key="Warning" text="&#2714;&#2759;&#2724;&#2741;&#2723;&#2752;"/>
<gentext key="warning" text="&#2714;&#2759;&#2724;&#2741;&#2723;&#2752;"/>
<gentext key="WARNING" text="&#2714;&#2759;&#2724;&#2741;&#2723;&#2752;"/>

<gentext key="and" text="&#2693;&#2728;&#2759;"/>
<gentext key="by" text="by"/>
<gentext key="called" text="called"/>
<gentext key="Edited" text="&#2731;&#2759;&#2736;&#2731;&#2750;&#2736;&#2725;&#2735;&#2759;&#2738;&#2715;&#2759;"/>
<gentext key="edited" text="&#2731;&#2759;&#2736;&#2731;&#2750;&#2736;&#2725;&#2735;&#2759;&#2738;&#2715;&#2759;"/>
<gentext key="Editedby" text="&#2726;&#2765;&#2741;&#2750;&#2736;&#2750;&#2731;&#2759;&#2736;&#2731;&#2750;&#2736;&#2725;&#2735;&#2759;&#2738;&#2715;&#2759;"/>
<gentext key="editedby" text="&#2726;&#2765;&#2741;&#2750;&#2736;&#2750;&#2731;&#2759;&#2736;&#2731;&#2750;&#2736;&#2725;&#2735;&#2759;&#2738;&#2715;&#2759;"/>
<gentext key="in" text="&#2693;&#2690;&#2726;&#2736;"/>
<gentext key="lastlistcomma" text=","/>
<gentext key="listcomma" text=","/>
<gentext key="notes" text="&#2728;&#2763;&#2690;&#2727;&#2763;"/>
<gentext key="Notes" text="&#2728;&#2763;&#2690;&#2727;&#2763;"/>
<gentext key="Pgs" text="&#2730;&#2750;&#2728;&#2750;&#2690;&#2707;"/>
<gentext key="pgs" text="&#2730;&#2750;&#2728;&#2750;&#2690;&#2707;"/>
<gentext key="Revisedby" text="&#2726;&#2765;&#2741;&#2750;&#2736;&#2750;&#2730;&#2753;&#2728;&#2736;&#2750;&#2741;&#2736;&#2765;&#2724;&#2728;&#2725;&#2735;&#2759;&#2738;:"/>
<gentext key="revisedby" text="&#2726;&#2765;&#2741;&#2750;&#2736;&#2750;&#2730;&#2753;&#2728;&#2736;&#2750;&#2741;&#2736;&#2765;&#2724;&#2728;&#2725;&#2735;&#2759;&#2738;:"/>
<gentext key="TableNotes" text="&#2728;&#2763;&#2690;&#2727;&#2763;"/>
<gentext key="tablenotes" text="&#2728;&#2763;&#2690;&#2727;&#2763;"/>
<gentext key="TableofContents" text="&#2741;&#2751;&#2743;&#2735;&#2744;&#2753;&#2714;&#2752;&#2709;&#2763;&#2743;&#2765;&#2719;&#2709;"/>
<gentext key="tableofcontents" text="&#2741;&#2751;&#2743;&#2735;&#2744;&#2753;&#2714;&#2752;&#2709;&#2763;&#2743;&#2765;&#2719;&#2709;"/>
<gentext key="the" text=""/>
<gentext key="unexpectedelementname" text="&#2693;&#2728;&#2751;&#2714;&#2765;&#2715;&#2728;&#2751;&#2735;&#2744;&#2733;&#2765;&#2735;&#2728;&#2750;&#2734;"/>
<gentext key="unsupported" text="&#2732;&#2751;&#2728;&#2694;&#2727;&#2750;&#2736;&#2733;&#2754;&#2724;"/>
<gentext key="xrefto" text="xrefto"/>

<gentext key="listofequations" text="&#2744;&#2734;&#2752;&#2709;&#2736;&#2723;&#2763;&#2728;&#2752;&#2735;&#2750;&#2726;&#2752;"/>
<gentext key="ListofEquations" text="&#2744;&#2734;&#2752;&#2709;&#2736;&#2723;&#2763;&#2728;&#2752;&#2735;&#2750;&#2726;&#2752;"/>
<gentext key="ListofExamples" text="&#2697;&#2726;&#2750;&#2745;&#2736;&#2723;&#2763;&#2728;&#2752;&#2735;&#2750;&#2726;&#2752;"/>
<gentext key="listofexamples" text="&#2697;&#2726;&#2750;&#2745;&#2736;&#2723;&#2763;&#2728;&#2752;&#2735;&#2750;&#2726;&#2752;"/>
<gentext key="ListofFigures" text="&#2694;&#2709;&#2755;&#2724;&#2751;&#2707;&#2728;&#2752;&#2735;&#2750;&#2726;&#2752;"/>
<gentext key="listoffigures" text="&#2694;&#2709;&#2755;&#2724;&#2751;&#2707;&#2728;&#2752;&#2735;&#2750;&#2726;&#2752;"/>
<gentext key="ListofProcedures" text="&#2730;&#2765;&#2736;&#2709;&#2765;&#2736;&#2751;&#2735;&#2750;&#2707;&#2728;&#2752;&#2735;&#2750;&#2726;&#2752;"/>
<gentext key="listofprocedures" text="&#2730;&#2765;&#2736;&#2709;&#2765;&#2736;&#2751;&#2735;&#2750;&#2707;&#2728;&#2752;&#2735;&#2750;&#2726;&#2752;"/>
<gentext key="listoftables" text="&#2709;&#2763;&#2743;&#2765;&#2719;&#2709;&#2763;&#2728;&#2752;&#2735;&#2750;&#2726;&#2752;"/>
<gentext key="ListofTables" text="&#2709;&#2763;&#2743;&#2765;&#2719;&#2709;&#2763;&#2728;&#2752;&#2735;&#2750;&#2726;&#2752;"/>
<gentext key="ListofUnknown" text="&#2693;&#2716;&#2750;&#2723;&#2763;&#2728;&#2752;&#2735;&#2750;&#2726;&#2752;"/>
<gentext key="listofunknown" text="&#2693;&#2716;&#2750;&#2723;&#2763;&#2728;&#2752;&#2735;&#2750;&#2726;&#2752;"/>

<gentext key="nav-home" text="&#2712;&#2736;"/>
<gentext key="nav-next" text="&#2694;&#2711;&#2739;&#2741;&#2727;&#2763;"/>
<gentext key="nav-next-sibling" text="&#2717;&#2721;&#2730;&#2752;&#2694;&#2711;&#2739;&#2727;&#2730;&#2750;&#2741;&#2763;"/>
<gentext key="nav-prev" text="&#2730;&#2745;&#2759;&#2738;&#2750;&#2728;&#2753;&#2690;"/>
<gentext key="nav-prev-sibling" text="&#2717;&#2721;&#2730;&#2752;&#2730;&#2750;&#2715;&#2739;&#2727;&#2730;&#2750;&#2741;&#2763;"/>
<gentext key="nav-up" text="&#2697;&#2730;&#2736;"/>
<gentext key="nav-toc" text="ToC"/>

<gentext key="Draft" text="&#2721;&#2765;&#2736;&#2750;&#2731;&#2765;&#2719;"/>
<gentext key="above" text="&#2697;&#2730;&#2736;"/>
<gentext key="below" text="&#2728;&#2752;&#2714;&#2759;"/>
<gentext key="sectioncalled" text="&#2732;&#2763;&#2738;&#2750;&#2741;&#2750;&#2735;&#2759;&#2738;&#2741;&#2751;&#2733;&#2750;&#2711;"/>
<gentext key="index symbols" text="Symbols"/>
<gentext key="writing-mode" text="lr-tb"/>

<gentext key="lowercase.alpha" text="&#2709;&#2710;&#2711;&#2712;&#2714;&#2715;&#2716;&#2717;&#2719;&#2720;&#2721;&#2722;&#2728;&#2723;&#2735;&#2736;&#2738;&#2741;&#2744;&#2742;&#2743;&#2745;"/>
<gentext key="uppercase.alpha" text="&#2709;&#2710;&#2711;&#2712;&#2714;&#2715;&#2716;&#2717;&#2719;&#2720;&#2721;&#2722;&#2728;&#2723;&#2735;&#2736;&#2738;&#2741;&#2744;&#2742;&#2743;&#2745;"/>

<dingbat key="startquote" text="&#8220;"/>
<dingbat key="endquote" text="&#8221;"/>
<dingbat key="nestedstartquote" text="&#8216;"/>
<dingbat key="nestedendquote" text="&#8217;"/>
<dingbat key="singlestartquote" text="&#8216;"/>
<dingbat key="singleendquote" text="&#8217;"/>
<dingbat key="bullet" text="&#8226;"/>


<gentext key="hyphenation-character" text="-"/>
<gentext key="hyphenation-push-character-count" text="2"/>
<gentext key="hyphenation-remain-character-count" text="2"/>

<context name="styles">

<template name="person-name">first-last</template>

</context>

<context name="title">

<template name="abstract">%t</template>
<template name="answer">%t</template>
<template name="appendix"><Appendix/>&#160;%n.&#160;%t</template>
<template name="article">%t</template>
<template name="authorblurb">%t</template>
<template name="bibliodiv">%t</template>
<template name="biblioentry">%t</template>
<template name="bibliography">%t</template>
<template name="bibliolist">%t</template>
<template name="bibliomixed">%t</template>
<template name="bibliomset">%t</template>
<template name="biblioset">%t</template>
<template name="blockquote">%t</template>
<template name="book">%t</template>
<template name="calloutlist">%t</template>
<template name="caution">%t</template>
<template name="chapter"><Chapter/>&#160;%n.&#160;%t</template>
<template name="colophon">%t</template>
<template name="dedication">%t</template>
<template name="equation"><Equation/>&#160;%n.&#160;%t</template>
<template name="example"><Example/>&#160;%n.&#160;%t</template>
<template name="figure"><Figure/>&#160;%n.&#160;%t</template>
<template name="foil">%t</template>	
<template name="foilgroup">%t</template>  
<template name="formalpara">%t</template>
<template name="glossary">%t</template>
<template name="glossdiv">%t</template>
<template name="glosslist">%t</template>
<template name="glossentry">%t</template>
<template name="important">%t</template>
<template name="index">%t</template>
<template name="indexdiv">%t</template>
<template name="itemizedlist">%t</template>
<template name="legalnotice">%t</template>
<template name="listitem"/>
<template name="lot">%t</template>
<template name="msg">%t</template>
<template name="msgexplan">%t</template>
<template name="msgmain">%t</template>
<template name="msgrel">%t</template>
<template name="msgset">%t</template>
<template name="msgsub">%t</template>
<template name="note">%t</template>
<template name="orderedlist">%t</template>
<template name="part"><Part/>&#160;%n.&#160;%t</template>
<template name="partintro">%t</template>
<template name="preface">%t</template>
<template name="procedure">%t</template>
<template name="procedure.formal"><Procedure/>&#160;%n.&#160;%t</template>
<template name="productionset">%t</template>
<template name="productionset.formal"><ProductionSet/>&#160;%n</template>
<template name="qandadiv">%t</template>
<template name="qandaentry">%t</template>
<template name="qandaset">%t</template>
<template name="question">%t</template>
<template name="refentry">%t</template>
<template name="reference">%t</template>
<template name="refsection">%t</template>
<template name="refsect1">%t</template>
<template name="refsect2">%t</template>
<template name="refsect3">%t</template>
<template name="refsynopsisdiv">%t</template>
<template name="refsynopsisdivinfo">%t</template>
<template name="segmentedlist">%t</template>
<template name="set">%t</template>
<template name="setindex">%t</template>
<template name="sidebar">%t</template>
<template name="step">%t</template>
<template name="table"><Table/>&#160;%n.&#160;%t</template>
<template name="task">%t</template>
<template name="tip">%t</template>
<template name="toc">%t</template>
<template name="variablelist">%t</template>
<template name="varlistentry"/>
<template name="warning">%t</template>

</context>

<context name="title-unnumbered">

<template name="appendix">%t</template>
<template name="article/appendix">%t</template>
<template name="bridgehead">%t</template>
<template name="chapter">%t</template>
<template name="sect1">%t</template>
<template name="sect2">%t</template>
<template name="sect3">%t</template>
<template name="sect4">%t</template>
<template name="sect5">%t</template>
<template name="section">%t</template>
<template name="simplesect">%t</template>

</context>

<context name="title-numbered">

<template name="appendix"><Appendix/>&#160;%n.&#160;%t</template>
<template name="article/appendix">%n.&#160;%t</template>
<template name="bridgehead">%n.&#160;%t</template>
<template name="chapter"><Chapter/>&#160;%n.&#160;%t</template>
<template name="part"><Part/>&#160;%n.&#160;%t</template>
<template name="sect1">%n.&#160;%t</template>
<template name="sect2">%n.&#160;%t</template>
<template name="sect3">%n.&#160;%t</template>
<template name="sect4">%n.&#160;%t</template>
<template name="sect5">%n.&#160;%t</template>
<template name="section">%n.&#160;%t</template>
<template name="simplesect">%t</template>

</context>

<context name="subtitle">

<template name="appendix">%s</template>
<template name="article">%s</template>
<template name="bibliodiv">%s</template>
<template name="biblioentry">%s</template>
<template name="bibliography">%s</template>
<template name="bibliomixed">%s</template>
<template name="bibliomset">%s</template>
<template name="biblioset">%s</template>
<template name="book">%s</template>
<template name="chapter">%s</template>
<template name="colophon">%s</template>
<template name="dedication">%s</template>
<template name="glossary">%s</template>
<template name="glossdiv">%s</template>
<template name="index">%s</template>
<template name="indexdiv">%s</template>
<template name="lot">%s</template>
<template name="part">%s</template>
<template name="partintro">%s</template>
<template name="preface">%s</template>
<template name="refentry">%s</template>
<template name="reference">%s</template>
<template name="refsection">%s</template>
<template name="refsect1">%s</template>
<template name="refsect2">%s</template>
<template name="refsect3">%s</template>
<template name="refsynopsisdiv">%s</template>
<template name="sect1">%s</template>
<template name="sect2">%s</template>
<template name="sect3">%s</template>
<template name="sect4">%s</template>
<template name="sect5">%s</template>
<template name="section">%s</template>
<template name="set">%s</template>
<template name="setindex">%s</template>
<template name="sidebar">%s</template>
<template name="simplesect">%s</template>
<template name="toc">%s</template>

</context>

<context name="xref">
<template name="abstract">%t</template>
<template name="answer"><Answer/>&#160;%n</template>
<template name="appendix">%t</template>
<template name="article">%t</template>
<template name="authorblurb">%t</template>
<template name="bibliodiv">%t</template>
<template name="bibliography">%t</template>
<template name="bibliomset">%t</template>
<template name="biblioset">%t</template>
<template name="blockquote">%t</template>
<template name="book">%t</template>
<template name="calloutlist">%t</template>
<template name="caution">%t</template>
<template name="chapter">%t</template>
<template name="colophon">%t</template>
<template name="constraintdef">%t</template>
<template name="dedication">%t</template>
<template name="equation">%t</template>
<template name="example">%t</template>
<template name="figure">%t</template>
<template name="foil">%t</template>	
<template name="foilgroup">%t</template> 
<template name="formalpara">%t</template>
<template name="glossary">%t</template>
<template name="glossdiv">%t</template>
<template name="important">%t</template>
<template name="index">%t</template>
<template name="indexdiv">%t</template>
<template name="itemizedlist">%t</template>
<template name="legalnotice">%t</template>
<template name="listitem">%n</template>
<template name="lot">%t</template>
<template name="msg">%t</template>
<template name="msgexplan">%t</template>
<template name="msgmain">%t</template>
<template name="msgrel">%t</template>
<template name="msgset">%t</template>
<template name="msgsub">%t</template>
<template name="note">%t</template>
<template name="orderedlist">%t</template>
<template name="part">%t</template>
<template name="partintro">%t</template>
<template name="preface">%t</template>
<template name="procedure">%t</template>
<template name="productionset">%t</template>
<template name="qandadiv">%t</template>
<template name="qandaentry"><Question/>&#160;%n</template>
<template name="qandaset">%t</template>
<template name="question"><Question/>&#160;%n</template>
<template name="reference">%t</template>
<template name="refsynopsisdiv">%t</template>
<template name="segmentedlist">%t</template>
<template name="set">%t</template>
<template name="setindex">%t</template>
<template name="sidebar">%t</template>
<template name="table">%t</template>
<template name="tip">%t</template>
<template name="toc">%t</template>
<template name="variablelist">%t</template>
<template name="varlistentry">%n</template>
<template name="warning">%t</template>
<template name="olink.document.citation"> in %o</template>
<template name="olink.page.citation"> (page %p)</template>
<template name="page.citation"> [%p]</template>
<template name="page">(page %p)</template>
<template name="docname"> in %o</template>
<template name="docnamelong"> in the document titled %o</template>
<template name="pageabbrev">(p. %p)</template>
<template name="Page">Page %p</template>

<template name="bridgehead"><sectioncalled/> <startquote/>%t<endquote/></template>
<template name="refsection"><sectioncalled/> <startquote/>%t<endquote/></template>
<template name="refsect1"><sectioncalled/> <startquote/>%t<endquote/></template>
<template name="refsect2"><sectioncalled/> <startquote/>%t<endquote/></template>
<template name="refsect3"><sectioncalled/> <startquote/>%t<endquote/></template>
<template name="sect1"><sectioncalled/> <startquote/>%t<endquote/></template>
<template name="sect2"><sectioncalled/> <startquote/>%t<endquote/></template>
<template name="sect3"><sectioncalled/> <startquote/>%t<endquote/></template>
<template name="sect4"><sectioncalled/> <startquote/>%t<endquote/></template>
<template name="sect5"><sectioncalled/> <startquote/>%t<endquote/></template>
<template name="section"><sectioncalled/> <startquote/>%t<endquote/></template>
<template name="simplesect"><sectioncalled/> <startquote/>%t<endquote/></template>

</context>

<context name="xref-number">

<template name="answer"><Answer/>&#160;%n</template>
<template name="appendix"><Appendix/>&#160;%n</template>
<template name="bridgehead"><Section/>&#160;%n</template>
<template name="chapter"><Chapter/>&#160;%n</template>
<template name="equation"><Equation/>&#160;%n</template>
<template name="example"><Example/>&#160;%n</template>
<template name="figure"><Figure/>&#160;%n</template>
<template name="part"><Part/>&#160;%n</template>
<template name="procedure"><Procedure/>&#160;%n</template>
<template name="productionset"><ProductionSet/>&#160;%n</template>
<template name="qandadiv"><Qandadiv/>&#160;%n</template>
<template name="qandaentry"><Question/>&#160;%n</template>
<template name="question"><Question/>&#160;%n</template>
<template name="sect1"><Section/>&#160;%n</template>
<template name="sect2"><Section/>&#160;%n</template>
<template name="sect3"><Section/>&#160;%n</template>
<template name="sect4"><Section/>&#160;%n</template>
<template name="sect5"><Section/>&#160;%n</template>
<template name="section"><Section/>&#160;%n</template>
<template name="table"><Table/>&#160;%n</template>

</context>

<context name="xref-number-and-title">

<template name="appendix"><Appendix/>&#160;%n, %t</template>
<template name="bridgehead"><Section/>&#160;%n, <startquote/>%t<endquote/></template>
<template name="chapter"><Chapter/>&#160;%n, %t</template>
<template name="equation"><Equation/>&#160;%n, <startquote/>%t<endquote/></template>
<template name="example"><Example/>&#160;%n, <startquote/>%t<endquote/></template>
<template name="figure"><Figure/>&#160;%n, <startquote/>%t<endquote/></template>
<template name="part"><Part/>&#160;%n, <startquote/>%t<endquote/></template>
<template name="procedure"><Procedure/>&#160;%n, <startquote/>%t<endquote/></template>
<template name="productionset"><ProductionSet/>&#160;%n, <startquote/>%t<endquote/></template>
<template name="qandadiv"><Qandadiv/>&#160;%n, <startquote/>%t<endquote/></template>
<template name="refsect1"><sectioncalled/> <startquote/>%t<endquote/></template>
<template name="refsect2"><sectioncalled/> <startquote/>%t<endquote/></template>
<template name="refsect3"><sectioncalled/> <startquote/>%t<endquote/></template>
<template name="refsection"><sectioncalled/> <startquote/>%t<endquote/></template>
<template name="sect1"><Section/>&#160;%n, <startquote/>%t<endquote/></template>
<template name="sect2"><Section/>&#160;%n, <startquote/>%t<endquote/></template>
<template name="sect3"><Section/>&#160;%n, <startquote/>%t<endquote/></template>
<template name="sect4"><Section/>&#160;%n, <startquote/>%t<endquote/></template>
<template name="sect5"><Section/>&#160;%n, <startquote/>%t<endquote/></template>
<template name="section"><Section/>&#160;%n, <startquote/>%t<endquote/></template>
<template name="simplesect"><sectioncalled/> <startquote/>%t<endquote/></template>
<template name="table"><Table/>&#160;%n, <startquote/>%t<endquote/></template>

</context>

<context name="authorgroup">
<template name="sep"><listcomma/> </template>
<template name="sep2"> <and/> </template>
<template name="seplast"><lastlistcomma/> <and/> </template>
</context>

<context name="glossary">
<template name="see"><GlossSee/> %t.</template>
<template name="seealso"><GlossSeeAlso/> %t.</template>
<template name="seealso-separator">, </template>
</context>

<context name="msgset">
<template name="MsgAud"><MsgAud/>: </template>
<template name="MsgLevel"><MsgLevel/>: </template>
<template name="MsgOrig"><MsgOrig/>: </template>
</context>

<context name="datetime">
<template name="format">m/d/Y</template>
</context>

<context name="termdef">
<template name="prefix">[Definition: </template>
<template name="suffix">]</template>
</context>

<context name="datetime-full">
<template name="January">January</template>
<template name="February">February</template>
<template name="March">March</template>
<template name="April">April</template>
<template name="May">May</template>
<template name="June">June</template>
<template name="July">July</template>
<template name="August">August</template>
<template name="September">September</template>
<template name="October">October</template>
<template name="November">November</template>
<template name="December">December</template>
<template name="Monday">Monday</template>
<template name="Tuesday">Tuesday</template>
<template name="Wednesday">Wednesday</template>
<template name="Thursday">Thursday</template>
<template name="Friday">Friday</template>
<template name="Saturday">Saturday</template>
<template name="Sunday">Sunday</template>
</context>

<context name="datetime-abbrev">
<template name="Jan">Jan</template>
<template name="Feb">Feb</template>
<template name="Mar">Mar</template>
<template name="Apr">Apr</template>
<template name="May">May</template>
<template name="Jun">Jun</template>
<template name="Jul">Jul</template>
<template name="Aug">Aug</template>
<template name="Sep">Sep</template>
<template name="Oct">Oct</template>
<template name="Nov">Nov</template>
<template name="Dec">Dec</template>
<template name="Mon">Mon</template>
<template name="Tue">Tue</template>
<template name="Wed">Wed</template>
<template name="Thu">Thu</template>
<template name="Fri">Fri</template>
<template name="Sat">Sat</template>
<template name="Sun">Sun</template>
</context>

<context name="htmlhelp">
<template name="langcode">0x0447 Gujarati</template>
</context>

</locale>