<locale language="ko" english-language-name="Korean">

<info xmlns="http://docbook.org/ns/docbook">
<authorgroup>
  <author><personname><firstname>Park</firstname><surname>Yong Joo</surname></personname>
  <email>yongjoo@kldp.org</email>
          
  </author>
</authorgroup>
</info>

<gentext key="Abstract" text="&#52488;&#47197;"/>
<gentext key="abstract" text="&#52488;&#47197;"/>
<gentext key="Answer" text="&#45813;&#48320;"/>
<gentext key="answer" text="&#45813;&#48320;"/>
<gentext key="Appendix" text="&#48512;&#47197;"/>
<gentext key="appendix" text="&#48512;&#47197;"/>
<gentext key="Article" text="&#47928;&#49436;"/>
<gentext key="article" text="&#47928;&#49436;"/>
<gentext key="Bibliography" text="&#49436;&#51648;&#49324;&#54637;"/>
<gentext key="bibliography" text="&#49436;&#51648;&#49324;&#54637;"/>
<gentext key="Book" text="&#52293;"/>
<gentext key="book" text="&#52293;"/>
<gentext key="Caution" text="&#44221;&#44256;"/>
<gentext key="caution" text="&#44221;&#44256;"/>
<gentext key="CAUTION" text="[&#44221;&#44256;]"/>
<gentext key="Chapter" text="&#51109;"/>
<gentext key="chapter" text="&#51109;"/>
<gentext key="Colophon" text="&#54032;&#44428;"/>
<gentext key="colophon" text="&#54032;&#44428;"/>
<gentext key="Copyright" text="&#51200;&#51089;&#44428;"/>
<gentext key="copyright" text="&#51200;&#51089;&#44428;"/>
<gentext key="Dedication" text="&#48148;&#52824;&#45716; &#44544;"/>
<gentext key="dedication" text="&#48148;&#52824;&#45716; &#44544;"/>
<gentext key="Edition" text="&#50670;&#51020;"/>
<gentext key="edition" text="&#50670;&#51020;"/>
<gentext key="Equation" text="&#49688;&#49885;"/>
<gentext key="equation" text="&#49688;&#49885;"/>
<gentext key="Example" text="&#50696;"/>
<gentext key="example" text="&#50696;"/>
<gentext key="Figure" text="&#44536;&#47548;"/>
<gentext key="figure" text="&#44536;&#47548;"/>
<gentext key="Glossary" text="&#50857;&#50612;&#54644;&#49444;"/>
<gentext key="glossary" text="&#50857;&#50612;&#54644;&#49444;"/>
<gentext key="GlossSee" text="&#49332;&#54196;&#48380; &#45236;&#50857;"/>
<gentext key="glosssee" text="&#49332;&#54196;&#48380; &#45236;&#50857;"/>
<gentext key="GlossSeeAlso" text="&#45796;&#47480; &#49332;&#54196;&#48380; &#45236;&#50857;"/>
<gentext key="glossseealso" text="&#45796;&#47480; &#49332;&#54196;&#48380; &#45236;&#50857;"/>
<gentext key="Important" text="&#51473;&#50836;"/>
<gentext key="important" text="&#51473;&#50836;"/>
<gentext key="IMPORTANT" text="[&#51473;&#50836;]"/>
<gentext key="Index" text="&#49353;&#51064;"/>
<gentext key="index" text="&#49353;&#51064;"/>
<gentext key="ISBN" text="ISBN"/>
<gentext key="isbn" text="ISBN"/>
<gentext key="LegalNotice" text="&#48277;&#51201; &#44277;&#51648;"/>
<gentext key="legalnotice" text="&#48277;&#51201; &#44277;&#51648;"/>
<gentext key="MsgAud" text="&#48155;&#45716; &#51060;"/>
<gentext key="msgaud" text="&#48155;&#45716; &#51060;"/>
<gentext key="MsgLevel" text="&#51473;&#50836;&#46020;"/>
<gentext key="msglevel" text="&#51473;&#50836;&#46020;"/>
<gentext key="MsgOrig" text="&#48372;&#45236;&#45716; &#51060;"/>
<gentext key="msgorig" text="&#48372;&#45236;&#45716; &#51060;"/>
<gentext key="Note" text="&#52280;&#44256;"/>
<gentext key="note" text="&#52280;&#44256;"/>
<gentext key="NOTE" text="[&#52280;&#44256;]"/>
<gentext key="Part" text="&#48512;"/>
<gentext key="part" text="&#48512;"/>
<gentext key="Preface" text="&#49436;&#47928;"/>
<gentext key="preface" text="&#49436;&#47928;"/>
<gentext key="Procedure" text="&#51208;&#52264;"/>
<gentext key="procedure" text="&#51208;&#52264;"/>
<gentext key="ProductionSet" text="Production"/> 
<gentext key="Published" text="&#54196;&#45252;"/>
<gentext key="published" text="&#54196;&#45252;"/>
<gentext key="Qandadiv" text="&#51656;&#47928;&#44536;&#47532;&#44256;&#45813;&#48320;"/>
<gentext key="qandadiv" text="&#51656;&#47928;&#44536;&#47532;&#44256;&#45813;&#48320;"/>
<gentext key="Question" text="&#51656;&#47928;"/>
<gentext key="question" text="&#51656;&#47928;"/>
<gentext key="RefEntry" text=""/>
<gentext key="refentry" text=""/>
<gentext key="Reference" text="&#52280;&#44256;&#47928;&#54732;"/>
<gentext key="reference" text="&#52280;&#44256;&#47928;&#54732;"/>
<gentext key="RefName" text="&#51228;&#47785;"/>
<gentext key="refname" text="&#51228;&#47785;"/>
<gentext key="RefSection" text=""/>
<gentext key="refsection" text=""/>
<gentext key="RefSynopsisDiv" text="&#50836;&#50557;"/>
<gentext key="refsynopsisdiv" text="&#50836;&#50557;"/>
<gentext key="RevHistory" text="&#44256;&#52828; &#44284;&#51221;"/>
<gentext key="revhistory" text="&#44256;&#52828; &#44284;&#51221;"/>
<gentext key="Revision" text="&#44256;&#52840;"/>
<gentext key="revision" text="&#44256;&#52840;"/>
<gentext key="sect1" text="Section"/> 
<gentext key="sect2" text="Section"/> 
<gentext key="sect3" text="Section"/> 
<gentext key="sect4" text="Section"/> 
<gentext key="sect5" text="Section"/> 
<gentext key="Section" text="&#51208;"/>
<gentext key="section" text="&#51208;"/>
<gentext key="See" text="&#49332;&#54196;&#48380; &#45236;&#50857;"/>
<gentext key="see" text="&#49332;&#54196;&#48380; &#45236;&#50857;"/>
<gentext key="Seealso" text="&#49332;&#54196;&#48380; &#45796;&#47480; &#45236;&#50857;"/>
<gentext key="SeeAlso" text="[&#49332;&#54196;&#48380; &#45796;&#47480; &#45236;&#50857;]"/>
<gentext key="seealso" text="[&#49332;&#54196;&#48380; &#45796;&#47480; &#45236;&#50857;]"/>
<gentext key="Set" text="&#51204;&#51665;"/>
<gentext key="set" text="&#51204;&#51665;"/>
<gentext key="SetIndex" text="&#51204;&#51665; &#49353;&#51064;"/>
<gentext key="setindex" text="&#51204;&#51665; &#49353;&#51064;"/>
<gentext key="Sidebar" text=""/>
<gentext key="sidebar" text="&#45927;&#48537;&#51076;"/>
<gentext key="Step" text="&#45800;&#44228;"/>
<gentext key="step" text="&#45800;&#44228;"/>
<gentext key="Table" text="&#54364;"/>
<gentext key="table" text="&#54364;"/>
<gentext key="Tip" text="&#51089;&#51008; &#51221;&#48372;"/>
<gentext key="tip" text="&#51089;&#51008; &#51221;&#48372;"/>
<gentext key="TIP" text="[&#51089;&#51008; &#51221;&#48372;]"/>
<gentext key="WARNING" text="&#51452;&#51032;!"/>
<gentext key="Warning" text="&#51452;&#51032;"/>
<gentext key="warning" text="&#51452;&#51032;"/>

<gentext key="and" text="&#44536;&#47532;&#44256;"/>
<gentext key="by" text="&#51648;&#51008;&#51060;"/>
<gentext key="Edited" text="&#50670;&#51020;"/>
<gentext key="edited" text="&#50670;&#51020;"/>
<gentext key="Editedby" text="&#50670;&#51008;&#51060;"/>
<gentext key="editedby" text="&#50670;&#51008;&#51060;"/>
<gentext key="in" text="-"/>
<gentext key="lastlistcomma" text=","/>
<gentext key="listcomma" text=","/>
<gentext key="notes" text="&#51452;&#49437;"/>
<gentext key="Notes" text="&#51452;&#49437;"/>
<gentext key="Pgs" text="Pgs."/>
<gentext key="pgs" text="Pgs."/>
<gentext key="Revisedby" text="&#44256;&#52828;&#51060; "/>
<gentext key="revisedby" text="&#44256;&#52828;&#51060; "/>
<gentext key="TableNotes" text="&#52280;&#44256;"/>
<gentext key="tablenotes" text="&#52280;&#44256;"/>
<gentext key="TableofContents" text="&#52264;&#47168;"/>
<gentext key="tableofcontents" text="&#52264;&#47168;"/>
<gentext key="unexpectedelementname" text="&#50508; &#49688; &#50630;&#45716; &#44592;&#52488;&#50836;&#49548; &#51060;&#47492;&#51077;&#45768;&#45796;"/>
<gentext key="unsupported" text="&#51648;&#50896;&#46104;&#51648; &#50506;&#49845;&#45768;&#45796;"/>
<gentext key="xrefto" text="&#51060; &#44275;&#51012; &#52280;&#51312;&#54616;&#49464;&#50836; : "/>

<gentext key="listofequations" text="&#49688;&#49885; &#47785;&#47197;"/>
<gentext key="ListofEquations" text="&#49688;&#49885; &#47785;&#47197;"/>
<gentext key="ListofExamples" text="&#50696; &#47785;&#47197;"/>
<gentext key="listofexamples" text="&#50696; &#47785;&#47197;"/>
<gentext key="ListofFigures" text="&#44536;&#47548; &#47785;&#47197;"/>
<gentext key="listoffigures" text="&#44536;&#47548; &#47785;&#47197;"/>
<gentext key="listoftables" text="&#54364; &#47785;&#47197;"/>
<gentext key="ListofTables" text="&#54364; &#47785;&#47197;"/>
<gentext key="ListofUnknown" text="&#44592;&#53440; &#47785;&#47197;"/>
<gentext key="listofunknown" text="&#44592;&#53440; &#47785;&#47197;"/>

<gentext key="nav-home" text="&#52376;&#51020;&#51004;&#47196;"/>
<gentext key="nav-next" text="&#45796;&#51020;"/>
<gentext key="nav-next-sibling" text="&#45796;&#51020;&#51004;&#47196; &#44148;&#45320;&#46848;"/>
<gentext key="nav-prev" text="&#51060;&#51204;"/>
<gentext key="nav-prev-sibling" text="&#51060;&#51204;&#51004;&#47196; &#44148;&#45320;&#46848;"/>
<gentext key="nav-up" text="&#50948;&#47196;"/>

<gentext key="sectioncalled" text="the section called"/> 
<gentext key="Draft" text="Draft"/> 
<gentext key="above" text="above"/> 
<gentext key="below" text="below"/> 
<gentext key="index symbols" text="Symbols"/> 
<gentext key="writing-mode" text="lr-tb"/>

<dingbat key="startquote" text="&#8220;"/>
<dingbat key="endquote" text="&#8221;"/>
<dingbat key="nestedstartquote" text="&#8216;"/>
<dingbat key="nestedendquote" text="&#8217;"/>
<dingbat key="bullet" text="&#8226;"/>

<context name="styles">

<template name="person-name">first-last</template>

</context>

<context name="title">

<template name="abstract">%t</template>
<template name="answer">%t</template>
<template name="appendix"><Appendix/> %n. %t</template>
<template name="article">%t</template>
<template name="authorblurb">%t</template>
<template name="bibliodiv">%t</template>
<template name="biblioentry">%t</template>
<template name="bibliography">%t</template>
<template name="bibliolist">%t</template>
<template name="bibliomixed">%t</template>
<template name="bibliomset">%t</template>
<template name="biblioset">%t</template>
<template name="blockquote">%t</template>
<template name="book">%t</template>
<template name="calloutlist">%t</template>
<template name="caution">%t</template>
<template name="chapter">%n<Chapter/>. %t</template>
<template name="colophon">%t</template>
<template name="dedication">%t</template>
<template name="equation"><Equation/> %n. %t</template>
<template name="example"><Example/> %n. %t</template>
<template name="figure"><Figure/> %n. %t</template>
<template name="foil">%t</template>	
<template name="foilgroup">%t</template>  
<template name="formalpara">%t</template>
<template name="glossary">%t</template>
<template name="glossdiv">%t</template>
<template name="glosslist">%t</template>
<template name="glossentry">%t</template>
<template name="important">%t</template>
<template name="index">%t</template>
<template name="indexdiv">%t</template>
<template name="itemizedlist">%t</template>
<template name="legalnotice">%t</template>
<template name="listitem"/>
<template name="lot">%t</template>
<template name="msg">%t</template>
<template name="msgexplan">%t</template>
<template name="msgmain">%t</template>
<template name="msgrel">%t</template>
<template name="msgset">%t</template>
<template name="msgsub">%t</template>
<template name="note">%t</template>
<template name="orderedlist">%t</template>
<template name="part">%n<Part/>. %t</template>
<template name="partintro">%t</template>
<template name="preface">%t</template>
<template name="procedure">%t</template>
<template name="procedure.formal"><Procedure/>&#160;%n.&#160;%t</template>
<template name="productionset">%t</template>
<template name="productionset.formal"><ProductionSet/>&#160;%n</template>
<template name="qandadiv">%t</template>
<template name="qandaentry">%t</template>
<template name="qandaset">%t</template>
<template name="question">%t</template>
<template name="refentry">%t</template>
<template name="reference">%t</template>
<template name="refsection">%t</template>
<template name="refsect1">%t</template>
<template name="refsect2">%t</template>
<template name="refsect3">%t</template>
<template name="refsynopsisdiv">%t</template>
<template name="refsynopsisdivinfo">%t</template>
<template name="segmentedlist">%t</template>
<template name="set">%t</template>
<template name="setindex">%t</template>
<template name="sidebar">%t</template>
<template name="step">%t</template>
<template name="table"><Table/> %n. %t</template>
<template name="task">%t</template>
<template name="tip">%t</template>
<template name="toc">%t</template>
<template name="variablelist">%t</template>
<template name="varlistentry"/>
<template name="warning">%t</template>

</context>

<context name="title-unnumbered">

<template name="appendix">%t</template>
<template name="article/appendix">%t</template>
<template name="bridgehead">%t</template>
<template name="chapter">%t</template>
<template name="sect1">%t</template>
<template name="sect2">%t</template>
<template name="sect3">%t</template>
<template name="sect4">%t</template>
<template name="sect5">%t</template>
<template name="section">%t</template>
<template name="simplesect">%t</template>
<template name="part">%t</template>

</context>

<context name="title-numbered">

<template name="appendix"><Appendix/> %n. %t</template>
<template name="article/appendix">%n.&#160;%t</template>
<template name="bridgehead">%n. %t</template>
<template name="chapter">%n<Chapter/>. %t</template>
<template name="part"><Part/>&#160;%n.&#160;%t</template>
<template name="sect1">%n. %t</template>
<template name="sect2">%n. %t</template>
<template name="sect3">%n. %t</template>
<template name="sect4">%n. %t</template>
<template name="sect5">%n. %t</template>
<template name="section">%n. %t</template>
<template name="simplesect">%n. %t</template>

</context>

<context name="subtitle">

<template name="appendix">%s</template>
<template name="article">%s</template>
<template name="bibliodiv">%s</template>
<template name="biblioentry">%s</template>
<template name="bibliography">%s</template>
<template name="bibliomixed">%s</template>
<template name="bibliomset">%s</template>
<template name="biblioset">%s</template>
<template name="book">%s</template>
<template name="chapter">%s</template>
<template name="colophon">%s</template>
<template name="dedication">%s</template>
<template name="glossary">%s</template>
<template name="glossdiv">%s</template>
<template name="index">%s</template>
<template name="indexdiv">%s</template>
<template name="lot">%s</template>
<template name="part">%s</template>
<template name="partintro">%s</template>
<template name="preface">%s</template>
<template name="refentry">%s</template>
<template name="reference">%s</template>
<template name="refsection">%s</template>
<template name="refsect1">%s</template>
<template name="refsect2">%s</template>
<template name="refsect3">%s</template>
<template name="refsynopsisdiv">%s</template>
<template name="sect1">%s</template>
<template name="sect2">%s</template>
<template name="sect3">%s</template>
<template name="sect4">%s</template>
<template name="sect5">%s</template>
<template name="section">%s</template>
<template name="set">%s</template>
<template name="setindex">%s</template>
<template name="sidebar">%s</template>
<template name="simplesect">%s</template>
<template name="toc">%s</template>

</context>

<context name="xref">
<template name="abstract">%t</template>
<template name="answer"><Answer/>&#160;%n</template>
<template name="appendix">%t</template>
<template name="article">%t</template>
<template name="authorblurb">%t</template>
<template name="bibliodiv">%t</template>
<template name="bibliography">%t</template>
<template name="bibliomset">%t</template>
<template name="biblioset">%t</template>
<template name="blockquote">%t</template>
<template name="book">%t</template>
<template name="calloutlist">%t</template>
<template name="caution">%t</template>
<template name="chapter">%t</template>
<template name="colophon">%t</template>
<template name="constraintdef">%t</template>
<template name="dedication">%t</template>
<template name="equation">%t</template>
<template name="example">%t</template>
<template name="figure">%t</template>
<template name="foil">%t</template>	
<template name="foilgroup">%t</template> 
<template name="formalpara">%t</template>
<template name="glossary">%t</template>
<template name="glossdiv">%t</template>
<template name="important">%t</template>
<template name="index">%t</template>
<template name="indexdiv">%t</template>
<template name="itemizedlist">%t</template>
<template name="legalnotice">%t</template>
<template name="listitem">%n</template>
<template name="lot">%t</template>
<template name="msg">%t</template>
<template name="msgexplan">%t</template>
<template name="msgmain">%t</template>
<template name="msgrel">%t</template>
<template name="msgset">%t</template>
<template name="msgsub">%t</template>
<template name="note">%t</template>
<template name="orderedlist">%t</template>
<template name="part">%t</template>
<template name="partintro">%t</template>
<template name="preface">%t</template>
<template name="procedure">%t</template>
<template name="productionset">%t</template>
<template name="qandadiv">%t</template>
<template name="qandaentry"><Question/>&#160;%n</template>
<template name="qandaset">%t</template>
<template name="question"><Question/>&#160;%n</template>
<template name="reference">%t</template>
<template name="refsynopsisdiv">%t</template>
<template name="segmentedlist">%t</template>
<template name="set">%t</template>
<template name="setindex">%t</template>
<template name="sidebar">%t</template>
<template name="table">%t</template>
<template name="task">%t</template>
<template name="tip">%t</template>
<template name="toc">%t</template>
<template name="variablelist">%t</template>
<template name="varlistentry">%n</template>
<template name="warning">%t</template>
<template name="page.citation"> [%p]</template>

<template name="bridgehead"><startquote/>%t<endquote/></template>
<template name="refsection"><startquote/>%t<endquote/></template>
<template name="refsect1"><startquote/>%t<endquote/></template>
<template name="refsect2"><startquote/>%t<endquote/></template>
<template name="refsect3"><startquote/>%t<endquote/></template>
<template name="sect1"><startquote/>%t<endquote/></template>
<template name="sect2"><startquote/>%t<endquote/></template>
<template name="sect3"><startquote/>%t<endquote/></template>
<template name="sect4"><startquote/>%t<endquote/></template>
<template name="sect5"><startquote/>%t<endquote/></template>
<template name="section"><startquote/>%t<endquote/></template>
<template name="simplesect"><startquote/>%t<endquote/></template>

</context>

<context name="xref-number">

<template name="answer"><Answer/>&#160;%n</template>
<template name="appendix"><Appendix/>&#160;%n</template>
<template name="bridgehead"><Section/>&#160;%n</template>
<template name="chapter">%n<Chapter/></template>
<template name="equation"><Equation/>&#160;%n</template>
<template name="example"><Example/>&#160;%n</template>
<template name="figure"><Figure/>&#160;%n</template>
<template name="part">%n<Part/></template>
<template name="procedure"><Procedure/>&#160;%n</template>
<template name="productionset"><ProductionSet/>&#160;%n</template>
<template name="qandadiv"><Qandadiv/>&#160;%n</template>
<template name="qandaentry"><Question/>&#160;%n</template>
<template name="question"><Question/>&#160;%n</template>
<template name="sect1">%n<Section/></template>
<template name="sect2">%n<Section/></template>
<template name="sect3">%n<Section/></template>
<template name="sect4">%n<Section/></template>
<template name="sect5">%n<Section/></template>
<template name="section">%n<Section/></template>
<template name="table"><Table/>&#160;%n</template>

</context>

<context name="xref-number-and-title">

<template name="appendix"><Appendix/>&#160;%n. %t</template>
<template name="bridgehead"><Section/>&#160;%n. <startquote/>%t<endquote/></template>
<template name="chapter">%n<Chapter/>. %t</template>
<template name="equation"><Equation/>&#160;%n. <startquote/>%t<endquote/></template>
<template name="example"><Example/>&#160;%n. <startquote/>%t<endquote/></template>
<template name="figure"><Figure/>&#160;%n. <startquote/>%t<endquote/></template>
<template name="part">%n<Part/>. %t</template>
<template name="procedure"><Procedure/>&#160;%n. <startquote/>%t<endquote/></template>
<template name="productionset"><ProductionSet/>&#160;%n. <startquote/>%t<endquote/></template>
<template name="qandadiv"><Qandadiv/>&#160;%n. <startquote/>%t<endquote/></template>
<template name="refsect1"><startquote/>%t<endquote/></template>
<template name="refsect2"><startquote/>%t<endquote/></template>
<template name="refsect3"><startquote/>%t<endquote/></template>
<template name="refsection"><startquote/>%t<endquote/></template>
<template name="sect1">%n<Section/>. <startquote/>%t<endquote/></template>
<template name="sect2">%n<Section/>. <startquote/>%t<endquote/></template>
<template name="sect3">%n<Section/>. <startquote/>%t<endquote/></template>
<template name="sect4">%n<Section/>. <startquote/>%t<endquote/></template>
<template name="sect5">%n<Section/>. <startquote/>%t<endquote/></template>
<template name="section">%n<Section/>. <startquote/>%t<endquote/></template>
<template name="simplesect"><startquote/>%t<endquote/></template>
<template name="table"><Table/>&#160;%n. <startquote/>%t<endquote/></template>

</context>

<context name="authorgroup">
<template name="sep"><listcomma/> </template>
<template name="sep2"> <and/> </template>
<template name="seplast"><lastlistcomma/> <and/> </template>
</context>

<context name="glossary">
<template name="see"><GlossSee/> %t.</template>
<template name="seealso"><GlossSeeAlso/> %t.</template>
<template name="seealso-separator">, </template>
</context>

<context name="msgset">
<template name="MsgAud"><MsgAud/>: </template>
<template name="MsgLevel"><MsgLevel/>: </template>
<template name="MsgOrig"><MsgOrig/>: </template>
</context>

<context name="htmlhelp">
<template name="langcode">0x0412 Korean</template>
</context>

</locale>