<locale language="he" english-language-name="Hebrew">

<info xmlns="http://docbook.org/ns/docbook">
<authorgroup>
  <author><personname><firstname>Meni</firstname><surname>Livne</surname></personname>
  <email>livne@kde.org</email>
          
  </author>
</authorgroup>
</info>

<gentext key="Abstract" text="&#1505;&#1497;&#1499;&#1493;&#1501;"/>
<gentext key="abstract" text="&#1505;&#1497;&#1499;&#1493;&#1501;"/>
<gentext key="Answer" text="&#1514;:"/>
<gentext key="answer" text="&#1514;:"/>
<gentext key="Appendix" text="&#1504;&#1505;&#1508;&#1495;"/>
<gentext key="appendix" text="&#1504;&#1505;&#1508;&#1495;"/>
<gentext key="Article" text="&#1502;&#1488;&#1502;&#1512;"/>
<gentext key="article" text="&#1502;&#1488;&#1502;&#1512;"/>
<gentext key="Bibliography" text="&#1489;&#1497;&#1489;&#1500;&#1497;&#1493;&#1490;&#1512;&#1508;&#1497;&#1492;"/>
<gentext key="bibliography" text="&#1489;&#1497;&#1489;&#1500;&#1497;&#1493;&#1490;&#1512;&#1508;&#1497;&#1492;"/>
<gentext key="Book" text="&#1505;&#1508;&#1512;"/>
<gentext key="book" text="&#1505;&#1508;&#1512;"/>
<gentext key="CAUTION" text="&#1488;&#1494;&#1492;&#1512;&#1492;"/>
<gentext key="Caution" text="&#1488;&#1494;&#1492;&#1512;&#1492;"/>
<gentext key="caution" text="&#1488;&#1494;&#1492;&#1512;&#1492;"/>
<gentext key="Chapter" text="&#1508;&#1512;&#1511;"/>
<gentext key="chapter" text="&#1508;&#1512;&#1511;"/>
<gentext key="Colophon" text="&#1511;&#1493;&#1500;&#1493;&#1508;&#1493;&#1503;"/>
<gentext key="colophon" text="&#1511;&#1493;&#1500;&#1493;&#1508;&#1493;&#1503;"/>
<gentext key="Copyright" text="&#1494;&#1499;&#1493;&#1497;&#1493;&#1514; &#1497;&#1493;&#1510;&#1512;&#1497;&#1501;"/>
<gentext key="copyright" text="&#1494;&#1499;&#1493;&#1497;&#1493;&#1514; &#1497;&#1493;&#1510;&#1512;&#1497;&#1501;"/>
<gentext key="Dedication" text="&#1492;&#1511;&#1491;&#1513;&#1492;"/>
<gentext key="dedication" text="&#1492;&#1511;&#1491;&#1513;&#1492;"/>
<gentext key="Edition" text="&#1502;&#1492;&#1491;&#1493;&#1512;&#1492;"/>
<gentext key="edition" text="&#1502;&#1492;&#1491;&#1493;&#1512;&#1492;"/>
<gentext key="Equation" text="&#1502;&#1513;&#1493;&#1493;&#1488;&#1492;"/>
<gentext key="equation" text="&#1502;&#1513;&#1493;&#1493;&#1488;&#1492;"/>
<gentext key="Example" text="&#1491;&#1493;&#1490;&#1502;&#1492;"/>
<gentext key="example" text="&#1491;&#1493;&#1490;&#1502;&#1492;"/>
<gentext key="Figure" text="&#1488;&#1497;&#1493;&#1512;"/>
<gentext key="figure" text="&#1488;&#1497;&#1493;&#1512;"/>
<gentext key="Glossary" text="&#1502;&#1497;&#1500;&#1493;&#1503; &#1502;&#1493;&#1504;&#1495;&#1497;&#1501;"/>
<gentext key="glossary" text="&#1502;&#1497;&#1500;&#1493;&#1503; &#1502;&#1493;&#1504;&#1495;&#1497;&#1501;"/>
<gentext key="GlossSee" text="&#1512;&#1488;&#1492;"/>
<gentext key="glosssee" text="&#1512;&#1488;&#1492;"/>
<gentext key="GlossSeeAlso" text="&#1512;&#1488;&#1492; &#1490;&#1501;"/>
<gentext key="glossseealso" text="&#1512;&#1488;&#1492; &#1490;&#1501;"/>
<gentext key="IMPORTANT" text="&#1495;&#1513;&#1493;&#1489;"/>
<gentext key="important" text="&#1495;&#1513;&#1493;&#1489;"/>
<gentext key="Important" text="&#1495;&#1513;&#1493;&#1489;"/>
<gentext key="Index" text="&#1488;&#1497;&#1504;&#1491;&#1511;&#1505;"/>
<gentext key="index" text="&#1488;&#1497;&#1504;&#1491;&#1511;&#1505;"/>
<gentext key="ISBN" text="&#1502;&#1505;&#1508;&#1512; &#1505;&#1508;&#1512; &#1505;&#1496;&#1504;&#1491;&#1512;&#1496;&#1497; &#1489;&#1497;&#1504;&#1500;&#1488;&#1493;&#1502;&#1497;"/>
<gentext key="isbn" text="&#1502;&#1505;&#1508;&#1512; &#1505;&#1508;&#1512; &#1505;&#1496;&#1504;&#1491;&#1512;&#1496;&#1497; &#1489;&#1497;&#1504;&#1500;&#1488;&#1493;&#1502;&#1497;"/>
<gentext key="LegalNotice" text="&#1492;&#1493;&#1491;&#1506;&#1492; &#1502;&#1513;&#1508;&#1496;&#1497;&#1514;"/>
<gentext key="legalnotice" text="&#1492;&#1493;&#1491;&#1506;&#1492; &#1502;&#1513;&#1508;&#1496;&#1497;&#1514;"/>
<gentext key="MsgAud" text="&#1511;&#1492;&#1500; &#1497;&#1506;&#1491;"/>
<gentext key="msgaud" text="&#1511;&#1492;&#1500; &#1497;&#1506;&#1491;"/>
<gentext key="MsgLevel" text="&#1512;&#1502;&#1492;"/>
<gentext key="msglevel" text="&#1512;&#1502;&#1492;"/>
<gentext key="MsgOrig" text="&#1502;&#1511;&#1493;&#1512;"/>
<gentext key="msgorig" text="&#1502;&#1511;&#1493;&#1512;"/>
<gentext key="NOTE" text="&#1513;&#1497;&#1501; &#1500;&#1489;"/>
<gentext key="Note" text="&#1513;&#1497;&#1501; &#1500;&#1489;"/>
<gentext key="note" text="&#1513;&#1497;&#1501; &#1500;&#1489;"/>
<gentext key="Part" text="&#1495;&#1500;&#1511;"/>
<gentext key="part" text="&#1495;&#1500;&#1511;"/>
<gentext key="Preface" text="&#1502;&#1489;&#1493;&#1488;"/>
<gentext key="preface" text="&#1502;&#1489;&#1493;&#1488;"/>
<gentext key="Procedure" text="&#1492;&#1500;&#1497;&#1498;"/>
<gentext key="procedure" text="&#1492;&#1500;&#1497;&#1498;"/>
<gentext key="ProductionSet" text="&#1497;&#1497;&#1510;&#1493;&#1512;"/>
<gentext key="Published" text="&#1492;&#1493;&#1510;&#1488; &#1500;&#1488;&#1493;&#1512;"/>
<gentext key="published" text="&#1492;&#1493;&#1510;&#1488; &#1500;&#1488;&#1493;&#1512;"/>
<gentext key="Qandadiv" text="&#1514; &#1493; &#1513;"/>
<gentext key="qandadiv" text="&#1514; &#1493; &#1513;"/>
<gentext key="Question" text="&#1513;:"/>
<gentext key="question" text="&#1513;:"/>
<gentext key="RefEntry" text=""/>
<gentext key="refentry" text=""/>
<gentext key="Reference" text="&#1502;&#1512;&#1488;&#1492; &#1502;&#1511;&#1493;&#1501;"/>
<gentext key="reference" text="&#1502;&#1512;&#1488;&#1492; &#1502;&#1511;&#1493;&#1501;"/>
<gentext key="RefName" text="&#1513;&#1501;"/>
<gentext key="refname" text="&#1513;&#1501;"/>
<gentext key="RefSection" text=""/>
<gentext key="refsection" text=""/>
<gentext key="RefSynopsisDiv" text="&#1514;&#1502;&#1510;&#1497;&#1514;"/>
<gentext key="refsynopsisdiv" text="&#1514;&#1502;&#1510;&#1497;&#1514;"/>
<gentext key="RevHistory" text="&#1492;&#1497;&#1505;&#1496;&#1493;&#1512;&#1497;&#1497;&#1514; &#1490;&#1497;&#1512;&#1505;&#1488;&#1493;&#1514;"/>
<gentext key="revhistory" text="&#1492;&#1497;&#1505;&#1496;&#1493;&#1512;&#1497;&#1497;&#1514; &#1490;&#1497;&#1512;&#1505;&#1488;&#1493;&#1514;"/>
<gentext key="revision" text="&#1490;&#1497;&#1512;&#1505;&#1492;"/>
<gentext key="Revision" text="&#1490;&#1497;&#1512;&#1505;&#1492;"/>
<gentext key="sect1" text="&#1505;&#1506;&#1497;&#1507;"/>
<gentext key="sect2" text="&#1505;&#1506;&#1497;&#1507;"/>
<gentext key="sect3" text="&#1505;&#1506;&#1497;&#1507;"/>
<gentext key="sect4" text="&#1505;&#1506;&#1497;&#1507;"/>
<gentext key="sect5" text="&#1505;&#1506;&#1497;&#1507;"/>
<gentext key="section" text="&#1505;&#1506;&#1497;&#1507;"/>
<gentext key="Section" text="&#1505;&#1506;&#1497;&#1507;"/>
<gentext key="See" text="&#1512;&#1488;&#1492;"/>
<gentext key="see" text="&#1512;&#1488;&#1492;"/>
<gentext key="SeeAlso" text="&#1512;&#1488;&#1492; &#1490;&#1501;"/>
<gentext key="seealso" text="&#1512;&#1488;&#1492; &#1490;&#1501;"/>
<gentext key="Seealso" text="&#1512;&#1488;&#1492; &#1490;&#1501;"/>
<gentext key="set" text="&#1505;&#1497;&#1491;&#1512;&#1492;"/>
<gentext key="Set" text="&#1505;&#1497;&#1491;&#1512;&#1492;"/>
<gentext key="setindex" text="&#1488;&#1497;&#1504;&#1511;&#1491;&#1511;&#1505; &#1505;&#1491;&#1512;&#1493;&#1514;"/>
<gentext key="SetIndex" text="&#1488;&#1497;&#1504;&#1491;&#1511;&#1505; &#1505;&#1491;&#1512;&#1493;&#1514;"/>
<gentext key="Sidebar" text=""/>
<gentext key="sidebar" text="&#1508;&#1505; &#1510;&#1491;&#1491;&#1497;"/>
<gentext key="step" text="&#1510;&#1506;&#1491;"/>
<gentext key="Step" text="&#1510;&#1506;&#1491;"/>
<gentext key="Table" text="&#1496;&#1489;&#1500;&#1492;"/>
<gentext key="table" text="&#1496;&#1489;&#1500;&#1492;"/>
<gentext key="tip" text="&#1506;&#1510;&#1492;"/>
<gentext key="TIP" text="&#1506;&#1510;&#1492;"/>
<gentext key="Tip" text="&#1506;&#1510;&#1492;"/>
<gentext key="Warning" text="&#1488;&#1494;&#1492;&#1512;&#1492;"/>
<gentext key="warning" text="&#1488;&#1494;&#1492;&#1512;&#1492;"/>
<gentext key="WARNING" text="&#1488;&#1494;&#1492;&#1512;&#1492;"/>

<gentext key="and" text="&#1493;"/>
<gentext key="by" text="&#1502;&#1488;&#1514;"/>
<gentext key="Edited" text="&#1504;&#1506;&#1512;&#1498;"/>
<gentext key="edited" text="&#1504;&#1506;&#1512;&#1498;"/>
<gentext key="Editedby" text="&#1504;&#1506;&#1512;&#1498; &#1506;&#1500; &#1497;&#1491;&#1497;"/>
<gentext key="editedby" text="&#1504;&#1506;&#1512;&#1498; &#1506;&#1500; &#1497;&#1491;&#1497;"/>
<gentext key="in" text="&#1489;"/>
<gentext key="lastlistcomma" text=","/>
<gentext key="listcomma" text=","/>
<gentext key="notes" text="&#1492;&#1506;&#1512;&#1493;&#1514;"/>
<gentext key="Notes" text="&#1492;&#1506;&#1512;&#1493;&#1514;"/>
<gentext key="Pgs" text="&#1506;&#1502;&#1493;&#1491;&#1497;&#1501;"/>
<gentext key="pgs" text="&#1506;&#1502;&#1493;&#1491;&#1497;&#1501;"/>
<gentext key="Revisedby" text="&#1492;&#1493;&#1490;&#1492; &#1506;&#1500; &#1497;&#1491;&#1497;: "/>
<gentext key="revisedby" text="&#1492;&#1493;&#1490;&#1492; &#1506;&#1500; &#1497;&#1491;&#1497;: "/>
<gentext key="TableNotes" text="&#1492;&#1506;&#1512;&#1493;&#1514;"/>
<gentext key="tablenotes" text="&#1492;&#1506;&#1512;&#1493;&#1514;"/>
<gentext key="TableofContents" text="&#1514;&#1493;&#1499;&#1503; &#1492;&#1506;&#1504;&#1497;&#1497;&#1504;&#1497;&#1501;"/>
<gentext key="tableofcontents" text="&#1514;&#1493;&#1499;&#1503; &#1492;&#1506;&#1504;&#1497;&#1497;&#1504;&#1497;&#1501;"/>
<gentext key="unexpectedelementname" text="&#1513;&#1501; &#1502;&#1512;&#1499;&#1497;&#1489; &#1489;&#1500;&#1514;&#1497; &#1510;&#1508;&#1493;&#1497;"/>
<gentext key="unsupported" text="&#1500;&#1488; &#1504;&#1514;&#1502;&#1498;"/>
<gentext key="xrefto" text="&#1492;&#1514;&#1497;&#1497;&#1495;&#1505;&#1493;&#1514; &#1510;&#1493;&#1500;&#1489;&#1514; &#1488;&#1500;"/>

<gentext key="listofequations" text="&#1512;&#1513;&#1497;&#1502;&#1514; &#1502;&#1513;&#1493;&#1493;&#1488;&#1493;&#1514;"/>
<gentext key="ListofEquations" text="&#1512;&#1513;&#1497;&#1502;&#1514; &#1502;&#1513;&#1493;&#1493;&#1488;&#1493;&#1514;"/>
<gentext key="ListofExamples" text="&#1512;&#1513;&#1497;&#1502;&#1514; &#1491;&#1493;&#1490;&#1502;&#1488;&#1493;&#1514;"/>
<gentext key="listofexamples" text="&#1512;&#1513;&#1497;&#1502;&#1514; &#1491;&#1493;&#1490;&#1502;&#1488;&#1493;&#1514;"/>
<gentext key="ListofFigures" text="&#1512;&#1513;&#1497;&#1502;&#1514; &#1488;&#1497;&#1493;&#1512;&#1497;&#1501;"/>
<gentext key="listoffigures" text="&#1512;&#1513;&#1497;&#1502;&#1514; &#1488;&#1497;&#1493;&#1512;&#1497;&#1501;"/>
<gentext key="listoftables" text="&#1512;&#1513;&#1497;&#1502;&#1514; &#1496;&#1489;&#1500;&#1488;&#1493;&#1514;"/>
<gentext key="ListofTables" text="&#1512;&#1513;&#1497;&#1502;&#1514; &#1496;&#1489;&#1500;&#1488;&#1493;&#1514;"/>
<gentext key="ListofUnknown" text="&#1512;&#1513;&#1497;&#1502;&#1492; &#1513;&#1500; &#1502;&#1512;&#1499;&#1497;&#1489;&#1497;&#1501; &#1500;&#1488; &#1497;&#1491;&#1493;&#1506;&#1497;&#1501;"/>
<gentext key="listofunknown" text="&#1512;&#1513;&#1497;&#1502;&#1492; &#1513;&#1500; &#1502;&#1512;&#1499;&#1497;&#1489;&#1497;&#1501; &#1500;&#1488; &#1497;&#1491;&#1493;&#1506;&#1497;&#1501;"/>

<gentext key="nav-home" text="&#1512;&#1488;&#1513;&#1497;"/>
<gentext key="nav-next" text="&#1492;&#1489;&#1488;"/>
<gentext key="nav-next-sibling" text="&#1491;&#1500;&#1490; &#1500;&#1505;&#1493;&#1507;"/>
<gentext key="nav-prev" text="&#1492;&#1511;&#1493;&#1491;&#1501;"/>
<gentext key="nav-prev-sibling" text="&#1495;&#1494;&#1493;&#1512; &#1500;&#1492;&#1514;&#1495;&#1500;&#1492;"/>
<gentext key="nav-up" text="&#1500;&#1502;&#1506;&#1500;&#1492;"/>

<gentext key="sectioncalled" text="&#1492;&#1505;&#1506;&#1497;&#1507; &#1513;&#1504;&#1511;&#1512;&#1488;"/>
<gentext key="Draft" text="&#1496;&#1497;&#1493;&#1496;&#1492;"/> 
<gentext key="above" text="&#1500;&#1502;&#1506;&#1500;&#1492;"/> 
<gentext key="below" text="&#1500;&#1502;&#1496;&#1492;"/> 
<gentext key="index symbols" text="&#1505;&#1502;&#1500;&#1497;&#1501;"/>
<gentext key="writing-mode" text="rl-tb"/>

<gentext key="lowercase.alpha" text="abcdefghijklmnopqrstuvwxyz"/> 
<gentext key="uppercase.alpha" text="ABCDEFGHIJKLMNOPQRSTUVWXYZ"/> 

<dingbat key="startquote" text="&#8220;"/>
<dingbat key="endquote" text="&#8221;"/>
<dingbat key="nestedstartquote" text="&#8216;"/>
<dingbat key="nestedendquote" text="&#8217;"/>
<dingbat key="bullet" text="&#8226;"/>

<context name="styles">

<template name="person-name">first-last</template>

</context>

<context name="title">

<template name="abstract">%t</template>
<template name="answer">%t</template>
<template name="appendix"><Appendix/> %n. %t</template>
<template name="article">%t</template>
<template name="authorblurb">%t</template>
<template name="bibliodiv">%t</template>
<template name="biblioentry">%t</template>
<template name="bibliography">%t</template>
<template name="bibliomixed">%t</template>
<template name="bibliomset">%t</template>
<template name="biblioset">%t</template>
<template name="blockquote">%t</template>
<template name="book">%t</template>
<template name="calloutlist">%t</template>
<template name="caution">%t</template>
<template name="chapter"><Chapter/> %n. %t</template>
<template name="colophon">%t</template>
<template name="dedication">%t</template>
<template name="equation"><Equation/> %n. %t</template>
<template name="example"><Example/> %n. %t</template>
<template name="figure"><Figure/> %n. %t</template>
<template name="formalpara">%t</template>
<template name="glossary">%t</template>
<template name="glossdiv">%t</template>
<template name="important">%t</template>
<template name="index">%t</template>
<template name="indexdiv">%t</template>
<template name="itemizedlist">%t</template>
<template name="legalnotice">%t</template>
<template name="listitem"/>
<template name="lot">%t</template>
<template name="msg">%t</template>
<template name="msgexplan">%t</template>
<template name="msgmain">%t</template>
<template name="msgrel">%t</template>
<template name="msgset">%t</template>
<template name="msgsub">%t</template>
<template name="note">%t</template>
<template name="orderedlist">%t</template>
<template name="part"><Part/> %n. %t</template>
<template name="partintro">%t</template>
<template name="preface">%t</template>
<template name="procedure">%t</template>
<template name="procedure.formal"><Procedure/> %n. %t</template>
<template name="productionset">%t</template>
<template name="productionset.formal"><ProductionSet/> %n</template>
<template name="qandadiv">%t</template>
<template name="qandaentry">%t</template>
<template name="qandaset">%t</template>
<template name="question">%t</template>
<template name="refentry">%t</template>
<template name="reference">%t</template>
<template name="refsection">%t</template>
<template name="refsect1">%t</template>
<template name="refsect2">%t</template>
<template name="refsect3">%t</template>
<template name="refsynopsisdiv">%t</template>
<template name="refsynopsisdivinfo">%t</template>
<template name="segmentedlist">%t</template>
<template name="set">%t</template>
<template name="setindex">%t</template>
<template name="sidebar">%t</template>
<template name="step">%t</template>
<template name="table"><Table/> %n. %t</template>
<template name="tip">%t</template>
<template name="toc">%t</template>
<template name="variablelist">%t</template>
<template name="varlistentry"/>
<template name="warning">%t</template>

</context>

<context name="title-unnumbered">

<template name="appendix">%t</template>
<template name="bridgehead">%t</template>
<template name="chapter">%t</template>
<template name="sect1">%t</template>
<template name="sect2">%t</template>
<template name="sect3">%t</template>
<template name="sect4">%t</template>
<template name="sect5">%t</template>
<template name="section">%t</template>
<template name="simplesect">%t</template>

</context>

<context name="title-numbered">

<template name="appendix"><Appendix/> %n. %t</template>
<template name="bridgehead">%n. %t</template>
<template name="chapter"><Chapter/> %n. %t</template>
<template name="part"><Part/>&#160;%n.&#160;%t</template>
<template name="sect1">%n. %t</template>
<template name="sect2">%n. %t</template>
<template name="sect3">%n. %t</template>
<template name="sect4">%n. %t</template>
<template name="sect5">%n. %t</template>
<template name="section">%n. %t</template>
<template name="simplesect">%t</template>

</context>

<context name="subtitle">

<template name="appendix">%s</template>
<template name="article">%s</template>
<template name="bibliodiv">%s</template>
<template name="biblioentry">%s</template>
<template name="bibliography">%s</template>
<template name="bibliomixed">%s</template>
<template name="bibliomset">%s</template>
<template name="biblioset">%s</template>
<template name="book">%s</template>
<template name="chapter">%s</template>
<template name="colophon">%s</template>
<template name="dedication">%s</template>
<template name="glossary">%s</template>
<template name="glossdiv">%s</template>
<template name="index">%s</template>
<template name="indexdiv">%s</template>
<template name="lot">%s</template>
<template name="part">%s</template>
<template name="partintro">%s</template>
<template name="preface">%s</template>
<template name="refentry">%s</template>
<template name="reference">%s</template>
<template name="refsection">%s</template>
<template name="refsect1">%s</template>
<template name="refsect2">%s</template>
<template name="refsect3">%s</template>
<template name="refsynopsisdiv">%s</template>
<template name="sect1">%s</template>
<template name="sect2">%s</template>
<template name="sect3">%s</template>
<template name="sect4">%s</template>
<template name="sect5">%s</template>
<template name="section">%s</template>
<template name="set">%s</template>
<template name="setindex">%s</template>
<template name="sidebar">%s</template>
<template name="simplesect">%s</template>
<template name="toc">%s</template>

</context>

<context name="xref">
<template name="abstract">%t</template>
<template name="answer"><Answer/>&#160;%n</template>
<template name="appendix">%t</template>
<template name="article">%t</template>
<template name="authorblurb">%t</template>
<template name="bibliodiv">%t</template>
<template name="bibliography">%t</template>
<template name="bibliomset">%t</template>
<template name="biblioset">%t</template>
<template name="blockquote">%t</template>
<template name="book">%t</template>
<template name="calloutlist">%t</template>
<template name="caution">%t</template>
<template name="chapter">%t</template>
<template name="colophon">%t</template>
<template name="constraintdef">%t</template>
<template name="dedication">%t</template>
<template name="equation">%t</template>
<template name="example">%t</template>
<template name="figure">%t</template>
<template name="formalpara">%t</template>
<template name="glossary">%t</template>
<template name="glossdiv">%t</template>
<template name="important">%t</template>
<template name="index">%t</template>
<template name="indexdiv">%t</template>
<template name="itemizedlist">%t</template>
<template name="legalnotice">%t</template>
<template name="listitem">%n</template>
<template name="lot">%t</template>
<template name="msg">%t</template>
<template name="msgexplan">%t</template>
<template name="msgmain">%t</template>
<template name="msgrel">%t</template>
<template name="msgset">%t</template>
<template name="msgsub">%t</template>
<template name="note">%t</template>
<template name="orderedlist">%t</template>
<template name="part">%t</template>
<template name="partintro">%t</template>
<template name="preface">%t</template>
<template name="procedure">%t</template>
<template name="productionset">%t</template>
<template name="qandadiv">%t</template>
<template name="qandaentry"><Question/>&#160;%n</template>
<template name="qandaset">%t</template>
<template name="question"><Question/>&#160;%n</template>
<template name="reference">%t</template>
<template name="refsynopsisdiv">%t</template>
<template name="segmentedlist">%t</template>
<template name="set">%t</template>
<template name="setindex">%t</template>
<template name="sidebar">%t</template>
<template name="table">%t</template>
<template name="tip">%t</template>
<template name="toc">%t</template>
<template name="variablelist">%t</template>
<template name="varlistentry">%n</template>
<template name="warning">%t</template>
<template name="page.citation"> [%p]</template>

<template name="bridgehead"><sectioncalled/> <startquote/>%t<endquote/></template>
<template name="refsection"><sectioncalled/> <startquote/>%t<endquote/></template>
<template name="refsect1"><sectioncalled/> <startquote/>%t<endquote/></template>
<template name="refsect2"><sectioncalled/> <startquote/>%t<endquote/></template>
<template name="refsect3"><sectioncalled/> <startquote/>%t<endquote/></template>
<template name="sect1"><sectioncalled/> <startquote/>%t<endquote/></template>
<template name="sect2"><sectioncalled/> <startquote/>%t<endquote/></template>
<template name="sect3"><sectioncalled/> <startquote/>%t<endquote/></template>
<template name="sect4"><sectioncalled/> <startquote/>%t<endquote/></template>
<template name="sect5"><sectioncalled/> <startquote/>%t<endquote/></template>
<template name="section"><sectioncalled/> <startquote/>%t<endquote/></template>
<template name="simplesect"><sectioncalled/> <startquote/>%t<endquote/></template>

</context>

<context name="xref-number">

<template name="answer"><Answer/>&#160;%n</template>
<template name="appendix"><Appendix/>&#160;%n</template>
<template name="bridgehead"><Section/>&#160;%n</template>
<template name="chapter"><Chapter/>&#160;%n</template>
<template name="equation"><Equation/>&#160;%n</template>
<template name="example"><Example/>&#160;%n</template>
<template name="figure"><Figure/>&#160;%n</template>
<template name="part"><Part/>&#160;%n</template>
<template name="procedure"><Procedure/>&#160;%n</template>
<template name="productionset"><ProductionSet/>&#160;%n</template>
<template name="qandadiv"><Qandadiv/>&#160;%n</template>
<template name="qandaentry"><Question/>&#160;%n</template>
<template name="question"><Question/>&#160;%n</template>
<template name="sect1"><Section/>&#160;%n</template>
<template name="sect2"><Section/>&#160;%n</template>
<template name="sect3"><Section/>&#160;%n</template>
<template name="sect4"><Section/>&#160;%n</template>
<template name="sect5"><Section/>&#160;%n</template>
<template name="section"><Section/>&#160;%n</template>
<template name="table"><Table/>&#160;%n</template>

</context>

<context name="xref-number-and-title">

<template name="appendix"><Appendix/>&#160;%n, %t</template>
<template name="bridgehead"><Section/>&#160;%n, <startquote/>%t<endquote/></template>
<template name="chapter"><Chapter/>&#160;%n, %t</template>
<template name="equation"><Equation/>&#160;%n, <startquote/>%t<endquote/></template>
<template name="example"><Example/>&#160;%n, <startquote/>%t<endquote/></template>
<template name="figure"><Figure/>&#160;%n, <startquote/>%t<endquote/></template>
<template name="part"><Part/>&#160;%n, <startquote/>%t<endquote/></template>
<template name="procedure"><Procedure/>&#160;%n, <startquote/>%t<endquote/></template>
<template name="productionset"><ProductionSet/>&#160;%n, <startquote/>%t<endquote/></template>
<template name="qandadiv"><Qandadiv/>&#160;%n, <startquote/>%t<endquote/></template>
<template name="refsect1"><sectioncalled/> <startquote/>%t<endquote/></template>
<template name="refsect2"><sectioncalled/> <startquote/>%t<endquote/></template>
<template name="refsect3"><sectioncalled/> <startquote/>%t<endquote/></template>
<template name="refsection"><sectioncalled/> <startquote/>%t<endquote/></template>
<template name="sect1"><Section/>&#160;%n, <startquote/>%t<endquote/></template>
<template name="sect2"><Section/>&#160;%n, <startquote/>%t<endquote/></template>
<template name="sect3"><Section/>&#160;%n, <startquote/>%t<endquote/></template>
<template name="sect4"><Section/>&#160;%n, <startquote/>%t<endquote/></template>
<template name="sect5"><Section/>&#160;%n, <startquote/>%t<endquote/></template>
<template name="section"><Section/>&#160;%n, <startquote/>%t<endquote/></template>
<template name="simplesect"><sectioncalled/> <startquote/>%t<endquote/></template>
<template name="table"><Table/>&#160;%n, <startquote/>%t<endquote/></template>

</context>

<context name="authorgroup">
<template name="sep"><listcomma/> </template>
<template name="sep2"> <and/> </template>
<template name="seplast"><lastlistcomma/> <and/> </template>
</context>

<context name="glossary">
<template name="see"><GlossSee/> %t.</template>
<template name="seealso"><GlossSeeAlso/> %t.</template>
<template name="seealso-separator">, </template>
</context>

<context name="msgset">
<template name="MsgAud"><MsgAud/>: </template>
<template name="MsgLevel"><MsgLevel/>: </template>
<template name="MsgOrig"><MsgOrig/>: </template>
</context>

<context name="htmlhelp">
<template name="langcode">0x040d Hebrew (ISRAEL)</template>
</context>

</locale>