<locale language="pa" english-language-name="Punjabi">

<info xmlns="http://docbook.org/ns/docbook">
<authorgroup>
  <author><personname><firstname>Bernd</firstname><surname>Groh</surname></personname>
  <email>bgroh@redhat.com</email>
          
  </author>
  <author><personname><firstname>Amanpreet</firstname><surname>Alam</surname></personname>
  <email>aalam@redhat.com</email>
          
  </author>
</authorgroup>
</info>

<gentext key="Abstract" text="&#2616;&#2622;&#2608;"/>
<gentext key="abstract" text="&#2616;&#2622;&#2608;"/>
<gentext key="Answer" text="&#2588;:"/>
<gentext key="answer" text="&#2588;:"/>
<gentext key="Appendix" text="&#2565;&#2672;&#2596;&#2623;&#2581;&#2622;"/>
<gentext key="appendix" text="&#2565;&#2672;&#2596;&#2623;&#2581;&#2622;"/>
<gentext key="Article" text="&#2610;&#2631;&#2582;"/>
<gentext key="article" text="&#2610;&#2631;&#2582;"/>
<gentext key="Author" text="Author"/>
<gentext key="Bibliography" text="&#2602;&#2625;&#2616;&#2596;&#2581;-&#2616;&#2626;&#2586;&#2624;"/>
<gentext key="bibliography" text="&#2602;&#2625;&#2616;&#2596;&#2581;-&#2616;&#2626;&#2586;&#2624;"/>
<gentext key="Book" text="&#2602;&#2625;&#2616;&#2596;&#2581;"/>
<gentext key="book" text="&#2602;&#2625;&#2616;&#2596;&#2581;"/>
<gentext key="CAUTION" text="&#2616;&#2622;&#2613;&#2599;&#2622;&#2600;"/>
<gentext key="Caution" text="&#2616;&#2622;&#2613;&#2599;&#2622;&#2600;"/>
<gentext key="caution" text="&#2616;&#2622;&#2613;&#2599;&#2622;&#2600;"/>
<gentext key="Chapter" text="&#2565;&#2599;&#2623;&#2566;&#2567;"/>
<gentext key="chapter" text="&#2565;&#2599;&#2623;&#2566;&#2567;"/>
<gentext key="Colophon" text="&#2610;&#2631;&#2582;&#2581;&#2622;&#2562;&#2604;&#2622;&#2608;&#2631;"/>
<gentext key="colophon" text="&#2610;&#2631;&#2582;&#2581;&#2622;&#2562;&#2604;&#2622;&#2608;&#2631;"/>
<gentext key="Copyright" text="&#2617;&#2673;&#2581;&#2608;&#2622;&#2582;&#2613;&#2631;&#2562;&#2617;&#2600;"/>
<gentext key="copyright" text="&#2617;&#2673;&#2581;&#2608;&#2622;&#2582;&#2613;&#2631;&#2562;&#2617;&#2600;"/>
<gentext key="Dedication" text="&#2616;&#2606;&#2608;&#2602;&#2623;&#2596;"/>
<gentext key="dedication" text="&#2616;&#2606;&#2608;&#2602;&#2623;&#2596;"/>
<gentext key="Edition" text="&#2602;&#2637;&#2608;&#2581;&#2622;&#2614;&#2600;"/>
<gentext key="edition" text="&#2602;&#2637;&#2608;&#2581;&#2622;&#2614;&#2600;"/>
<gentext key="Equation" text="&#2616;&#2606;&#2624;&#2581;&#2608;&#2600;"/>
<gentext key="equation" text="&#2616;&#2606;&#2624;&#2581;&#2608;&#2600;"/>
<gentext key="Example" text="&#2569;&#2598;&#2622;&#2617;&#2608;&#2600;"/>
<gentext key="example" text="&#2569;&#2598;&#2622;&#2617;&#2608;&#2600;"/>
<gentext key="Figure" text="&#2586;&#2623;&#2673;&#2596;&#2608;"/>
<gentext key="figure" text="&#2586;&#2623;&#2673;&#2596;&#2608;"/>
<gentext key="Glossary" text="&#2614;&#2604;&#2598;&#2622;&#2613;&#2610;&#2624;"/>
<gentext key="glossary" text="&#2614;&#2604;&#2598;&#2622;&#2613;&#2610;&#2624;"/>
<gentext key="GlossSee" text="&#2613;&#2631;&#2582;&#2635;"/>
<gentext key="glosssee" text="&#2613;&#2631;&#2582;&#2635;"/>
<gentext key="GlossSeeAlso" text="&#2567;&#2617;&#2613;&#2624;&#2613;&#2631;&#2582;&#2635;"/>
<gentext key="glossseealso" text="&#2567;&#2617;&#2613;&#2624;&#2613;&#2631;&#2582;&#2635;"/>
<gentext key="IMPORTANT" text="&#2582;&#2622;&#2616;"/>
<gentext key="important" text="&#2582;&#2622;&#2616;"/>
<gentext key="Important" text="&#2582;&#2622;&#2616;"/>
<gentext key="Index" text="&#2596;&#2596;&#2581;&#2608;&#2622;"/>
<gentext key="index" text="&#2596;&#2596;&#2581;&#2608;&#2622;"/>
<gentext key="ISBN" text="ISBN"/>
<gentext key="isbn" text="ISBN"/>
<gentext key="LegalNotice" text="&#2581;&#2622;&#2600;&#2626;&#2672;&#2600;&#2624;&#2616;&#2626;&#2586;&#2600;&#2622;"/>
<gentext key="legalnotice" text="&#2581;&#2622;&#2600;&#2626;&#2672;&#2600;&#2624;&#2616;&#2626;&#2586;&#2600;&#2622;"/>
<gentext key="MsgAud" text="&#2602;&#2622;&#2592;&#2581;"/>
<gentext key="msgaud" text="&#2602;&#2622;&#2592;&#2581;"/>
<gentext key="MsgLevel" text="&#2602;&#2673;&#2599;&#2608;"/>
<gentext key="msglevel" text="&#2602;&#2673;&#2599;&#2608;"/>
<gentext key="MsgOrig" text="&#2606;&#2625;&#2673;&#2594;"/>
<gentext key="msgorig" text="&#2606;&#2625;&#2673;&#2594;"/>
<gentext key="NOTE" text="&#2616;&#2626;&#2586;&#2600;&#2622;"/>
<gentext key="Note" text="&#2616;&#2626;&#2586;&#2600;&#2622;"/>
<gentext key="note" text="&#2616;&#2626;&#2586;&#2600;&#2622;"/>
<gentext key="Part" text="&#2605;&#2622;&#2583;"/>
<gentext key="part" text="&#2605;&#2622;&#2583;"/>
<gentext key="Preface" text="&#2605;&#2626;&#2606;&#2623;&#2581;&#2622;"/>
<gentext key="preface" text="&#2605;&#2626;&#2606;&#2623;&#2581;&#2622;"/>
<gentext key="Procedure" text="&#2581;&#2622;&#2608;&#2613;&#2622;&#2568;"/>
<gentext key="procedure" text="&#2581;&#2622;&#2608;&#2613;&#2622;&#2568;"/>
<gentext key="ProductionSet" text="&#2569;&#2596;&#2602;&#2622;&#2598;&#2600;"/>
<gentext key="PubDate" text="Publication Date"/>
<gentext key="pubdate" text="Publication date"/>
<gentext key="Published" text="&#2602;&#2637;&#2608;&#2581;&#2622;&#2614;&#2623;&#2596;"/>
<gentext key="published" text="&#2602;&#2637;&#2608;&#2581;&#2622;&#2614;&#2623;&#2596;"/>
<gentext key="Qandadiv" text="Q &amp; A"/>
<gentext key="qandadiv" text="Q &amp; A"/>
<gentext key="Question" text="&#2616;:"/>
<gentext key="question" text="&#2616;:"/>
<gentext key="RefEntry" text=""/>
<gentext key="refentry" text=""/>
<gentext key="Reference" text="&#2617;&#2613;&#2622;&#2610;&#2622;"/>
<gentext key="reference" text="&#2617;&#2613;&#2622;&#2610;&#2622;"/>
<gentext key="RefName" text="&#2600;&#2622;&#2562;"/>
<gentext key="refname" text="&#2600;&#2622;&#2562;"/>
<gentext key="RefSection" text=""/>
<gentext key="refsection" text=""/>
<gentext key="RefSynopsisDiv" text="&#2582;&#2625;&#2610;&#2622;&#2616;&#2622;"/>
<gentext key="refsynopsisdiv" text="&#2582;&#2625;&#2610;&#2622;&#2616;&#2622;"/>
<gentext key="RevHistory" text="&#2616;&#2625;&#2599;&#2622;&#2568;&#2565;&#2596;&#2624;&#2596;"/>
<gentext key="revhistory" text="&#2616;&#2625;&#2599;&#2622;&#2568;&#2565;&#2596;&#2624;&#2596;"/>
<gentext key="revision" text="&#2616;&#2625;&#2599;&#2622;&#2568;"/>
<gentext key="Revision" text="&#2616;&#2625;&#2599;&#2622;&#2568;"/>
<gentext key="sect1" text="&#2617;&#2623;&#2673;&#2616;&#2622;"/>
<gentext key="sect2" text="&#2617;&#2623;&#2673;&#2616;&#2622;"/>
<gentext key="sect3" text="&#2617;&#2623;&#2673;&#2616;&#2622;"/>
<gentext key="sect4" text="&#2617;&#2623;&#2673;&#2616;&#2622;"/>
<gentext key="sect5" text="&#2617;&#2623;&#2673;&#2616;&#2622;"/>
<gentext key="section" text="&#2617;&#2623;&#2673;&#2616;&#2622;"/>
<gentext key="Section" text="&#2617;&#2623;&#2673;&#2616;&#2622;"/>
<gentext key="see" text="&#2613;&#2631;&#2582;&#2635;"/>             
<gentext key="See" text="&#2613;&#2631;&#2582;&#2635;"/>
<gentext key="seealso" text="&#2567;&#2617;&#2613;&#2624;&#2613;&#2631;&#2582;&#2635;"/>    
<gentext key="Seealso" text="&#2567;&#2617;&#2613;&#2624;&#2613;&#2631;&#2582;&#2635;"/>
<gentext key="SeeAlso" text="&#2567;&#2617;&#2613;&#2624;&#2613;&#2631;&#2582;&#2635;"/>
<gentext key="set" text="&#2600;&#2623;&#2608;&#2599;&#2622;&#2608;&#2623;&#2596;"/>
<gentext key="Set" text="&#2600;&#2623;&#2608;&#2599;&#2622;&#2608;&#2623;&#2596;"/>
<gentext key="setindex" text="&#2596;&#2596;&#2581;&#2608;&#2622;&#2600;&#2623;&#2608;&#2599;&#2622;&#2608;&#2600;"/>
<gentext key="SetIndex" text="&#2596;&#2596;&#2581;&#2608;&#2622;&#2600;&#2623;&#2608;&#2599;&#2622;&#2608;&#2600;"/>
<gentext key="Sidebar" text=""/>
<gentext key="sidebar" text="&#2604;&#2622;&#2617;&#2624;"/>
<gentext key="step" text="&#2602;&#2650;"/>
<gentext key="Step" text="&#2602;&#2650;"/>
<gentext key="Table" text="&#2616;&#2622;&#2608;&#2595;&#2624;"/>
<gentext key="table" text="&#2616;&#2622;&#2608;&#2595;&#2624;"/>
<gentext key="tip" text="&#2616;&#2672;&#2581;&#2631;&#2596;"/>
<gentext key="TIP" text="&#2616;&#2672;&#2581;&#2631;&#2596;"/>
<gentext key="Tip" text="&#2616;&#2672;&#2581;&#2631;&#2596;"/>
<gentext key="Warning" text="&#2616;&#2622;&#2613;&#2599;&#2622;&#2600;"/>
<gentext key="warning" text="&#2616;&#2622;&#2613;&#2599;&#2622;&#2600;"/>
<gentext key="WARNING" text="&#2616;&#2622;&#2613;&#2599;&#2622;&#2600;"/>

<gentext key="and" text="&#2565;&#2596;&#2631;"/>
<gentext key="by" text="&#2610;&#2568;"/>
<gentext key="called" text="called"/>
<gentext key="Edited" text="&#2616;&#2672;&#2602;&#2622;&#2598;&#2600;"/>
<gentext key="edited" text="&#2616;&#2672;&#2602;&#2622;&#2598;&#2600;"/>
<gentext key="Editedby" text="&#2616;&#2672;&#2602;&#2622;&#2598;&#2600;&#2581;&#2624;&#2596;&#2622;"/>
<gentext key="editedby" text="&#2616;&#2672;&#2602;&#2622;&#2598;&#2600;&#2581;&#2624;&#2596;&#2622;"/>
<gentext key="in" text="&#2613;&#2623;&#2673;&#2586;"/>
<gentext key="lastlistcomma" text=","/>
<gentext key="listcomma" text=","/>
<gentext key="notes" text="&#2616;&#2626;&#2586;&#2600;&#2622;"/>
<gentext key="Notes" text="&#2616;&#2626;&#2586;&#2600;&#2622;"/>
<gentext key="Pgs" text="&#2616;&#2654;&#2631;"/>
<gentext key="pgs" text="&#2616;&#2654;&#2631;"/>
<gentext key="Revisedby" text="&#2616;&#2625;&#2599;&#2622;&#2568;&#2581;&#2624;&#2596;&#2624;:"/>
<gentext key="revisedby" text="&#2616;&#2625;&#2599;&#2622;&#2568;&#2581;&#2624;&#2596;&#2624;:"/>
<gentext key="TableNotes" text="&#2616;&#2626;&#2586;&#2600;&#2622;"/>
<gentext key="tablenotes" text="&#2616;&#2626;&#2586;&#2600;&#2622;"/>
<gentext key="TableofContents" text="&#2605;&#2622;&#2583;&#2616;&#2622;&#2608;&#2595;&#2624;"/>
<gentext key="tableofcontents" text="&#2605;&#2622;&#2583;&#2616;&#2622;&#2608;&#2595;&#2624;"/>
<gentext key="the" text=""/>
<gentext key="unexpectedelementname" text="&#2600;&#2622;-&#2610;&#2635;&#2652;&#2624;&#2598;&#2622;&#2567;&#2581;&#2622;&#2568;&#2600;&#2622;&#2562;"/>
<gentext key="unsupported" text="&#2600;&#2622;-&#2616;&#2617;&#2622;&#2567;&#2581;"/>
<gentext key="xrefto" text="xrefto"/>

<gentext key="listofequations" text="&#2616;&#2606;&#2624;&#2581;&#2608;&#2600;&#2616;&#2626;&#2586;&#2624;"/>
<gentext key="ListofEquations" text="&#2616;&#2606;&#2624;&#2581;&#2608;&#2600;&#2616;&#2626;&#2586;&#2624;"/>
<gentext key="ListofExamples" text="&#2569;&#2598;&#2622;&#2617;&#2608;&#2600;&#2616;&#2626;&#2586;&#2624;"/>
<gentext key="listofexamples" text="&#2569;&#2598;&#2622;&#2617;&#2608;&#2600;&#2616;&#2626;&#2586;&#2624;"/>
<gentext key="ListofFigures" text="&#2586;&#2623;&#2673;&#2596;&#2608;&#2616;&#2626;&#2586;&#2624;"/>
<gentext key="listoffigures" text="&#2586;&#2623;&#2673;&#2596;&#2608;&#2616;&#2626;&#2586;&#2624;"/>
<gentext key="ListofProcedures" text="&#2581;&#2622;&#2608;&#2613;&#2622;&#2568;&#2616;&#2626;&#2586;&#2624;"/>
<gentext key="listofprocedures" text="&#2581;&#2622;&#2608;&#2613;&#2622;&#2568;&#2616;&#2626;&#2586;&#2624;"/>
<gentext key="listoftables" text="&#2616;&#2622;&#2608;&#2595;&#2624;&#2616;&#2626;&#2586;&#2624;"/>
<gentext key="ListofTables" text="&#2616;&#2622;&#2608;&#2595;&#2624;&#2616;&#2626;&#2586;&#2624;"/>
<gentext key="ListofUnknown" text="&#2565;&#2595;&#2588;&#2622;&#2595;&#2616;&#2626;&#2586;&#2624;"/>
<gentext key="listofunknown" text="&#2565;&#2595;&#2588;&#2622;&#2595;&#2616;&#2626;&#2586;&#2624;"/>

<gentext key="nav-home" text="&#2584;&#2608;"/>
<gentext key="nav-next" text="&#2565;&#2673;&#2583;&#2631;"/>
<gentext key="nav-next-sibling" text="&#2596;&#2631;&#2651;&#2565;&#2673;&#2583;&#2631;"/>
<gentext key="nav-prev" text="&#2602;&#2623;&#2673;&#2587;&#2631;"/>
<gentext key="nav-prev-sibling" text="&#2596;&#2631;&#2651;&#2602;&#2623;&#2673;&#2587;&#2631;"/>
<gentext key="nav-up" text="&#2569;&#2673;&#2602;&#2608;"/>
<gentext key="nav-toc" text="&#2616;&#2622;&#2608;&#2595;&#2624;"/>

<gentext key="Draft" text="&#2593;&#2608;&#2622;&#2603;&#2591;"/>
<gentext key="above" text="&#2569;&#2673;&#2602;&#2608;"/>
<gentext key="below" text="&#2617;&#2631;&#2592;&#2622;&#2562;"/>
<gentext key="sectioncalled" text="&#2605;&#2622;&#2583;&#2581;&#2617;&#2623;&#2672;&#2598;&#2631;&#2600;&#2631;"/>
<gentext key="index symbols" text="Symbols"/>
<gentext key="writing-mode" text="lr-tb"/>

<gentext key="lowercase.alpha" text="abcdefghijklmnopqrstuvwxyz"/>
<gentext key="uppercase.alpha" text="ABCDEFGHIJKLMNOPQRSTUVWXYZ"/>

<dingbat key="startquote" text="&#8220;"/>
<dingbat key="endquote" text="&#8221;"/>
<dingbat key="nestedstartquote" text="&#8216;"/>
<dingbat key="nestedendquote" text="&#8217;"/>
<dingbat key="singlestartquote" text="&#8216;"/>
<dingbat key="singleendquote" text="&#8217;"/>
<dingbat key="bullet" text="&#8226;"/>


<gentext key="hyphenation-character" text="-"/>
<gentext key="hyphenation-push-character-count" text="2"/>
<gentext key="hyphenation-remain-character-count" text="2"/>

<context name="styles">

<template name="person-name">first-last</template>

</context>

<context name="title">

<template name="abstract">%t</template>
<template name="answer">%t</template>
<template name="appendix"><Appendix/>&#160;%n.&#160;%t</template>
<template name="article">%t</template>
<template name="authorblurb">%t</template>
<template name="bibliodiv">%t</template>
<template name="biblioentry">%t</template>
<template name="bibliography">%t</template>
<template name="bibliolist">%t</template>
<template name="bibliomixed">%t</template>
<template name="bibliomset">%t</template>
<template name="biblioset">%t</template>
<template name="blockquote">%t</template>
<template name="book">%t</template>
<template name="calloutlist">%t</template>
<template name="caution">%t</template>
<template name="chapter"><Chapter/>&#160;%n.&#160;%t</template>
<template name="colophon">%t</template>
<template name="dedication">%t</template>
<template name="equation"><Equation/>&#160;%n.&#160;%t</template>
<template name="example"><Example/>&#160;%n.&#160;%t</template>
<template name="figure"><Figure/>&#160;%n.&#160;%t</template>
<template name="foil">%t</template>	
<template name="foilgroup">%t</template>  
<template name="formalpara">%t</template>
<template name="glossary">%t</template>
<template name="glossdiv">%t</template>
<template name="glosslist">%t</template>
<template name="glossentry">%t</template>
<template name="important">%t</template>
<template name="index">%t</template>
<template name="indexdiv">%t</template>
<template name="itemizedlist">%t</template>
<template name="legalnotice">%t</template>
<template name="listitem"/>
<template name="lot">%t</template>
<template name="msg">%t</template>
<template name="msgexplan">%t</template>
<template name="msgmain">%t</template>
<template name="msgrel">%t</template>
<template name="msgset">%t</template>
<template name="msgsub">%t</template>
<template name="note">%t</template>
<template name="orderedlist">%t</template>
<template name="part"><Part/>&#160;%n.&#160;%t</template>
<template name="partintro">%t</template>
<template name="preface">%t</template>
<template name="procedure">%t</template>
<template name="procedure.formal"><Procedure/>&#160;%n.&#160;%t</template>
<template name="productionset">%t</template>
<template name="productionset.formal"><ProductionSet/>&#160;%n</template>
<template name="qandadiv">%t</template>
<template name="qandaentry">%t</template>
<template name="qandaset">%t</template>
<template name="question">%t</template>
<template name="refentry">%t</template>
<template name="reference">%t</template>
<template name="refsection">%t</template>
<template name="refsect1">%t</template>
<template name="refsect2">%t</template>
<template name="refsect3">%t</template>
<template name="refsynopsisdiv">%t</template>
<template name="refsynopsisdivinfo">%t</template>
<template name="segmentedlist">%t</template>
<template name="set">%t</template>
<template name="setindex">%t</template>
<template name="sidebar">%t</template>
<template name="step">%t</template>
<template name="table"><Table/>&#160;%n.&#160;%t</template>
<template name="task">%t</template>
<template name="tip">%t</template>
<template name="toc">%t</template>
<template name="variablelist">%t</template>
<template name="varlistentry"/>
<template name="warning">%t</template>

</context>

<context name="title-unnumbered">

<template name="appendix">%t</template>
<template name="article/appendix">%t</template>
<template name="bridgehead">%t</template>
<template name="chapter">%t</template>
<template name="sect1">%t</template>
<template name="sect2">%t</template>
<template name="sect3">%t</template>
<template name="sect4">%t</template>
<template name="sect5">%t</template>
<template name="section">%t</template>
<template name="simplesect">%t</template>

</context>

<context name="title-numbered">

<template name="appendix"><Appendix/>&#160;%n.&#160;%t</template>
<template name="article/appendix">%n.&#160;%t</template>
<template name="bridgehead">%n.&#160;%t</template>
<template name="chapter"><Chapter/>&#160;%n.&#160;%t</template>
<template name="part"><Part/>&#160;%n.&#160;%t</template>
<template name="sect1">%n.&#160;%t</template>
<template name="sect2">%n.&#160;%t</template>
<template name="sect3">%n.&#160;%t</template>
<template name="sect4">%n.&#160;%t</template>
<template name="sect5">%n.&#160;%t</template>
<template name="section">%n.&#160;%t</template>
<template name="simplesect">%t</template>

</context>

<context name="subtitle">

<template name="appendix">%s</template>
<template name="article">%s</template>
<template name="bibliodiv">%s</template>
<template name="biblioentry">%s</template>
<template name="bibliography">%s</template>
<template name="bibliomixed">%s</template>
<template name="bibliomset">%s</template>
<template name="biblioset">%s</template>
<template name="book">%s</template>
<template name="chapter">%s</template>
<template name="colophon">%s</template>
<template name="dedication">%s</template>
<template name="glossary">%s</template>
<template name="glossdiv">%s</template>
<template name="index">%s</template>
<template name="indexdiv">%s</template>
<template name="lot">%s</template>
<template name="part">%s</template>
<template name="partintro">%s</template>
<template name="preface">%s</template>
<template name="refentry">%s</template>
<template name="reference">%s</template>
<template name="refsection">%s</template>
<template name="refsect1">%s</template>
<template name="refsect2">%s</template>
<template name="refsect3">%s</template>
<template name="refsynopsisdiv">%s</template>
<template name="sect1">%s</template>
<template name="sect2">%s</template>
<template name="sect3">%s</template>
<template name="sect4">%s</template>
<template name="sect5">%s</template>
<template name="section">%s</template>
<template name="set">%s</template>
<template name="setindex">%s</template>
<template name="sidebar">%s</template>
<template name="simplesect">%s</template>
<template name="toc">%s</template>

</context>

<context name="xref">
<template name="abstract">%t</template>
<template name="answer"><Answer/>&#160;%n</template>
<template name="appendix">%t</template>
<template name="article">%t</template>
<template name="authorblurb">%t</template>
<template name="bibliodiv">%t</template>
<template name="bibliography">%t</template>
<template name="bibliomset">%t</template>
<template name="biblioset">%t</template>
<template name="blockquote">%t</template>
<template name="book">%t</template>
<template name="calloutlist">%t</template>
<template name="caution">%t</template>
<template name="chapter">%t</template>
<template name="colophon">%t</template>
<template name="constraintdef">%t</template>
<template name="dedication">%t</template>
<template name="equation">%t</template>
<template name="example">%t</template>
<template name="figure">%t</template>
<template name="foil">%t</template>	
<template name="foilgroup">%t</template> 
<template name="formalpara">%t</template>
<template name="glossary">%t</template>
<template name="glossdiv">%t</template>
<template name="important">%t</template>
<template name="index">%t</template>
<template name="indexdiv">%t</template>
<template name="itemizedlist">%t</template>
<template name="legalnotice">%t</template>
<template name="listitem">%n</template>
<template name="lot">%t</template>
<template name="msg">%t</template>
<template name="msgexplan">%t</template>
<template name="msgmain">%t</template>
<template name="msgrel">%t</template>
<template name="msgset">%t</template>
<template name="msgsub">%t</template>
<template name="note">%t</template>
<template name="orderedlist">%t</template>
<template name="part">%t</template>
<template name="partintro">%t</template>
<template name="preface">%t</template>
<template name="procedure">%t</template>
<template name="productionset">%t</template>
<template name="qandadiv">%t</template>
<template name="qandaentry"><Question/>&#160;%n</template>
<template name="qandaset">%t</template>
<template name="question"><Question/>&#160;%n</template>
<template name="reference">%t</template>
<template name="refsynopsisdiv">%t</template>
<template name="segmentedlist">%t</template>
<template name="set">%t</template>
<template name="setindex">%t</template>
<template name="sidebar">%t</template>
<template name="table">%t</template>
<template name="tip">%t</template>
<template name="toc">%t</template>
<template name="variablelist">%t</template>
<template name="varlistentry">%n</template>
<template name="warning">%t</template>
<template name="olink.document.citation"> in %o</template>
<template name="olink.page.citation"> (page %p)</template>
<template name="page.citation"> [%p]</template>
<template name="page">(page %p)</template>
<template name="docname"> in %o</template>
<template name="docnamelong"> in the document titled %o</template>
<template name="pageabbrev">(p. %p)</template>
<template name="Page">Page %p</template>

<template name="bridgehead"><sectioncalled/> <startquote/>%t<endquote/></template>
<template name="refsection"><sectioncalled/> <startquote/>%t<endquote/></template>
<template name="refsect1"><sectioncalled/> <startquote/>%t<endquote/></template>
<template name="refsect2"><sectioncalled/> <startquote/>%t<endquote/></template>
<template name="refsect3"><sectioncalled/> <startquote/>%t<endquote/></template>
<template name="sect1"><sectioncalled/> <startquote/>%t<endquote/></template>
<template name="sect2"><sectioncalled/> <startquote/>%t<endquote/></template>
<template name="sect3"><sectioncalled/> <startquote/>%t<endquote/></template>
<template name="sect4"><sectioncalled/> <startquote/>%t<endquote/></template>
<template name="sect5"><sectioncalled/> <startquote/>%t<endquote/></template>
<template name="section"><sectioncalled/> <startquote/>%t<endquote/></template>
<template name="simplesect"><sectioncalled/> <startquote/>%t<endquote/></template>

</context>

<context name="xref-number">

<template name="answer"><Answer/>&#160;%n</template>
<template name="appendix"><Appendix/>&#160;%n</template>
<template name="bridgehead"><Section/>&#160;%n</template>
<template name="chapter"><Chapter/>&#160;%n</template>
<template name="equation"><Equation/>&#160;%n</template>
<template name="example"><Example/>&#160;%n</template>
<template name="figure"><Figure/>&#160;%n</template>
<template name="part"><Part/>&#160;%n</template>
<template name="procedure"><Procedure/>&#160;%n</template>
<template name="productionset"><ProductionSet/>&#160;%n</template>
<template name="qandadiv"><Qandadiv/>&#160;%n</template>
<template name="qandaentry"><Question/>&#160;%n</template>
<template name="question"><Question/>&#160;%n</template>
<template name="sect1"><Section/>&#160;%n</template>
<template name="sect2"><Section/>&#160;%n</template>
<template name="sect3"><Section/>&#160;%n</template>
<template name="sect4"><Section/>&#160;%n</template>
<template name="sect5"><Section/>&#160;%n</template>
<template name="section"><Section/>&#160;%n</template>
<template name="table"><Table/>&#160;%n</template>

</context>

<context name="xref-number-and-title">

<template name="appendix"><Appendix/>&#160;%n, %t</template>
<template name="bridgehead"><Section/>&#160;%n, <startquote/>%t<endquote/></template>
<template name="chapter"><Chapter/>&#160;%n, %t</template>
<template name="equation"><Equation/>&#160;%n, <startquote/>%t<endquote/></template>
<template name="example"><Example/>&#160;%n, <startquote/>%t<endquote/></template>
<template name="figure"><Figure/>&#160;%n, <startquote/>%t<endquote/></template>
<template name="part"><Part/>&#160;%n, <startquote/>%t<endquote/></template>
<template name="procedure"><Procedure/>&#160;%n, <startquote/>%t<endquote/></template>
<template name="productionset"><ProductionSet/>&#160;%n, <startquote/>%t<endquote/></template>
<template name="qandadiv"><Qandadiv/>&#160;%n, <startquote/>%t<endquote/></template>
<template name="refsect1"><sectioncalled/> <startquote/>%t<endquote/></template>
<template name="refsect2"><sectioncalled/> <startquote/>%t<endquote/></template>
<template name="refsect3"><sectioncalled/> <startquote/>%t<endquote/></template>
<template name="refsection"><sectioncalled/> <startquote/>%t<endquote/></template>
<template name="sect1"><Section/>&#160;%n, <startquote/>%t<endquote/></template>
<template name="sect2"><Section/>&#160;%n, <startquote/>%t<endquote/></template>
<template name="sect3"><Section/>&#160;%n, <startquote/>%t<endquote/></template>
<template name="sect4"><Section/>&#160;%n, <startquote/>%t<endquote/></template>
<template name="sect5"><Section/>&#160;%n, <startquote/>%t<endquote/></template>
<template name="section"><Section/>&#160;%n, <startquote/>%t<endquote/></template>
<template name="simplesect"><sectioncalled/> <startquote/>%t<endquote/></template>
<template name="table"><Table/>&#160;%n, <startquote/>%t<endquote/></template>

</context>

<context name="authorgroup">
<template name="sep"><listcomma/> </template>
<template name="sep2"> <and/> </template>
<template name="seplast"><lastlistcomma/> <and/> </template>
</context>

<context name="glossary">
<template name="see"><GlossSee/> %t.</template>
<template name="seealso"><GlossSeeAlso/> %t.</template>
<template name="seealso-separator">, </template>
</context>

<context name="msgset">
<template name="MsgAud"><MsgAud/>: </template>
<template name="MsgLevel"><MsgLevel/>: </template>
<template name="MsgOrig"><MsgOrig/>: </template>
</context>

<context name="datetime">
<template name="format">m/d/Y</template>
</context>

<context name="termdef">
<template name="prefix">[Definition: </template>
<template name="suffix">]</template>
</context>

<context name="datetime-full">
<template name="January">January</template>
<template name="February">February</template>
<template name="March">March</template>
<template name="April">April</template>
<template name="May">May</template>
<template name="June">June</template>
<template name="July">July</template>
<template name="August">August</template>
<template name="September">September</template>
<template name="October">October</template>
<template name="November">November</template>
<template name="December">December</template>
<template name="Monday">Monday</template>
<template name="Tuesday">Tuesday</template>
<template name="Wednesday">Wednesday</template>
<template name="Thursday">Thursday</template>
<template name="Friday">Friday</template>
<template name="Saturday">Saturday</template>
<template name="Sunday">Sunday</template>
</context>

<context name="datetime-abbrev">
<template name="Jan">Jan</template>
<template name="Feb">Feb</template>
<template name="Mar">Mar</template>
<template name="Apr">Apr</template>
<template name="May">May</template>
<template name="Jun">Jun</template>
<template name="Jul">Jul</template>
<template name="Aug">Aug</template>
<template name="Sep">Sep</template>
<template name="Oct">Oct</template>
<template name="Nov">Nov</template>
<template name="Dec">Dec</template>
<template name="Mon">Mon</template>
<template name="Tue">Tue</template>
<template name="Wed">Wed</template>
<template name="Thu">Thu</template>
<template name="Fri">Fri</template>
<template name="Sat">Sat</template>
<template name="Sun">Sun</template>
</context>

<context name="htmlhelp">
<template name="langcode">0x0446 Punjabi</template>
</context>

</locale>