<locale language="sk" english-language-name="Slovak">

<info xmlns="http://docbook.org/ns/docbook">
<authorgroup>
  <author><personname><firstname>Stanislav</firstname><surname>Visnovsky</surname></personname>
  <email>visnovsky@nenya.ms.mff.cuni.cz</email>
          
  </author>
  <author><personname><firstname>Matej</firstname><surname>Pivoluska</surname></personname>
  <email>pivoluska@matftyz.cz</email>
  	
  </author>
  	
</authorgroup>
</info>

<gentext key="Abstract" text="Abstrakt"/>
<gentext key="abstract" text="Abstrakt"/>
<gentext key="Answer" text="A:"/>
<gentext key="answer" text="A:"/>
<gentext key="Appendix" text="Dodatok"/>
<gentext key="appendix" text="dodatok"/>
<gentext key="Article" text="&#268;l&#225;nok"/>
<gentext key="article" text="&#268;l&#225;nok"/>
<gentext key="article" text="Autor"/>
<gentext key="Bibliography" text="Bibliografia"/>
<gentext key="bibliography" text="Bibliografia"/>
<gentext key="Book" text="Kniha"/>
<gentext key="book" text="Kniha"/>
<gentext key="CAUTION" text="V&#221;STRAHA"/>
<gentext key="Caution" text="V&#253;straha"/>
<gentext key="caution" text="V&#253;straha"/>
<gentext key="Chapter" text="Kapitola"/>
<gentext key="chapter" text="kapitola"/>
<gentext key="Colophon" text="Tir&#225;&#382;"/>
<gentext key="colophon" text="Tir&#225;&#382;"/>
<gentext key="Copyright" text="Copyright"/>
<gentext key="copyright" text="Copyright"/>
<gentext key="Dedication" text="Venovanie"/>
<gentext key="dedication" text="Venovanie"/>
<gentext key="Edition" text="Vydanie"/>
<gentext key="edition" text="Vydanie"/>
<gentext key="Equation" text="Rovnica"/>
<gentext key="equation" text="Rovnica"/>
<gentext key="Example" text="Pr&#237;klad"/>
<gentext key="example" text="Pr&#237;klad"/>
<gentext key="Figure" text="Obr&#225;zok"/>
<gentext key="figure" text="Obr&#225;zok"/>
<gentext key="Glossary" text="Slovn&#237;k"/>
<gentext key="glossary" text="Slovn&#237;k"/>
<gentext key="GlossSee" text="Pozri"/>
<gentext key="glosssee" text="Pozri"/>
<gentext key="GlossSeeAlso" text="Pozri tie&#382;"/>
<gentext key="glossseealso" text="Pozri tie&#382;"/>
<gentext key="IMPORTANT" text="D&#212;LE&#381;IT&#201;"/>
<gentext key="Important" text="D&#244;le&#382;it&#233;"/>
<gentext key="important" text="D&#244;le&#382;it&#233;"/>
<gentext key="Index" text="Zoznam"/>
<gentext key="index" text="Zoznam"/>
<gentext key="ISBN" text="ISBN"/>
<gentext key="isbn" text="ISBN"/>
<gentext key="LegalNotice" text="Pr&#225;vna pozn&#225;mka"/>
<gentext key="legalnotice" text="Pr&#225;vna pozn&#225;mka"/>
<gentext key="MsgAud" text="Publikum"/>
<gentext key="msgaud" text="Publikum"/>
<gentext key="MsgLevel" text="&#218;rove&#328;"/>
<gentext key="msglevel" text="&#218;rove&#328;"/>
<gentext key="MsgOrig" text="P&#244;vod"/>
<gentext key="msgorig" text="P&#244;vod"/>
<gentext key="NOTE" text="POZN&#193;MKA"/>
<gentext key="Note" text="Pozn&#225;mka"/>
<gentext key="note" text="Pozn&#225;mka"/>
<gentext key="Part" text="&#268;as&#357;"/>
<gentext key="part" text="&#268;as&#357;"/>
<gentext key="Preface" text="Predslov"/>
<gentext key="preface" text="Predslov"/>
<gentext key="Procedure" text="Postup"/>
<gentext key="procedure" text="Postup"/>
<gentext key="ProductionSet" text="Produkcia"/>
<gentext key="Published" text="Vydan&#233;"/>
<gentext key="published" text="Vydan&#233;"/>
<gentext key="Qandadiv" text="Q &amp; A"/>
<gentext key="qandadiv" text="Q &amp; A"/>
<gentext key="Question" text="Q:"/>
<gentext key="question" text="Q:"/>
<gentext key="RefEntry" text=""/>
<gentext key="refentry" text=""/>
<gentext key="Reference" text="Odkaz"/>
<gentext key="reference" text="Odkaz"/>
<gentext key="RefName" text="Meno"/>
<gentext key="refname" text="Meno"/>
<gentext key="RefSection" text=""/>
<gentext key="refsection" text=""/>
<gentext key="RefSynopsisDiv" text="Preh&#318;ad"/>
<gentext key="refsynopsisdiv" text="Preh&#318;ad"/>
<gentext key="RevHistory" text="Preh&#318;ad rev&#237;zi&#237;"/>
<gentext key="revhistory" text="Preh&#318;ad rev&#237;zi&#237;"/>
<gentext key="Revision" text="Rev&#237;zia"/>
<gentext key="revision" text="Rev&#237;zia"/>
<gentext key="sect1" text="Oddiel"/>
<gentext key="sect2" text="Oddiel"/>
<gentext key="sect3" text="Oddiel"/>
<gentext key="sect4" text="Oddiel"/>
<gentext key="sect5" text="Oddiel"/>
<gentext key="Section" text="Oddiel"/>
<gentext key="section" text="oddiel"/>
<gentext key="See" text="Pozri"/>
<gentext key="see" text="Pozri"/>
<gentext key="SeeAlso" text="Pozri tie&#382;"/>
<gentext key="Seealso" text="Pozri tie&#382;"/>
<gentext key="seealso" text="Pozri tie&#382;"/>
<gentext key="Set" text="Nastavi&#357;"/>
<gentext key="set" text="Nastavi&#357;"/>
<gentext key="SetIndex" text="Nastavi&#357; index"/>
<gentext key="setindex" text="nastavi&#357; index"/>
<gentext key="Sidebar" text="Margin&#225;lia"/>
<gentext key="sidebar" text="margin&#225;lia"/>
<gentext key="Step" text="Krok"/>
<gentext key="step" text="krok"/>
<gentext key="Table" text="Tabu&#318;ka"/>
<gentext key="table" text="Tabu&#318;ka"/>
<gentext key="TIP" text="TIP"/>
<gentext key="Tip" text="Tip"/>
<gentext key="tip" text="Tip"/>
<gentext key="WARNING" text="VAROVANIE"/>
<gentext key="Warning" text="Varovanie"/>
<gentext key="warning" text="Varovanie"/>

<gentext key="and" text="a"/>
<gentext key="by" text=""/>
<gentext key="Edited" text="Vydan&#233;"/>
<gentext key="edited" text="Vydan&#233;"/>
<gentext key="Editedby" text="Zostavil: "/>
<gentext key="editedby" text="Zostavil: "/>
<gentext key="in" text="v"/>
<gentext key="lastlistcomma" text=","/>
<gentext key="listcomma" text=","/>
<gentext key="notes" text="Pozn&#225;mky"/>
<gentext key="Notes" text="Pozn&#225;mky"/>
<gentext key="Pgs" text="Str."/>
<gentext key="pgs" text="Str."/>
<gentext key="Revisedby" text="Revidoval: "/>
<gentext key="revisedby" text="Revidoval: "/>
<gentext key="TableNotes" text="Pozn&#225;mky"/>
<gentext key="tablenotes" text="Pozn&#225;mky"/>
<gentext key="TableofContents" text="Obsah"/>
<gentext key="tableofcontents" text="Obsah"/>
<gentext key="unexpectedelementname" text="Neo&#269;ak&#225;van&#233; meno prvku"/>
<gentext key="unsupported" text="nepodporovan&#253;"/>
<gentext key="xrefto" text="xref k"/>

<gentext key="listofequations" text="Zoznam rovn&#237;c"/>
<gentext key="ListofEquations" text="Zoznam rovn&#237;c"/>
<gentext key="ListofExamples" text="Zoznam pr&#237;kladov"/>
<gentext key="listofexamples" text="Zoznam pr&#237;kladov"/>
<gentext key="ListofFigures" text="Zoznam obr&#225;zkov"/>
<gentext key="listoffigures" text="Zoznam obr&#225;zkov"/>
<gentext key="listoftables" text="Zoznam tabuliek"/>
<gentext key="ListofTables" text="Zoznam tabuliek"/>
<gentext key="ListofUnknown" text="Zoznam nezn&#225;meho"/>
<gentext key="listofunknown" text="Zoznam nezn&#225;meho"/>

<gentext key="nav-home" text="Domov"/>
<gentext key="nav-next" text="Nasleduj&#250;ci"/>
<gentext key="nav-next-sibling" text="R&#253;chlo dopredu"/>
<gentext key="nav-prev" text="Predch&#225;dzaj&#250;ci"/>
<gentext key="nav-prev-sibling" text="R&#253;chlo nazp&#228;t"/>
<gentext key="nav-up" text="Hore"/>

<gentext key="sectioncalled" text="oddiel nazvan&#253;"/>
<gentext key="Draft" text="Koncept"/>
<gentext key="above" text="nad"/> 
<gentext key="below" text="pod"/> 
<gentext key="index symbols" text="Symboly"/>
<gentext key="writing-mode" text="lr-tb"/>

<gentext key="lowercase.alpha" text="a&#225;&#228;bc&#269;d&#271;e&#233;fghi&#237;jkl&#314;&#318;mn&#328;o&#243;&#244;pqr&#341;s&#353;t&#357;u&#250;vwxy&#253;z&#382;"/> 
<gentext key="uppercase.alpha" text="A&#193;&#196;BC&#268;D&#270;E&#201;FGHI&#205;JKL&#313;&#317;MN&#327;O&#211;&#212;PQR&#340;S&#352;T&#356;U&#218;VWXY&#221;Z&#381;"/> 

<dingbat key="startquote" text="&#8220;"/>
<dingbat key="endquote" text="&#8221;"/>
<dingbat key="nestedstartquote" text="&#8216;"/>
<dingbat key="nestedendquote" text="&#8217;"/>
<dingbat key="bullet" text="&#8226;"/>

<context name="styles">

<template name="person-name">first-last</template>

</context>

<context name="title">

<template name="abstract">%t</template>
<template name="answer">%t</template>
<template name="appendix"><Appendix/> %n. %t</template>
<template name="article">%t</template>
<template name="authorblurb">%t</template>
<template name="bibliodiv">%t</template>
<template name="biblioentry">%t</template>
<template name="bibliography">%t</template>
<template name="bibliomixed">%t</template>
<template name="bibliomset">%t</template>
<template name="biblioset">%t</template>
<template name="blockquote">%t</template>
<template name="book">%t</template>
<template name="calloutlist">%t</template>
<template name="caution">%t</template>
<template name="chapter"><Chapter/> %n. %t</template>
<template name="colophon">%t</template>
<template name="dedication">%t</template>
<template name="equation"><Equation/> %n. %t</template>
<template name="example"><Example/> %n. %t</template>
<template name="figure"><Figure/> %n. %t</template>
<template name="formalpara">%t</template>
<template name="glossary">%t</template>
<template name="glossdiv">%t</template>
<template name="important">%t</template>
<template name="index">%t</template>
<template name="indexdiv">%t</template>
<template name="itemizedlist">%t</template>
<template name="legalnotice">%t</template>
<template name="listitem"/>
<template name="lot">%t</template>
<template name="msg">%t</template>
<template name="msgexplan">%t</template>
<template name="msgmain">%t</template>
<template name="msgrel">%t</template>
<template name="msgset">%t</template>
<template name="msgsub">%t</template>
<template name="note">%t</template>
<template name="orderedlist">%t</template>
<template name="part"><Part/> %n. %t</template>
<template name="partintro">%t</template>
<template name="preface">%t</template>
<template name="procedure">%t</template>
<template name="procedure.formal"><Procedure/>&#160;%n.&#160;%t</template>
<template name="productionset">%t</template>
<template name="productionset.formal"><ProductionSet/>&#160;%n</template>
<template name="qandadiv">%t</template>
<template name="qandaentry">%t</template>
<template name="qandaset">%t</template>
<template name="question">%t</template>
<template name="refentry">%t</template>
<template name="reference">%t</template>
<template name="refsection">%t</template>
<template name="refsect1">%t</template>
<template name="refsect2">%t</template>
<template name="refsect3">%t</template>
<template name="refsynopsisdiv">%t</template>
<template name="refsynopsisdivinfo">%t</template>
<template name="segmentedlist">%t</template>
<template name="set">%t</template>
<template name="setindex">%t</template>
<template name="sidebar">%t</template>
<template name="step">%t</template>
<template name="table"><Table/> %n. %t</template>
<template name="tip">%t</template>
<template name="toc">%t</template>
<template name="variablelist">%t</template>
<template name="warning">%t</template>

</context>

<context name="title-unnumbered">

<template name="appendix">%t</template>
<template name="bridgehead">%t</template>
<template name="chapter">%t</template>
<template name="sect1">%t</template>
<template name="sect2">%t</template>
<template name="sect3">%t</template>
<template name="sect4">%t</template>
<template name="sect5">%t</template>
<template name="section">%t</template>
<template name="simplesect">%t</template>

</context>

<context name="title-numbered">

<template name="appendix"><Appendix/> %n. %t</template>
<template name="bridgehead">%t</template>
<template name="chapter"><Chapter/> %n. %t</template>
<template name="part"><Part/>&#160;%n.&#160;%t</template>
<template name="sect1">%n. %t</template>
<template name="sect2">%n. %t</template>
<template name="sect3">%n. %t</template>
<template name="sect4">%n. %t</template>
<template name="sect5">%n. %t</template>
<template name="section">%n. %t</template>
<template name="simplesect">%n. %t</template>

</context>

<context name="subtitle">

<template name="appendix">%s</template>
<template name="article">%s</template>
<template name="bibliodiv">%s</template>
<template name="biblioentry">%s</template>
<template name="bibliography">%s</template>
<template name="bibliomixed">%s</template>
<template name="bibliomset">%s</template>
<template name="biblioset">%s</template>
<template name="book">%s</template>
<template name="chapter">%s</template>
<template name="colophon">%s</template>
<template name="dedication">%s</template>
<template name="glossary">%s</template>
<template name="glossdiv">%s</template>
<template name="index">%s</template>
<template name="indexdiv">%s</template>
<template name="lot">%s</template>
<template name="part">%s</template>
<template name="partintro">%s</template>
<template name="preface">%s</template>
<template name="refentry">%s</template>
<template name="reference">%s</template>
<template name="refsection">%s</template>
<template name="refsect1">%s</template>
<template name="refsect2">%s</template>
<template name="refsect3">%s</template>
<template name="refsynopsisdiv">%s</template>
<template name="sect1">%s</template>
<template name="sect2">%s</template>
<template name="sect3">%s</template>
<template name="sect4">%s</template>
<template name="sect5">%s</template>
<template name="section">%s</template>
<template name="set">%s</template>
<template name="setindex">%s</template>
<template name="sidebar">%s</template>
<template name="simplesect">%s</template>
<template name="toc">%s</template>

</context>

<context name="xref">
<template name="abstract">%t</template>
<template name="answer"><Answer/>&#160;%n</template>
<template name="appendix">%t</template>
<template name="article">%t</template>
<template name="authorblurb">%t</template>
<template name="bibliodiv">%t</template>
<template name="bibliography">%t</template>
<template name="bibliomset">%t</template>
<template name="biblioset">%t</template>
<template name="blockquote">%t</template>
<template name="book">%t</template>
<template name="calloutlist">%t</template>
<template name="caution">%t</template>
<template name="chapter">%t</template>
<template name="colophon">%t</template>
<template name="constraintdef">%t</template>
<template name="dedication">%t</template>
<template name="equation">%t</template>
<template name="example">%t</template>
<template name="figure">%t</template>
<template name="formalpara">%t</template>
<template name="glossary">%t</template>
<template name="glossdiv">%t</template>
<template name="important">%t</template>
<template name="index">%t</template>
<template name="indexdiv">%t</template>
<template name="itemizedlist">%t</template>
<template name="legalnotice">%t</template>
<template name="listitem">%n</template>
<template name="lot">%t</template>
<template name="msg">%t</template>
<template name="msgexplan">%t</template>
<template name="msgmain">%t</template>
<template name="msgrel">%t</template>
<template name="msgset">%t</template>
<template name="msgsub">%t</template>
<template name="note">%t</template>
<template name="orderedlist">%t</template>
<template name="part">%t</template>
<template name="partintro">%t</template>
<template name="preface">%t</template>
<template name="procedure">%t</template>
<template name="productionset">%t</template>
<template name="qandadiv">%t</template>
<template name="qandaentry"><Question/>&#160;%n</template>
<template name="qandaset">%t</template>
<template name="question"><Question/>&#160;%n</template>
<template name="reference">%t</template>
<template name="refsynopsisdiv">%t</template>
<template name="segmentedlist">%t</template>
<template name="set">%t</template>
<template name="setindex">%t</template>
<template name="sidebar">%t</template>
<template name="table">%t</template>
<template name="tip">%t</template>
<template name="toc">%t</template>
<template name="variablelist">%t</template>
<template name="varlistentry">%n</template>
<template name="warning">%t</template>
<template name="page.citation"> [%p]</template>

<template name="bridgehead">&#8220;%t&#8221;</template>
<template name="refsection">&#8220;%t&#8221;</template>
<template name="refsect1">&#8220;%t&#8221;</template>
<template name="refsect2">&#8220;%t&#8221;</template>
<template name="refsect3">&#8220;%t&#8221;</template>
<template name="sect1">&#8220;%t&#8221;</template>
<template name="sect2">&#8220;%t&#8221;</template>
<template name="sect3">&#8220;%t&#8221;</template>
<template name="sect4">&#8220;%t&#8221;</template>
<template name="sect5">&#8220;%t&#8221;</template>
<template name="section">&#8220;%t&#8221;</template>
<template name="simplesect">&#8220;%t&#8221;</template>

</context>

<context name="xref-number">

<template name="answer"><Answer/>&#160;%n</template>
<template name="appendix"><Appendix/>&#160;%n</template>
<template name="bridgehead"><Section/>&#160;%n</template>
<template name="chapter"><Chapter/>&#160;%n</template>
<template name="equation"><Equation/>&#160;%n</template>
<template name="example"><Example/>&#160;%n</template>
<template name="figure"><Figure/>&#160;%n</template>
<template name="part"><Part/>&#160;%n</template>
<template name="procedure"><Procedure/>&#160;%n</template>
<template name="productionset"><ProductionSet/>&#160;%n</template>
<template name="qandadiv"><Qandadiv/>&#160;%n</template>
<template name="qandaentry"><Question/>&#160;%n</template>
<template name="question"><Question/>&#160;%n</template>
<template name="sect1"><Section/>&#160;%n</template>
<template name="sect2"><Section/>&#160;%n</template>
<template name="sect3"><Section/>&#160;%n</template>
<template name="sect4"><Section/>&#160;%n</template>
<template name="sect5"><Section/>&#160;%n</template>
<template name="section"><Section/>&#160;%n</template>
<template name="table"><Table/>&#160;%n</template>

</context>

<context name="xref-number-and-title">

<template name="appendix"><Appendix/>&#160;%n, %t</template>
<template name="bridgehead"><Section/>&#160;%n, <startquote/>%t<endquote/></template>
<template name="chapter"><Chapter/>&#160;%n, %t</template>
<template name="equation"><Equation/>&#160;%n, <startquote/>%t<endquote/></template>
<template name="example"><Example/>&#160;%n, <startquote/>%t<endquote/></template>
<template name="figure"><Figure/>&#160;%n, <startquote/>%t<endquote/></template>
<template name="part"><Part/>&#160;%n, <startquote/>%t<endquote/></template>
<template name="procedure"><Procedure/>&#160;%n, <startquote/>%t<endquote/></template>
<template name="productionset"><ProductionSet/>&#160;%n, <startquote/>%t<endquote/></template>
<template name="qandadiv"><Qandadiv/>&#160;%n, <startquote/>%t<endquote/></template>
<template name="refsect1"><sectioncalled/> <startquote/>%t<endquote/></template>
<template name="refsect2"><sectioncalled/> <startquote/>%t<endquote/></template>
<template name="refsect3"><sectioncalled/> <startquote/>%t<endquote/></template>
<template name="refsection"><sectioncalled/> <startquote/>%t<endquote/></template>
<template name="sect1"><Section/>&#160;%n, <startquote/>%t<endquote/></template>
<template name="sect2"><Section/>&#160;%n, <startquote/>%t<endquote/></template>
<template name="sect3"><Section/>&#160;%n, <startquote/>%t<endquote/></template>
<template name="sect4"><Section/>&#160;%n, <startquote/>%t<endquote/></template>
<template name="sect5"><Section/>&#160;%n, <startquote/>%t<endquote/></template>
<template name="section"><Section/>&#160;%n, <startquote/>%t<endquote/></template>
<template name="simplesect"><sectioncalled/> <startquote/>%t<endquote/></template>
<template name="table"><Table/>&#160;%n, <startquote/>%t<endquote/></template>

</context>

<context name="authorgroup">
<template name="sep"><listcomma/> </template>
<template name="sep2"> <and/> </template>
<template name="seplast"><lastlistcomma/> <and/> </template>
</context>

<context name="glossary">
<template name="see"><GlossSee/> %t.</template>
<template name="seealso"><GlossSeeAlso/> %t.</template>
<template name="seealso-separator">, </template>
</context>

<context name="msgset">
<template name="MsgAud"><MsgAud/>: </template>
<template name="MsgLevel"><MsgLevel/>: </template>
<template name="MsgOrig"><MsgOrig/>: </template>
</context>

<context name="datetime">
<template name="format">d.&#160;B Y</template>
</context>

<context name="datetime-full">
<template name="January">janu&#225;ra</template>
<template name="February">febru&#225;ra</template>
<template name="March">marca</template>
<template name="April">apr&#237;la</template>
<template name="May">m&#225;ja</template>
<template name="June">j&#250;na</template>
<template name="July">j&#250;la</template>
<template name="August">augusta</template>
<template name="September">septembra</template>
<template name="October">okt&#243;bra</template>
<template name="November">novembra</template>
<template name="December">decembra</template>
<template name="Monday">pondelok</template>
<template name="Tuesday">utorok</template>
<template name="Wednesday">streda</template>
<template name="Thursday">&#353;tvrtok</template>
<template name="Friday">piatok</template>
<template name="Saturday">sobota</template>
<template name="Sunday">nede&#318;a</template>
</context>

<context name="datetime-abbrev">
<template name="Jan">jan</template>
<template name="Feb">feb</template>
<template name="Mar">mar</template>
<template name="Apr">apr</template>
<template name="May">m&#225;j</template>
<template name="Jun">j&#250;n</template>
<template name="Jul">j&#250;l</template>
<template name="Aug">aug</template>
<template name="Sep">sep</template>
<template name="Oct">okt</template>
<template name="Nov">nov</template>
<template name="Dec">dec</template>
<template name="Mon">po</template>
<template name="Tue">ut</template>
<template name="Wed">st</template>
<template name="Thu">&#353;t</template>
<template name="Fri">pi</template>
<template name="Sat">so</template>
<template name="Sun">ne</template>
</context>

<context name="htmlhelp">
<template name="langcode">0x041b Slovak</template>
</context>

</locale>