<locale language="sr" english-language-name="Serbian in Cyrillic script">

<info xmlns="http://docbook.org/ns/docbook">
<authorgroup>
  <author><personname><firstname>Brane</firstname><surname>Jovanovic</surname></personname>
  <email>fangorn@eunet.yu</email>
          
  </author>
  <author><personname><firstname>Milos</firstname><surname>Komarcevic</surname></personname>
  <email>kmilos@gmail.com</email>
          
  </author>
</authorgroup>
</info>

<gentext key="Abstract" text="&#1057;&#1072;&#1078;&#1077;&#1090;&#1072;&#1082;"/>
<gentext key="abstract" text="&#1089;&#1072;&#1078;&#1077;&#1090;&#1072;&#1082;"/>
<gentext key="Answer" text="&#1054;:"/>
<gentext key="answer" text="&#1086;:"/>
<gentext key="Appendix" text="&#1044;&#1086;&#1076;&#1072;&#1090;&#1072;&#1082;"/>
<gentext key="appendix" text="&#1076;&#1086;&#1076;&#1072;&#1090;&#1072;&#1082;"/>
<gentext key="Article" text="&#1063;&#1083;&#1072;&#1085;&#1072;&#1082;"/>
<gentext key="article" text="&#1095;&#1083;&#1072;&#1085;&#1072;&#1082;"/>
<gentext key="Author" text="&#1040;&#1091;&#1090;&#1086;&#1088;"/>
<gentext key="Bibliography" text="&#1051;&#1080;&#1090;&#1077;&#1088;&#1072;&#1090;&#1091;&#1088;&#1072;"/>
<gentext key="bibliography" text="&#1083;&#1080;&#1090;&#1077;&#1088;&#1072;&#1090;&#1091;&#1088;&#1072;"/>
<gentext key="Book" text="&#1050;&#1114;&#1080;&#1075;&#1072;"/>
<gentext key="book" text="&#1082;&#1114;&#1080;&#1075;&#1072;"/>
<gentext key="CAUTION" text="&#1059;&#1055;&#1054;&#1047;&#1054;&#1056;&#1045;&#1034;&#1045;"/>
<gentext key="Caution" text="&#1059;&#1087;&#1086;&#1079;&#1086;&#1088;&#1077;&#1114;&#1077;"/>
<gentext key="caution" text="&#1091;&#1087;&#1086;&#1079;&#1086;&#1088;&#1077;&#1114;&#1077;"/>
<gentext key="Chapter" text="&#1055;&#1086;&#1075;&#1083;&#1072;&#1074;&#1113;&#1077;"/>
<gentext key="chapter" text="&#1087;&#1086;&#1075;&#1083;&#1072;&#1074;&#1113;&#1077;"/>
<gentext key="Colophon" text="&#1050;&#1086;&#1083;&#1086;&#1092;&#1086;&#1085;"/>
<gentext key="colophon" text="&#1082;&#1086;&#1083;&#1086;&#1092;&#1086;&#1085;"/>
<gentext key="Copyright" text="&#1040;&#1091;&#1090;&#1086;&#1088;&#1089;&#1082;&#1072; &#1087;&#1088;&#1072;&#1074;&#1072;"/>
<gentext key="copyright" text="&#1072;&#1091;&#1090;&#1086;&#1088;&#1089;&#1082;&#1072; &#1087;&#1088;&#1072;&#1074;&#1072;"/>
<gentext key="Dedication" text="&#1055;&#1086;&#1089;&#1074;&#1077;&#1090;&#1072;"/>
<gentext key="dedication" text="&#1087;&#1086;&#1089;&#1074;&#1077;&#1090;&#1072;"/>
<gentext key="Edition" text="&#1048;&#1079;&#1076;&#1072;&#1114;&#1077;"/>
<gentext key="edition" text="&#1080;&#1079;&#1076;&#1072;&#1114;&#1077;"/>
<gentext key="Editor" text="&#1059;&#1088;&#1077;&#1076;&#1085;&#1080;&#1082;"/>
<gentext key="Equation" text="&#1032;&#1077;&#1076;&#1085;&#1072;&#1095;&#1080;&#1085;&#1072;"/>
<gentext key="equation" text="&#1112;&#1077;&#1076;&#1085;&#1072;&#1095;&#1080;&#1085;&#1072;"/>
<gentext key="Example" text="&#1055;&#1088;&#1080;&#1084;&#1077;&#1088;"/>
<gentext key="example" text="&#1087;&#1088;&#1080;&#1084;&#1077;&#1088;"/>
<gentext key="Figure" text="&#1057;&#1083;&#1080;&#1082;&#1072;"/>
<gentext key="figure" text="&#1089;&#1083;&#1080;&#1082;&#1072;"/>
<gentext key="Glossary" text="&#1056;&#1077;&#1095;&#1085;&#1080;&#1082;"/>
<gentext key="glossary" text="&#1088;&#1077;&#1095;&#1085;&#1080;&#1082;"/>
<gentext key="GlossSee" text="&#1042;&#1080;&#1076;&#1080;"/>
<gentext key="glosssee" text="&#1074;&#1080;&#1076;&#1080;"/>
<gentext key="GlossSeeAlso" text="&#1042;&#1080;&#1076;&#1080; &#1090;&#1072;&#1082;&#1086;&#1106;&#1077;"/>
<gentext key="glossseealso" text="&#1074;&#1080;&#1076;&#1080; &#1090;&#1072;&#1082;&#1086;&#1106;&#1077;"/>
<gentext key="IMPORTANT" text="&#1042;&#1040;&#1046;&#1053;&#1054;"/>
<gentext key="important" text="&#1074;&#1072;&#1078;&#1085;&#1086;"/>
<gentext key="Important" text="&#1042;&#1072;&#1078;&#1085;&#1086;"/>
<gentext key="Index" text="&#1048;&#1085;&#1076;&#1077;&#1082;&#1089;"/>
<gentext key="index" text="&#1080;&#1085;&#1076;&#1077;&#1082;&#1089;"/>
<gentext key="ISBN" text="ISBN"/>
<gentext key="isbn" text="ISBN"/>
<gentext key="LegalNotice" text="&#1055;&#1088;&#1072;&#1074;&#1085;&#1072; &#1085;&#1072;&#1087;&#1086;&#1084;&#1077;&#1085;&#1072;"/>
<gentext key="legalnotice" text="&#1087;&#1088;&#1072;&#1074;&#1085;&#1072; &#1085;&#1072;&#1087;&#1086;&#1084;&#1077;&#1085;&#1072;"/>
<gentext key="MsgAud" text="&#1055;&#1091;&#1073;&#1083;&#1080;&#1082;&#1072;"/>
<gentext key="msgaud" text="&#1087;&#1091;&#1073;&#1083;&#1080;&#1082;&#1072;"/>
<gentext key="MsgLevel" text="&#1053;&#1080;&#1074;&#1086;"/>
<gentext key="msglevel" text="&#1085;&#1080;&#1074;&#1086;"/>
<gentext key="MsgOrig" text="&#1048;&#1079;&#1074;&#1086;&#1088;"/>
<gentext key="msgorig" text="&#1080;&#1079;&#1074;&#1086;&#1088;"/>
<gentext key="NOTE" text="&#1055;&#1056;&#1048;&#1052;&#1045;&#1044;&#1041;&#1040;"/>
<gentext key="Note" text="&#1055;&#1088;&#1080;&#1084;&#1077;&#1076;&#1073;&#1072;"/>
<gentext key="note" text="&#1087;&#1088;&#1080;&#1084;&#1077;&#1076;&#1073;&#1072;"/>
<gentext key="Part" text="&#1044;&#1077;&#1086;"/>
<gentext key="part" text="&#1076;&#1077;&#1086;"/>
<gentext key="Preface" text="&#1055;&#1088;&#1077;&#1076;&#1075;&#1086;&#1074;&#1086;&#1088;"/>
<gentext key="preface" text="&#1087;&#1088;&#1077;&#1076;&#1075;&#1086;&#1074;&#1086;&#1088;"/>
<gentext key="Procedure" text="&#1055;&#1086;&#1089;&#1090;&#1091;&#1087;&#1072;&#1082;"/>
<gentext key="procedure" text="&#1087;&#1086;&#1089;&#1090;&#1091;&#1087;&#1072;&#1082;"/>
<gentext key="ProductionSet" text="&#1055;&#1088;&#1086;&#1076;&#1091;&#1082;&#1094;&#1080;&#1112;&#1072;"/>
<gentext key="PubDate" text="&#1044;&#1072;&#1090;&#1091;&#1084; &#1080;&#1079;&#1076;&#1072;&#1074;&#1072;&#1114;&#1072;"/>
<gentext key="pubdate" text="&#1076;&#1072;&#1090;&#1091;&#1084; &#1080;&#1079;&#1076;&#1072;&#1074;&#1072;&#1114;&#1072;"/>
<gentext key="Published" text="&#1048;&#1079;&#1076;&#1072;&#1085;&#1086;"/>
<gentext key="published" text="&#1080;&#1079;&#1076;&#1072;&#1085;&#1086;"/>
<gentext key="Publisher" text="&#1048;&#1079;&#1076;&#1072;&#1074;&#1072;&#1095;"/>
<gentext key="Qandadiv" text="&#1055; &#1080; &#1054;"/>
<gentext key="qandadiv" text="&#1087; &#1080; &#1086;"/>
<gentext key="QandASet" text="&#1063;&#1077;&#1089;&#1090;&#1086; &#1087;&#1086;&#1089;&#1090;&#1072;&#1074;&#1113;&#1072;&#1085;&#1072; &#1087;&#1080;&#1090;&#1072;&#1114;&#1072;"/>
<gentext key="Question" text="&#1055;:"/>
<gentext key="question" text="&#1087;:"/>
<gentext key="RefEntry" text=""/>
<gentext key="refentry" text=""/>
<gentext key="Reference" text="&#1056;&#1077;&#1092;&#1077;&#1088;&#1077;&#1085;&#1094;&#1072;"/>
<gentext key="reference" text="&#1088;&#1077;&#1092;&#1077;&#1088;&#1077;&#1085;&#1094;&#1072;"/>
<gentext key="References" text="&#1056;&#1077;&#1092;&#1077;&#1088;&#1077;&#1085;&#1094;&#1077;"/>
<gentext key="RefName" text="&#1048;&#1084;&#1077;"/>
<gentext key="refname" text="&#1080;&#1084;&#1077;"/>
<gentext key="RefSection" text=""/>
<gentext key="refsection" text=""/>
<gentext key="RefSynopsisDiv" text="&#1055;&#1088;&#1077;&#1075;&#1083;&#1077;&#1076;"/>
<gentext key="refsynopsisdiv" text="&#1087;&#1088;&#1077;&#1075;&#1083;&#1077;&#1076;"/>
<gentext key="RevHistory" text="&#1048;&#1089;&#1090;&#1086;&#1088;&#1080;&#1112;&#1072; &#1088;&#1077;&#1074;&#1080;&#1079;&#1080;&#1112;&#1072;"/>
<gentext key="revhistory" text="&#1080;&#1089;&#1090;&#1086;&#1088;&#1080;&#1112;&#1072; &#1088;&#1077;&#1074;&#1080;&#1079;&#1080;&#1112;&#1072;"/>
<gentext key="revision" text="&#1088;&#1077;&#1074;&#1080;&#1079;&#1080;&#1112;&#1072;"/>
<gentext key="Revision" text="&#1056;&#1077;&#1074;&#1080;&#1079;&#1080;&#1112;&#1072;"/>
<gentext key="sect1" text="&#1054;&#1076;&#1077;&#1113;&#1072;&#1082;"/>
<gentext key="sect2" text="&#1054;&#1076;&#1077;&#1113;&#1072;&#1082;"/>
<gentext key="sect3" text="&#1054;&#1076;&#1077;&#1113;&#1072;&#1082;"/>
<gentext key="sect4" text="&#1054;&#1076;&#1077;&#1113;&#1072;&#1082;"/>
<gentext key="sect5" text="&#1054;&#1076;&#1077;&#1113;&#1072;&#1082;"/>
<gentext key="section" text="&#1086;&#1076;&#1077;&#1113;&#1072;&#1082;"/>
<gentext key="Section" text="&#1054;&#1076;&#1077;&#1113;&#1072;&#1082;"/>
<gentext key="see" text="&#1074;&#1080;&#1076;&#1080;"/>             
<gentext key="See" text="&#1042;&#1080;&#1076;&#1080;"/>
<gentext key="seealso" text="&#1074;&#1080;&#1076;&#1080; &#1090;&#1072;&#1082;&#1086;&#1106;&#1077;"/>    
<gentext key="Seealso" text="&#1042;&#1080;&#1076;&#1080; &#1090;&#1072;&#1082;&#1086;&#1106;&#1077;"/>
<gentext key="SeeAlso" text="&#1042;&#1080;&#1076;&#1080; &#1090;&#1072;&#1082;&#1086;&#1106;&#1077;"/>
<gentext key="set" text="&#1089;&#1082;&#1091;&#1087;"/>
<gentext key="Set" text="&#1057;&#1082;&#1091;&#1087;"/>
<gentext key="setindex" text="&#1080;&#1085;&#1076;&#1077;&#1082;&#1089; &#1089;&#1082;&#1091;&#1087;&#1072;"/>
<gentext key="SetIndex" text="&#1048;&#1085;&#1076;&#1077;&#1082;&#1089; &#1089;&#1082;&#1091;&#1087;&#1072;"/>
<gentext key="Sidebar" text="&#1041;&#1086;&#1095;&#1085;&#1072; &#1090;&#1088;&#1072;&#1082;&#1072;"/>
<gentext key="sidebar" text="&#1073;&#1086;&#1095;&#1085;&#1072; &#1090;&#1088;&#1072;&#1082;&#1072;"/>
<gentext key="step" text="&#1082;&#1086;&#1088;&#1072;&#1082;"/>
<gentext key="Step" text="&#1050;&#1086;&#1088;&#1072;&#1082;"/>
<gentext key="Table" text="&#1058;&#1072;&#1073;&#1077;&#1083;&#1072;"/>
<gentext key="table" text="&#1090;&#1072;&#1073;&#1077;&#1083;&#1072;"/>
<gentext key="task" text="&#1079;&#1072;&#1076;&#1072;&#1090;&#1072;&#1082;"/>
<gentext key="Task" text="&#1047;&#1072;&#1076;&#1072;&#1090;&#1072;&#1082;"/>
<gentext key="tip" text="&#1089;&#1072;&#1074;&#1077;&#1090;"/>
<gentext key="TIP" text="&#1057;&#1040;&#1042;&#1045;&#1058;"/>
<gentext key="Tip" text="&#1057;&#1072;&#1074;&#1077;&#1090;"/>
<gentext key="Warning" text="&#1059;&#1087;&#1086;&#1079;&#1086;&#1088;&#1077;&#1114;&#1077;"/>
<gentext key="warning" text="&#1091;&#1087;&#1086;&#1079;&#1086;&#1088;&#1077;&#1114;&#1077;"/>
<gentext key="WARNING" text="&#1059;&#1055;&#1054;&#1047;&#1054;&#1056;&#1045;&#1034;&#1045;"/>

<gentext key="and" text="&#1080;"/>
<gentext key="by" text="&#1086;&#1076;"/>
<gentext key="Edited" text="&#1059;&#1088;&#1077;&#1106;&#1077;&#1085;&#1086;"/>
<gentext key="edited" text="&#1091;&#1088;&#1077;&#1106;&#1077;&#1085;&#1086;"/>
<gentext key="Editedby" text="&#1059;&#1088;&#1077;&#1076;&#1080;&#1086;(&#1083;&#1072;)"/>
<gentext key="editedby" text="&#1059;&#1088;&#1077;&#1076;&#1080;&#1086;(&#1083;&#1072;)"/>
<gentext key="in" text="&#1091;"/>
<gentext key="lastlistcomma" text=","/>
<gentext key="listcomma" text=","/>
<gentext key="notes" text="&#1087;&#1088;&#1080;&#1084;&#1077;&#1076;&#1073;&#1077;"/>
<gentext key="Notes" text="&#1055;&#1088;&#1080;&#1084;&#1077;&#1076;&#1073;&#1077;"/>
<gentext key="Pgs" text="&#1057;&#1090;&#1088;."/>
<gentext key="pgs" text="&#1089;&#1090;&#1088;."/>
<gentext key="Revisedby" text="&#1055;&#1088;&#1077;&#1075;&#1083;&#1077;&#1076;&#1072;&#1086;(&#1083;&#1072;): "/>
<gentext key="revisedby" text="&#1087;&#1088;&#1077;&#1075;&#1083;&#1077;&#1076;&#1072;&#1086;(&#1083;&#1072;): "/>
<gentext key="TableNotes" text="&#1055;&#1088;&#1080;&#1084;&#1077;&#1076;&#1073;&#1077;"/>
<gentext key="tablenotes" text="&#1087;&#1088;&#1080;&#1084;&#1077;&#1076;&#1073;&#1077;"/>
<gentext key="TableofContents" text="&#1057;&#1072;&#1076;&#1088;&#1078;&#1072;&#1112;"/>
<gentext key="tableofcontents" text="&#1089;&#1072;&#1076;&#1088;&#1078;&#1072;&#1112;"/>
<gentext key="unexpectedelementname" text="&#1085;&#1077;&#1086;&#1095;&#1077;&#1082;&#1080;&#1074;&#1072;&#1085;&#1086; &#1080;&#1084;&#1077; &#1077;&#1083;&#1077;&#1084;&#1077;&#1085;&#1090;&#1072;"/>
<gentext key="unsupported" text="&#1085;&#1080;&#1112;&#1077; &#1087;&#1086;&#1076;&#1088;&#1078;&#1072;&#1085;&#1086;"/>
<gentext key="xrefto" text="&#1091;&#1085;&#1072;&#1082;&#1088;&#1089;&#1085;&#1072; &#1088;&#1077;&#1092;&#1077;&#1088;&#1077;&#1085;&#1094;&#1072; &#1085;&#1072;"/>



<gentext key="Authors" text="&#1040;&#1091;&#1090;&#1086;&#1088;&#1080;"/>



<gentext key="copyeditor" text="&#1048;&#1079;&#1076;&#1072;&#1074;&#1072;&#1095;&#1082;&#1080; &#1091;&#1088;&#1077;&#1076;&#1085;&#1080;&#1082;"/>
<gentext key="graphicdesigner" text="&#1043;&#1088;&#1072;&#1092;&#1080;&#1095;&#1082;&#1080; &#1076;&#1080;&#1079;&#1072;&#1112;&#1085;&#1077;&#1088;"/>
<gentext key="productioneditor" text="&#1048;&#1079;&#1074;&#1088;&#1096;&#1085;&#1080; &#1091;&#1088;&#1077;&#1076;&#1085;&#1080;&#1082;"/>
<gentext key="technicaleditor" text="&#1058;&#1077;&#1093;&#1085;&#1080;&#1095;&#1082;&#1080; &#1091;&#1088;&#1077;&#1076;&#1085;&#1080;&#1082;"/>
<gentext key="translator" text="&#1055;&#1088;&#1077;&#1074;&#1086;&#1076;&#1080;&#1083;&#1072;&#1094;"/>

<gentext key="listofequations" text="&#1089;&#1087;&#1080;&#1089;&#1072;&#1082; &#1112;&#1077;&#1076;&#1085;&#1072;&#1095;&#1080;&#1085;&#1072;"/>
<gentext key="ListofEquations" text="&#1057;&#1087;&#1080;&#1089;&#1072;&#1082; &#1112;&#1077;&#1076;&#1085;&#1072;&#1095;&#1080;&#1085;&#1072;"/>
<gentext key="ListofExamples" text="&#1057;&#1087;&#1080;&#1089;&#1072;&#1082; &#1087;&#1088;&#1080;&#1084;&#1077;&#1088;&#1072;"/>
<gentext key="listofexamples" text="&#1089;&#1087;&#1080;&#1089;&#1072;&#1082; &#1087;&#1088;&#1080;&#1084;&#1077;&#1088;&#1072;"/>
<gentext key="ListofFigures" text="&#1057;&#1087;&#1080;&#1089;&#1072;&#1082; &#1089;&#1083;&#1080;&#1082;&#1072;"/>
<gentext key="listoffigures" text="&#1089;&#1087;&#1080;&#1089;&#1072;&#1082; &#1089;&#1083;&#1080;&#1082;&#1072;"/>
<gentext key="ListofProcedures" text="&#1057;&#1087;&#1080;&#1089;&#1072;&#1082; &#1087;&#1086;&#1089;&#1090;&#1091;&#1087;&#1072;&#1082;&#1072;"/>
<gentext key="listofprocedures" text="&#1089;&#1087;&#1080;&#1089;&#1072;&#1082; &#1087;&#1086;&#1089;&#1090;&#1091;&#1087;&#1072;&#1082;&#1072;"/>
<gentext key="listoftables" text="&#1089;&#1087;&#1080;&#1089;&#1072;&#1082; &#1090;&#1072;&#1073;&#1077;&#1083;&#1072;"/>
<gentext key="ListofTables" text="&#1057;&#1087;&#1080;&#1089;&#1072;&#1082; &#1090;&#1072;&#1073;&#1077;&#1083;&#1072;"/>
<gentext key="ListofUnknown" text="&#1089;&#1087;&#1080;&#1089;&#1072;&#1082; &#1085;&#1077;&#1087;&#1086;&#1079;&#1085;&#1072;&#1090;&#1080;&#1093;"/>
<gentext key="listofunknown" text="&#1057;&#1087;&#1080;&#1089;&#1072;&#1082; &#1085;&#1077;&#1087;&#1086;&#1079;&#1085;&#1072;&#1090;&#1080;&#1093;"/>

<gentext key="nav-home" text="&#1055;&#1086;&#1095;&#1077;&#1090;&#1072;&#1082;"/>
<gentext key="nav-next" text="&#1057;&#1083;&#1077;&#1076;&#1077;&#1115;&#1080;"/>
<gentext key="nav-next-sibling" text="&#1041;&#1088;&#1079;&#1086; &#1085;&#1072;&#1087;&#1088;&#1077;&#1076;"/>
<gentext key="nav-prev" text="&#1055;&#1088;&#1077;&#1090;&#1093;&#1086;&#1076;&#1085;&#1080;"/>
<gentext key="nav-prev-sibling" text="&#1041;&#1088;&#1079;&#1086; &#1085;&#1072;&#1079;&#1072;&#1076;"/>
<gentext key="nav-up" text="&#1042;&#1088;&#1093;"/>
<gentext key="nav-toc" text="&#1057;&#1072;&#1076;&#1088;."/>

<gentext key="Draft" text="&#1053;&#1072;&#1094;&#1088;&#1090;"/>
<gentext key="above" text="&#1080;&#1079;&#1085;&#1072;&#1076;"/>
<gentext key="below" text="&#1080;&#1089;&#1087;&#1086;&#1076;"/>
<gentext key="sectioncalled" text="&#1086;&#1076;&#1077;&#1113;&#1072;&#1082; &#1087;&#1086;&#1076; &#1080;&#1084;&#1077;&#1085;&#1086;&#1084;"/>
<gentext key="index symbols" text="&#1057;&#1080;&#1084;&#1073;&#1086;&#1083;&#1080;"/>
<gentext key="writing-mode" text="lr-tb"/>

<gentext key="lowercase.alpha" text="&#1072;&#1073;&#1074;&#1075;&#1076;&#1106;&#1077;&#1078;&#1079;&#1080;&#1112;&#1082;&#1083;&#1113;&#1084;&#1085;&#1114;&#1086;&#1087;&#1088;&#1089;&#1090;&#1115;&#1091;&#1092;&#1093;&#1094;&#1095;&#1119;&#1096;"/>
<gentext key="uppercase.alpha" text="&#1040;&#1041;&#1042;&#1043;&#1044;&#1026;&#1045;&#1046;&#1047;&#1048;&#1032;&#1050;&#1051;&#1033;&#1052;&#1053;&#1034;&#1054;&#1055;&#1056;&#1057;&#1058;&#1035;&#1059;&#1060;&#1061;&#1062;&#1063;&#1039;&#1064;"/>

<dingbat key="startquote" text="&#8222;"/>
<dingbat key="endquote" text="&#8220;"/>
<dingbat key="nestedstartquote" text="&#8216;"/>
<dingbat key="nestedendquote" text="&#8217;"/>
<dingbat key="singlestartquote" text="&#8216;"/>
<dingbat key="singleendquote" text="&#8217;"/>
<dingbat key="bullet" text="&#8226;"/>


<gentext key="hyphenation-character" text="-"/>
<gentext key="hyphenation-push-character-count" text="2"/>
<gentext key="hyphenation-remain-character-count" text="2"/>

<context name="styles">

<template name="person-name">&#1080;&#1084;&#1077;-&#1087;&#1088;&#1077;&#1079;&#1080;&#1084;&#1077;</template>

</context>

<context name="title">

<template name="abstract">%t</template>
<template name="answer">%t</template>
<template name="appendix"><Appendix/>&#160;%n.&#160;%t</template>
<template name="article">%t</template>
<template name="authorblurb">%t</template>
<template name="bibliodiv">%t</template>
<template name="biblioentry">%t</template>
<template name="bibliography">%t</template>
<template name="bibliolist">%t</template>
<template name="bibliomixed">%t</template>
<template name="bibliomset">%t</template>
<template name="biblioset">%t</template>
<template name="blockquote">%t</template>
<template name="book">%t</template>
<template name="calloutlist">%t</template>
<template name="caution">%t</template>
<template name="chapter"><Chapter/>&#160;%n.&#160;%t</template>
<template name="colophon">%t</template>
<template name="dedication">%t</template>
<template name="equation"><Equation/>&#160;%n.&#160;%t</template>
<template name="example"><Example/>&#160;%n.&#160;%t</template>
<template name="figure"><Figure/>&#160;%n.&#160;%t</template>
<template name="foil">%t</template>	
<template name="foilgroup">%t</template>  
<template name="formalpara">%t</template>
<template name="glossary">%t</template>
<template name="glossdiv">%t</template>
<template name="glosslist">%t</template>
<template name="glossentry">%t</template>
<template name="important">%t</template>
<template name="index">%t</template>
<template name="indexdiv">%t</template>
<template name="itemizedlist">%t</template>
<template name="legalnotice">%t</template>
<template name="listitem"/>
<template name="lot">%t</template>
<template name="msg">%t</template>
<template name="msgexplan">%t</template>
<template name="msgmain">%t</template>
<template name="msgrel">%t</template>
<template name="msgset">%t</template>
<template name="msgsub">%t</template>
<template name="note">%t</template>
<template name="orderedlist">%t</template>
<template name="part"><Part/>&#160;%n.&#160;%t</template>
<template name="partintro">%t</template>
<template name="preface">%t</template>
<template name="procedure">%t</template>
<template name="procedure.formal"><Procedure/>&#160;%n.&#160;%t</template>
<template name="productionset">%t</template>
<template name="productionset.formal"><ProductionSet/>&#160;%n</template>
<template name="qandadiv">%t</template>
<template name="qandaentry">%t</template>
<template name="qandaset">%t</template>
<template name="question">%t</template>
<template name="refentry">%t</template>
<template name="reference">%t</template>
<template name="refsection">%t</template>
<template name="refsect1">%t</template>
<template name="refsect2">%t</template>
<template name="refsect3">%t</template>
<template name="refsynopsisdiv">%t</template>
<template name="refsynopsisdivinfo">%t</template>
<template name="segmentedlist">%t</template>
<template name="set">%t</template>
<template name="setindex">%t</template>
<template name="sidebar">%t</template>
<template name="step">%t</template>
<template name="table"><Table/>&#160;%n.&#160;%t</template>
<template name="task">%t</template>
<template name="tasksummary">%t</template>
<template name="taskprerequisites">%t</template>
<template name="taskrelated">%t</template>
<template name="tip">%t</template>
<template name="toc">%t</template>
<template name="variablelist">%t</template>
<template name="varlistentry"/>
<template name="warning">%t</template>

</context>

<context name="title-unnumbered">

<template name="appendix">%t</template>
<template name="article/appendix">%t</template>
<template name="bridgehead">%t</template>
<template name="chapter">%t</template>
<template name="sect1">%t</template>
<template name="sect2">%t</template>
<template name="sect3">%t</template>
<template name="sect4">%t</template>
<template name="sect5">%t</template>
<template name="section">%t</template>
<template name="simplesect">%t</template>
<template name="part">%t</template>

</context>

<context name="title-numbered">

<template name="appendix"><Appendix/>&#160;%n.&#160;%t</template>
<template name="article/appendix">%n.&#160;%t</template>
<template name="bridgehead">%n.&#160;%t</template>
<template name="chapter"><Chapter/>&#160;%n.&#160;%t</template>
<template name="part"><Part/>&#160;%n.&#160;%t</template>
<template name="sect1">%n.&#160;%t</template>
<template name="sect2">%n.&#160;%t</template>
<template name="sect3">%n.&#160;%t</template>
<template name="sect4">%n.&#160;%t</template>
<template name="sect5">%n.&#160;%t</template>
<template name="section">%n.&#160;%t</template>
<template name="simplesect">%t</template>

</context>

<context name="subtitle">

<template name="appendix">%s</template>
<template name="article">%s</template>
<template name="bibliodiv">%s</template>
<template name="biblioentry">%s</template>
<template name="bibliography">%s</template>
<template name="bibliomixed">%s</template>
<template name="bibliomset">%s</template>
<template name="biblioset">%s</template>
<template name="book">%s</template>
<template name="chapter">%s</template>
<template name="colophon">%s</template>
<template name="dedication">%s</template>
<template name="glossary">%s</template>
<template name="glossdiv">%s</template>
<template name="index">%s</template>
<template name="indexdiv">%s</template>
<template name="lot">%s</template>
<template name="part">%s</template>
<template name="partintro">%s</template>
<template name="preface">%s</template>
<template name="refentry">%s</template>
<template name="reference">%s</template>
<template name="refsection">%s</template>
<template name="refsect1">%s</template>
<template name="refsect2">%s</template>
<template name="refsect3">%s</template>
<template name="refsynopsisdiv">%s</template>
<template name="sect1">%s</template>
<template name="sect2">%s</template>
<template name="sect3">%s</template>
<template name="sect4">%s</template>
<template name="sect5">%s</template>
<template name="section">%s</template>
<template name="set">%s</template>
<template name="setindex">%s</template>
<template name="sidebar">%s</template>
<template name="simplesect">%s</template>
<template name="toc">%s</template>

</context>

<context name="xref">
<template name="abstract">%t</template>
<template name="answer"><Answer/>&#160;%n</template>
<template name="appendix">%t</template>
<template name="article">%t</template>
<template name="authorblurb">%t</template>
<template name="bibliodiv">%t</template>
<template name="bibliography">%t</template>
<template name="bibliomset">%t</template>
<template name="biblioset">%t</template>
<template name="blockquote">%t</template>
<template name="book">%t</template>
<template name="calloutlist">%t</template>
<template name="caution">%t</template>
<template name="chapter">%t</template>
<template name="colophon">%t</template>
<template name="constraintdef">%t</template>
<template name="dedication">%t</template>
<template name="equation">%t</template>
<template name="example">%t</template>
<template name="figure">%t</template>
<template name="foil">%t</template>	
<template name="foilgroup">%t</template> 
<template name="formalpara">%t</template>
<template name="glossary">%t</template>
<template name="glossdiv">%t</template>
<template name="important">%t</template>
<template name="index">%t</template>
<template name="indexdiv">%t</template>
<template name="itemizedlist">%t</template>
<template name="legalnotice">%t</template>
<template name="listitem">%n</template>
<template name="lot">%t</template>
<template name="msg">%t</template>
<template name="msgexplan">%t</template>
<template name="msgmain">%t</template>
<template name="msgrel">%t</template>
<template name="msgset">%t</template>
<template name="msgsub">%t</template>
<template name="note">%t</template>
<template name="orderedlist">%t</template>
<template name="part">%t</template>
<template name="partintro">%t</template>
<template name="preface">%t</template>
<template name="procedure">%t</template>
<template name="productionset">%t</template>
<template name="qandadiv">%t</template>
<template name="qandaentry"><Question/>&#160;%n</template>
<template name="qandaset">%t</template>
<template name="question"><Question/>&#160;%n</template>
<template name="reference">%t</template>
<template name="refsynopsisdiv">%t</template>
<template name="segmentedlist">%t</template>
<template name="set">%t</template>
<template name="setindex">%t</template>
<template name="sidebar">%t</template>
<template name="table">%t</template>
<template name="task">%t</template>
<template name="tip">%t</template>
<template name="toc">%t</template>
<template name="variablelist">%t</template>
<template name="varlistentry">%n</template>
<template name="warning">%t</template>
<template name="olink.document.citation"> &#1091; %o</template>
<template name="olink.page.citation"> (&#1089;&#1090;&#1088;. %p)</template>
<template name="page.citation"> [%p]</template>
<template name="page">(&#1089;&#1090;&#1088;&#1072;&#1085;&#1072; %p)</template>
<template name="docname"> &#1091; %o</template>
<template name="docnamelong"> &#1091; &#1076;&#1086;&#1082;&#1091;&#1084;&#1077;&#1085;&#1090;&#1091; &#1089;&#1072; &#1085;&#1072;&#1089;&#1083;&#1086;&#1074;&#1086;&#1084; %o</template>
<template name="pageabbrev">(&#1089;&#1090;&#1088;. %p)</template>
<template name="Page">&#1057;&#1090;&#1088;&#1072;&#1085;&#1072; %p</template>

<template name="bridgehead"><sectioncalled/> <startquote/>%t<endquote/></template>
<template name="refsection"><sectioncalled/> <startquote/>%t<endquote/></template>
<template name="refsect1"><sectioncalled/> <startquote/>%t<endquote/></template>
<template name="refsect2"><sectioncalled/> <startquote/>%t<endquote/></template>
<template name="refsect3"><sectioncalled/> <startquote/>%t<endquote/></template>
<template name="sect1"><sectioncalled/> <startquote/>%t<endquote/></template>
<template name="sect2"><sectioncalled/> <startquote/>%t<endquote/></template>
<template name="sect3"><sectioncalled/> <startquote/>%t<endquote/></template>
<template name="sect4"><sectioncalled/> <startquote/>%t<endquote/></template>
<template name="sect5"><sectioncalled/> <startquote/>%t<endquote/></template>
<template name="section"><sectioncalled/> <startquote/>%t<endquote/></template>
<template name="simplesect"><sectioncalled/> <startquote/>%t<endquote/></template>

</context>

<context name="xref-number">

<template name="answer"><Answer/>&#160;%n</template>
<template name="appendix"><Appendix/>&#160;%n</template>
<template name="bridgehead"><Section/>&#160;%n</template>
<template name="chapter"><Chapter/>&#160;%n</template>
<template name="equation"><Equation/>&#160;%n</template>
<template name="example"><Example/>&#160;%n</template>
<template name="figure"><Figure/>&#160;%n</template>
<template name="part"><Part/>&#160;%n</template>
<template name="procedure"><Procedure/>&#160;%n</template>
<template name="productionset"><ProductionSet/>&#160;%n</template>
<template name="qandadiv"><Qandadiv/>&#160;%n</template>
<template name="qandaentry"><Question/>&#160;%n</template>
<template name="question"><Question/>&#160;%n</template>
<template name="sect1"><Section/>&#160;%n</template>
<template name="sect2"><Section/>&#160;%n</template>
<template name="sect3"><Section/>&#160;%n</template>
<template name="sect4"><Section/>&#160;%n</template>
<template name="sect5"><Section/>&#160;%n</template>
<template name="section"><Section/>&#160;%n</template>
<template name="table"><Table/>&#160;%n</template>

</context>

<context name="xref-number-and-title">

<template name="appendix"><Appendix/>&#160;%n, %t</template>
<template name="bridgehead"><Section/>&#160;%n, <startquote/>%t<endquote/></template>
<template name="chapter"><Chapter/>&#160;%n, %t</template>
<template name="equation"><Equation/>&#160;%n, <startquote/>%t<endquote/></template>
<template name="example"><Example/>&#160;%n, <startquote/>%t<endquote/></template>
<template name="figure"><Figure/>&#160;%n, <startquote/>%t<endquote/></template>
<template name="part"><Part/>&#160;%n, <startquote/>%t<endquote/></template>
<template name="procedure"><Procedure/>&#160;%n, <startquote/>%t<endquote/></template>
<template name="productionset"><ProductionSet/>&#160;%n, <startquote/>%t<endquote/></template>
<template name="qandadiv"><Qandadiv/>&#160;%n, <startquote/>%t<endquote/></template>
<template name="refsect1"><sectioncalled/> <startquote/>%t<endquote/></template>
<template name="refsect2"><sectioncalled/> <startquote/>%t<endquote/></template>
<template name="refsect3"><sectioncalled/> <startquote/>%t<endquote/></template>
<template name="refsection"><sectioncalled/> <startquote/>%t<endquote/></template>
<template name="sect1"><Section/>&#160;%n, <startquote/>%t<endquote/></template>
<template name="sect2"><Section/>&#160;%n, <startquote/>%t<endquote/></template>
<template name="sect3"><Section/>&#160;%n, <startquote/>%t<endquote/></template>
<template name="sect4"><Section/>&#160;%n, <startquote/>%t<endquote/></template>
<template name="sect5"><Section/>&#160;%n, <startquote/>%t<endquote/></template>
<template name="section"><Section/>&#160;%n, <startquote/>%t<endquote/></template>
<template name="simplesect"><sectioncalled/> <startquote/>%t<endquote/></template>
<template name="table"><Table/>&#160;%n, <startquote/>%t<endquote/></template>

</context>

<context name="authorgroup">
<template name="sep"><listcomma/> </template>
<template name="sep2"> <and/> </template>
<template name="seplast"><lastlistcomma/> <and/> </template>
</context>

<context name="glossary">
<template name="see"><GlossSee/> %t.</template>
<template name="seealso"><GlossSeeAlso/> %t.</template>
<template name="seealso-separator">, </template>
</context>

<context name="msgset">
<template name="MsgAud"><MsgAud/>: </template>
<template name="MsgLevel"><MsgLevel/>: </template>
<template name="MsgOrig"><MsgOrig/>: </template>
</context>

<context name="datetime">
<template name="format">d.m.Y.</template>
</context>

<context name="termdef">
<template name="prefix">[&#1044;&#1077;&#1092;&#1080;&#1085;&#1080;&#1094;&#1080;&#1112;&#1072;: </template>
<template name="suffix">]</template>
</context>

<context name="datetime-full">
<template name="January">&#1112;&#1072;&#1085;&#1091;&#1072;&#1088;</template>
<template name="February">&#1092;&#1077;&#1073;&#1088;&#1091;&#1072;&#1088;</template>
<template name="March">&#1084;&#1072;&#1088;&#1090;</template>
<template name="April">&#1072;&#1087;&#1088;&#1080;&#1083;</template>
<template name="May">&#1084;&#1072;&#1112;</template>
<template name="June">&#1112;&#1091;&#1085;</template>
<template name="July">&#1112;&#1091;&#1083;</template>
<template name="August">&#1072;&#1074;&#1075;&#1091;&#1089;&#1090;</template>
<template name="September">&#1089;&#1077;&#1087;&#1090;&#1077;&#1084;&#1073;&#1072;&#1088;</template>
<template name="October">&#1086;&#1082;&#1090;&#1086;&#1073;&#1072;&#1088;</template>
<template name="November">&#1085;&#1086;&#1074;&#1077;&#1084;&#1073;&#1072;&#1088;</template>
<template name="December">&#1076;&#1077;&#1094;&#1077;&#1084;&#1073;&#1072;&#1088;</template>
<template name="Monday">&#1087;&#1086;&#1085;&#1077;&#1076;&#1077;&#1113;&#1072;&#1082;</template>
<template name="Tuesday">&#1091;&#1090;&#1086;&#1088;&#1072;&#1082;</template>
<template name="Wednesday">&#1089;&#1088;&#1077;&#1076;&#1072;</template>
<template name="Thursday">&#1095;&#1077;&#1090;&#1074;&#1088;&#1090;&#1072;&#1082;</template>
<template name="Friday">&#1087;&#1077;&#1090;&#1072;&#1082;</template>
<template name="Saturday">&#1089;&#1091;&#1073;&#1086;&#1090;&#1072;</template>
<template name="Sunday">&#1085;&#1077;&#1076;&#1077;&#1113;&#1072;</template>
</context>

<context name="datetime-abbrev">
<template name="Jan">&#1112;&#1072;&#1085;</template>
<template name="Feb">&#1092;&#1077;&#1073;</template>
<template name="Mar">&#1084;&#1072;&#1088;</template>
<template name="Apr">&#1072;&#1087;&#1088;</template>
<template name="May">&#1084;&#1072;&#1112;</template>
<template name="Jun">&#1112;&#1091;&#1085;</template>
<template name="Jul">&#1112;&#1091;&#1083;</template>
<template name="Aug">&#1072;&#1074;&#1075;</template>
<template name="Sep">&#1089;&#1077;&#1087;</template>
<template name="Oct">&#1086;&#1082;&#1090;</template>
<template name="Nov">&#1085;&#1086;&#1074;</template>
<template name="Dec">&#1076;&#1077;&#1094;</template>
<template name="Mon">&#1087;&#1086;&#1085;</template>
<template name="Tue">&#1091;&#1090;&#1086;</template>
<template name="Wed">&#1089;&#1088;&#1077;</template>
<template name="Thu">&#1095;&#1077;&#1090;</template>
<template name="Fri">&#1087;&#1077;&#1090;</template>
<template name="Sat">&#1089;&#1091;&#1073;</template>
<template name="Sun">&#1085;&#1077;&#1076;</template>
</context>

<context name="htmlhelp">
<template name="langcode">0x0C1A Serbian (Cyrillic)</template>
</context>

<letters>
  <l i="-1"/>
  <l i="0">&#1057;&#1080;&#1084;&#1073;&#1086;&#1083;&#1080;</l>
  <l i="1">&#1040;</l>
  <l i="1">&#1072;</l>
  <l i="2">&#1041;</l>
  <l i="2">&#1073;</l>
  <l i="3">&#1042;</l>
  <l i="3">&#1074;</l>
  <l i="4">&#1043;</l>
  <l i="4">&#1075;</l>
  <l i="5">&#1044;</l>
  <l i="5">&#1076;</l>
  <l i="6">&#1026;</l>
  <l i="6">&#1106;</l>
  <l i="7">&#1045;</l>
  <l i="7">&#1077;</l>
  <l i="8">&#1046;</l>
  <l i="8">&#1078;</l>
  <l i="9">&#1047;</l>
  <l i="9">&#1079;</l>
  <l i="10">&#1048;</l>
  <l i="10">&#1080;</l>
  <l i="11">&#1032;</l>
  <l i="11">&#1112;</l>
  <l i="12">&#1050;</l>
  <l i="12">&#1082;</l>
  <l i="13">&#1051;</l>
  <l i="13">&#1083;</l>
  <l i="14">&#1033;</l>
  <l i="14">&#1113;</l>
  <l i="15">&#1052;</l>
  <l i="15">&#1084;</l>
  <l i="16">&#1053;</l>
  <l i="16">&#1085;</l>
  <l i="17">&#1034;</l>
  <l i="17">&#1114;</l>
  <l i="18">&#1054;</l>
  <l i="18">&#1086;</l>
  <l i="19">&#1055;</l>
  <l i="19">&#1087;</l>
  <l i="20">&#1056;</l>
  <l i="20">&#1088;</l>
  <l i="21">&#1057;</l>
  <l i="21">&#1089;</l>
  <l i="22">&#1058;</l>
  <l i="22">&#1090;</l>
  <l i="23">&#1035;</l>
  <l i="23">&#1115;</l>
  <l i="24">&#1059;</l>
  <l i="24">&#1091;</l>
  <l i="25">&#1060;</l>
  <l i="25">&#1092;</l>
  <l i="26">&#1061;</l>
  <l i="26">&#1093;</l>
  <l i="27">&#1062;</l>
  <l i="27">&#1094;</l>
  <l i="28">&#1063;</l>
  <l i="28">&#1095;</l>
  <l i="29">&#1039;</l>
  <l i="29">&#1119;</l>
  <l i="30">&#1064;</l>
  <l i="30">&#1096;</l>

  <l i="31">A</l>
  <l i="31">a</l>
  <l i="32">B</l>
  <l i="32">b</l>
  <l i="33">C</l>
  <l i="33">c</l>
  <l i="34">D</l>
  <l i="34">d</l>
  <l i="35">E</l>
  <l i="35">e</l>
  <l i="36">F</l>
  <l i="36">f</l>
  <l i="37">G</l>
  <l i="37">g</l>
  <l i="38">H</l>
  <l i="38">h</l>
  <l i="39">I</l>
  <l i="39">i</l>
  <l i="40">J</l>
  <l i="40">j</l>
  <l i="41">K</l>
  <l i="41">k</l>
  <l i="42">L</l>
  <l i="42">l</l>
  <l i="43">M</l>
  <l i="43">m</l>
  <l i="44">N</l>
  <l i="44">n</l>
  <l i="45">O</l>
  <l i="45">o</l>
  <l i="46">P</l>
  <l i="46">p</l>
  <l i="47">Q</l>
  <l i="47">Q</l>
  <l i="48">R</l>
  <l i="48">r</l>
  <l i="49">S</l>
  <l i="49">s</l>
  <l i="50">T</l>
  <l i="50">t</l>
  <l i="51">U</l>
  <l i="51">u</l>
  <l i="52">V</l>
  <l i="52">v</l>
  <l i="53">W</l>
  <l i="53">w</l>
  <l i="54">X</l>
  <l i="54">x</l>
  <l i="55">Y</l>
  <l i="55">y</l>
  <l i="56">Z</l>
  <l i="56">z</l>
</letters>

</locale>