<locale language="sr_latn" english-language-name="Serbian in Latin script">

<info xmlns="http://docbook.org/ns/docbook">
<authorgroup>
  <author><personname><firstname>Vladimir</firstname><surname>Vrzic</surname></personname>
  <email>vvrzic@gmail.com</email>
          
  </author>
  <author><personname><firstname>Milos</firstname><surname>Komarcevic</surname></personname>
  <email>kmilos@gmail.com</email>
          
  </author>
</authorgroup>
</info>

<gentext key="Abstract" text="Sa&#382;etak"/>
<gentext key="abstract" text="sa&#382;etak"/>
<gentext key="Answer" text="O:"/>
<gentext key="answer" text="o:"/>
<gentext key="Appendix" text="Dodatak"/>
<gentext key="appendix" text="dodatak"/>
<gentext key="Article" text="&#268;lanak"/>
<gentext key="article" text="&#269;lanak"/>
<gentext key="Author" text="Autor"/>
<gentext key="Bibliography" text="Literatura"/>
<gentext key="bibliography" text="literatura"/>
<gentext key="Book" text="Knjiga"/>
<gentext key="book" text="knjiga"/>
<gentext key="CAUTION" text="UPOZORENJE"/>
<gentext key="Caution" text="Upozorenje"/>
<gentext key="caution" text="upozorenje"/>
<gentext key="Chapter" text="Poglavlje"/>
<gentext key="chapter" text="poglavlje"/>
<gentext key="Colophon" text="Kolofon"/>
<gentext key="colophon" text="kolofon"/>
<gentext key="Copyright" text="Autorska prava"/>
<gentext key="copyright" text="autorska prava"/>
<gentext key="Dedication" text="Posveta"/>
<gentext key="dedication" text="posveta"/>
<gentext key="Edition" text="Izdanje"/>
<gentext key="edition" text="izdanje"/>
<gentext key="Editor" text="Urednik"/>
<gentext key="Equation" text="Jedna&#269;ina"/>
<gentext key="equation" text="jedna&#269;ina"/>
<gentext key="Example" text="Primer"/>
<gentext key="example" text="primer"/>
<gentext key="Figure" text="Slika"/>
<gentext key="figure" text="slika"/>
<gentext key="Glossary" text="Re&#269;nik"/>
<gentext key="glossary" text="re&#269;nik"/>
<gentext key="GlossSee" text="Vidi"/>
<gentext key="glosssee" text="vidi"/>
<gentext key="GlossSeeAlso" text="Vidi tako&#273;e"/>
<gentext key="glossseealso" text="vidi tako&#273;e"/>
<gentext key="IMPORTANT" text="VA&#381;NO"/>
<gentext key="important" text="va&#382;no"/>
<gentext key="Important" text="Va&#382;no"/>
<gentext key="Index" text="Indeks"/>
<gentext key="index" text="indeks"/>
<gentext key="ISBN" text="ISBN"/>
<gentext key="isbn" text="ISBN"/>
<gentext key="LegalNotice" text="Pravna napomena"/>
<gentext key="legalnotice" text="pravna napomena"/>
<gentext key="MsgAud" text="Publika"/>
<gentext key="msgaud" text="publika"/>
<gentext key="MsgLevel" text="Nivo"/>
<gentext key="msglevel" text="nivo"/>
<gentext key="MsgOrig" text="Izvor"/>
<gentext key="msgorig" text="izvor"/>
<gentext key="NOTE" text="PRIMEDBA"/>
<gentext key="Note" text="Primedba"/>
<gentext key="note" text="primedba"/>
<gentext key="Part" text="Deo"/>
<gentext key="part" text="deo"/>
<gentext key="Preface" text="Predgovor"/>
<gentext key="preface" text="predgovor"/>
<gentext key="Procedure" text="Postupak"/>
<gentext key="procedure" text="postupak"/>
<gentext key="ProductionSet" text="Produkcija"/>
<gentext key="PubDate" text="Datum izdavanja"/>
<gentext key="pubdate" text="datum izdavanja"/>
<gentext key="Published" text="Izdano"/>
<gentext key="published" text="izdano"/>
<gentext key="Publisher" text="Izdava&#269;"/>
<gentext key="Qandadiv" text="P i O"/>
<gentext key="qandadiv" text="p i o"/>
<gentext key="QandASet" text="&#268;esto postavljana pitanja"/>
<gentext key="Question" text="P:"/>
<gentext key="question" text="p:"/>
<gentext key="RefEntry" text=""/>
<gentext key="refentry" text=""/>
<gentext key="Reference" text="Referenca"/>
<gentext key="reference" text="referenca"/>
<gentext key="References" text="Reference"/>
<gentext key="RefName" text="Ime"/>
<gentext key="refname" text="ime"/>
<gentext key="RefSection" text=""/>
<gentext key="refsection" text=""/>
<gentext key="RefSynopsisDiv" text="Pregled"/>
<gentext key="refsynopsisdiv" text="pregled"/>
<gentext key="RevHistory" text="Istorija revizija"/>
<gentext key="revhistory" text="istorija revizija"/>
<gentext key="revision" text="revizija"/>
<gentext key="Revision" text="Revizija"/>
<gentext key="sect1" text="Odeljak"/>
<gentext key="sect2" text="Odeljak"/>
<gentext key="sect3" text="Odeljak"/>
<gentext key="sect4" text="Odeljak"/>
<gentext key="sect5" text="Odeljak"/>
<gentext key="section" text="odeljak"/>
<gentext key="Section" text="Odeljak"/>
<gentext key="see" text="vidi"/>             
<gentext key="See" text="Vidi"/>
<gentext key="seealso" text="vidi tako&#273;e"/>    
<gentext key="Seealso" text="Vidi tako&#273;e"/>
<gentext key="SeeAlso" text="Vidi tako&#273;e"/>
<gentext key="set" text="skup"/>
<gentext key="Set" text="Skup"/>
<gentext key="setindex" text="indeks skupa"/>
<gentext key="SetIndex" text="Indeks skupa"/>
<gentext key="Sidebar" text="Bo&#269;na traka"/>
<gentext key="sidebar" text="bo&#269;na traka"/>
<gentext key="step" text="korak"/>
<gentext key="Step" text="Korak"/>
<gentext key="Table" text="Tabela"/>
<gentext key="table" text="tabela"/>
<gentext key="task" text="zadatak"/>
<gentext key="Task" text="Zadatak"/>
<gentext key="tip" text="savet"/>
<gentext key="TIP" text="SAVET"/>
<gentext key="Tip" text="Savet"/>
<gentext key="Warning" text="Upozorenje"/>
<gentext key="warning" text="upozorenje"/>
<gentext key="WARNING" text="UPOZORENJE"/>

<gentext key="and" text="i"/>
<gentext key="by" text="od"/>
<gentext key="Edited" text="Ure&#273;eno"/>
<gentext key="edited" text="ure&#273;eno"/>
<gentext key="Editedby" text="Uredio(la)"/>
<gentext key="editedby" text="Uredio(la)"/>
<gentext key="in" text="u"/>
<gentext key="lastlistcomma" text=","/>
<gentext key="listcomma" text=","/>
<gentext key="notes" text="primedbe"/>
<gentext key="Notes" text="Primedbe"/>
<gentext key="Pgs" text="Str."/>
<gentext key="pgs" text="str."/>
<gentext key="Revisedby" text="Pregledao(la): "/>
<gentext key="revisedby" text="pregledao(la): "/>
<gentext key="TableNotes" text="Primedbe"/>
<gentext key="tablenotes" text="primedbe"/>
<gentext key="TableofContents" text="Sadr&#382;aj"/>
<gentext key="tableofcontents" text="sadr&#382;aj"/>
<gentext key="unexpectedelementname" text="neo&#269;ekivano ime elementa"/>
<gentext key="unsupported" text="nije podr&#382;ano"/>
<gentext key="xrefto" text="unakrsna referenca na"/>



<gentext key="Authors" text="Autori"/>



<gentext key="copyeditor" text="Izdava&#269;ki urednik"/>
<gentext key="graphicdesigner" text="Grafi&#269;ki dizajner"/>
<gentext key="productioneditor" text="Izvr&#353;ni urednik"/>
<gentext key="technicaleditor" text="Tehni&#269;ki urednik"/>
<gentext key="translator" text="Prevodilac"/>

<gentext key="listofequations" text="spisak jedna&#269;ina"/>
<gentext key="ListofEquations" text="Spisak jedna&#269;ina"/>
<gentext key="ListofExamples" text="Spisak primera"/>
<gentext key="listofexamples" text="spisak primera"/>
<gentext key="ListofFigures" text="Spisak slika"/>
<gentext key="listoffigures" text="spisak slika"/>
<gentext key="ListofProcedures" text="Spisak postupaka"/>
<gentext key="listofprocedures" text="spisak postupaka"/>
<gentext key="listoftables" text="spisak tabela"/>
<gentext key="ListofTables" text="Spisak tabela"/>
<gentext key="ListofUnknown" text="spisak nepoznatih"/>
<gentext key="listofunknown" text="Spisak nepoznatih"/>

<gentext key="nav-home" text="Po&#269;etak"/>
<gentext key="nav-next" text="Slede&#263;i"/>
<gentext key="nav-next-sibling" text="Brzo napred"/>
<gentext key="nav-prev" text="Prethodni"/>
<gentext key="nav-prev-sibling" text="Brzo nazad"/>
<gentext key="nav-up" text="Vrh"/>
<gentext key="nav-toc" text="Sadr."/>

<gentext key="Draft" text="Nacrt"/>
<gentext key="above" text="iznad"/>
<gentext key="below" text="ispod"/>
<gentext key="sectioncalled" text="odeljak pod imenom"/>
<gentext key="index symbols" text="Simboli"/>
<gentext key="writing-mode" text="lr-tb"/>

<gentext key="lowercase.alpha" text="abc&#269;&#263;d&#273;efghijklmnopqrs&#353;tuvwxyz&#382;"/>
<gentext key="uppercase.alpha" text="ABC&#268;&#262;D&#272;EFGHIJKLMNOPQRS&#352;TUVWXYZ&#381;"/>

<dingbat key="startquote" text="&#8222;"/>
<dingbat key="endquote" text="&#8220;"/>
<dingbat key="nestedstartquote" text="&#8216;"/>
<dingbat key="nestedendquote" text="&#8217;"/>
<dingbat key="singlestartquote" text="&#8216;"/>
<dingbat key="singleendquote" text="&#8217;"/>
<dingbat key="bullet" text="&#8226;"/>


<gentext key="hyphenation-character" text="-"/>
<gentext key="hyphenation-push-character-count" text="2"/>
<gentext key="hyphenation-remain-character-count" text="2"/>

<context name="styles">

<template name="person-name">ime-prezime</template>

</context>

<context name="title">

<template name="abstract">%t</template>
<template name="answer">%t</template>
<template name="appendix"><Appendix/>&#160;%n.&#160;%t</template>
<template name="article">%t</template>
<template name="authorblurb">%t</template>
<template name="bibliodiv">%t</template>
<template name="biblioentry">%t</template>
<template name="bibliography">%t</template>
<template name="bibliolist">%t</template>
<template name="bibliomixed">%t</template>
<template name="bibliomset">%t</template>
<template name="biblioset">%t</template>
<template name="blockquote">%t</template>
<template name="book">%t</template>
<template name="calloutlist">%t</template>
<template name="caution">%t</template>
<template name="chapter"><Chapter/>&#160;%n.&#160;%t</template>
<template name="colophon">%t</template>
<template name="dedication">%t</template>
<template name="equation"><Equation/>&#160;%n.&#160;%t</template>
<template name="example"><Example/>&#160;%n.&#160;%t</template>
<template name="figure"><Figure/>&#160;%n.&#160;%t</template>
<template name="foil">%t</template>	
<template name="foilgroup">%t</template>  
<template name="formalpara">%t</template>
<template name="glossary">%t</template>
<template name="glossdiv">%t</template>
<template name="glosslist">%t</template>
<template name="glossentry">%t</template>
<template name="important">%t</template>
<template name="index">%t</template>
<template name="indexdiv">%t</template>
<template name="itemizedlist">%t</template>
<template name="legalnotice">%t</template>
<template name="listitem"/>
<template name="lot">%t</template>
<template name="msg">%t</template>
<template name="msgexplan">%t</template>
<template name="msgmain">%t</template>
<template name="msgrel">%t</template>
<template name="msgset">%t</template>
<template name="msgsub">%t</template>
<template name="note">%t</template>
<template name="orderedlist">%t</template>
<template name="part"><Part/>&#160;%n.&#160;%t</template>
<template name="partintro">%t</template>
<template name="preface">%t</template>
<template name="procedure">%t</template>
<template name="procedure.formal"><Procedure/>&#160;%n.&#160;%t</template>
<template name="productionset">%t</template>
<template name="productionset.formal"><ProductionSet/>&#160;%n</template>
<template name="qandadiv">%t</template>
<template name="qandaentry">%t</template>
<template name="qandaset">%t</template>
<template name="question">%t</template>
<template name="refentry">%t</template>
<template name="reference">%t</template>
<template name="refsection">%t</template>
<template name="refsect1">%t</template>
<template name="refsect2">%t</template>
<template name="refsect3">%t</template>
<template name="refsynopsisdiv">%t</template>
<template name="refsynopsisdivinfo">%t</template>
<template name="segmentedlist">%t</template>
<template name="set">%t</template>
<template name="setindex">%t</template>
<template name="sidebar">%t</template>
<template name="step">%t</template>
<template name="table"><Table/>&#160;%n.&#160;%t</template>
<template name="task">%t</template>
<template name="tasksummary">%t</template>
<template name="taskprerequisites">%t</template>
<template name="taskrelated">%t</template>
<template name="tip">%t</template>
<template name="toc">%t</template>
<template name="variablelist">%t</template>
<template name="varlistentry"/>
<template name="warning">%t</template>

</context>

<context name="title-unnumbered">

<template name="appendix">%t</template>
<template name="article/appendix">%t</template>
<template name="bridgehead">%t</template>
<template name="chapter">%t</template>
<template name="sect1">%t</template>
<template name="sect2">%t</template>
<template name="sect3">%t</template>
<template name="sect4">%t</template>
<template name="sect5">%t</template>
<template name="section">%t</template>
<template name="simplesect">%t</template>
<template name="part">%t</template>

</context>

<context name="title-numbered">

<template name="appendix"><Appendix/>&#160;%n.&#160;%t</template>
<template name="article/appendix">%n.&#160;%t</template>
<template name="bridgehead">%n.&#160;%t</template>
<template name="chapter"><Chapter/>&#160;%n.&#160;%t</template>
<template name="part"><Part/>&#160;%n.&#160;%t</template>
<template name="sect1">%n.&#160;%t</template>
<template name="sect2">%n.&#160;%t</template>
<template name="sect3">%n.&#160;%t</template>
<template name="sect4">%n.&#160;%t</template>
<template name="sect5">%n.&#160;%t</template>
<template name="section">%n.&#160;%t</template>
<template name="simplesect">%t</template>

</context>

<context name="subtitle">

<template name="appendix">%s</template>
<template name="article">%s</template>
<template name="bibliodiv">%s</template>
<template name="biblioentry">%s</template>
<template name="bibliography">%s</template>
<template name="bibliomixed">%s</template>
<template name="bibliomset">%s</template>
<template name="biblioset">%s</template>
<template name="book">%s</template>
<template name="chapter">%s</template>
<template name="colophon">%s</template>
<template name="dedication">%s</template>
<template name="glossary">%s</template>
<template name="glossdiv">%s</template>
<template name="index">%s</template>
<template name="indexdiv">%s</template>
<template name="lot">%s</template>
<template name="part">%s</template>
<template name="partintro">%s</template>
<template name="preface">%s</template>
<template name="refentry">%s</template>
<template name="reference">%s</template>
<template name="refsection">%s</template>
<template name="refsect1">%s</template>
<template name="refsect2">%s</template>
<template name="refsect3">%s</template>
<template name="refsynopsisdiv">%s</template>
<template name="sect1">%s</template>
<template name="sect2">%s</template>
<template name="sect3">%s</template>
<template name="sect4">%s</template>
<template name="sect5">%s</template>
<template name="section">%s</template>
<template name="set">%s</template>
<template name="setindex">%s</template>
<template name="sidebar">%s</template>
<template name="simplesect">%s</template>
<template name="toc">%s</template>

</context>

<context name="xref">
<template name="abstract">%t</template>
<template name="answer"><Answer/>&#160;%n</template>
<template name="appendix">%t</template>
<template name="article">%t</template>
<template name="authorblurb">%t</template>
<template name="bibliodiv">%t</template>
<template name="bibliography">%t</template>
<template name="bibliomset">%t</template>
<template name="biblioset">%t</template>
<template name="blockquote">%t</template>
<template name="book">%t</template>
<template name="calloutlist">%t</template>
<template name="caution">%t</template>
<template name="chapter">%t</template>
<template name="colophon">%t</template>
<template name="constraintdef">%t</template>
<template name="dedication">%t</template>
<template name="equation">%t</template>
<template name="example">%t</template>
<template name="figure">%t</template>
<template name="foil">%t</template>	
<template name="foilgroup">%t</template> 
<template name="formalpara">%t</template>
<template name="glossary">%t</template>
<template name="glossdiv">%t</template>
<template name="important">%t</template>
<template name="index">%t</template>
<template name="indexdiv">%t</template>
<template name="itemizedlist">%t</template>
<template name="legalnotice">%t</template>
<template name="listitem">%n</template>
<template name="lot">%t</template>
<template name="msg">%t</template>
<template name="msgexplan">%t</template>
<template name="msgmain">%t</template>
<template name="msgrel">%t</template>
<template name="msgset">%t</template>
<template name="msgsub">%t</template>
<template name="note">%t</template>
<template name="orderedlist">%t</template>
<template name="part">%t</template>
<template name="partintro">%t</template>
<template name="preface">%t</template>
<template name="procedure">%t</template>
<template name="productionset">%t</template>
<template name="qandadiv">%t</template>
<template name="qandaentry"><Question/>&#160;%n</template>
<template name="qandaset">%t</template>
<template name="question"><Question/>&#160;%n</template>
<template name="reference">%t</template>
<template name="refsynopsisdiv">%t</template>
<template name="segmentedlist">%t</template>
<template name="set">%t</template>
<template name="setindex">%t</template>
<template name="sidebar">%t</template>
<template name="table">%t</template>
<template name="task">%t</template>
<template name="tip">%t</template>
<template name="toc">%t</template>
<template name="variablelist">%t</template>
<template name="varlistentry">%n</template>
<template name="warning">%t</template>
<template name="olink.document.citation"> u %o</template>
<template name="olink.page.citation"> (str. %p)</template>
<template name="page.citation"> [%p]</template>
<template name="page">(strana %p)</template>
<template name="docname"> u %o</template>
<template name="docnamelong"> u dokumentu sa naslovom %o</template>
<template name="pageabbrev">(str. %p)</template>
<template name="Page">Strana %p</template>

<template name="bridgehead"><sectioncalled/> <startquote/>%t<endquote/></template>
<template name="refsection"><sectioncalled/> <startquote/>%t<endquote/></template>
<template name="refsect1"><sectioncalled/> <startquote/>%t<endquote/></template>
<template name="refsect2"><sectioncalled/> <startquote/>%t<endquote/></template>
<template name="refsect3"><sectioncalled/> <startquote/>%t<endquote/></template>
<template name="sect1"><sectioncalled/> <startquote/>%t<endquote/></template>
<template name="sect2"><sectioncalled/> <startquote/>%t<endquote/></template>
<template name="sect3"><sectioncalled/> <startquote/>%t<endquote/></template>
<template name="sect4"><sectioncalled/> <startquote/>%t<endquote/></template>
<template name="sect5"><sectioncalled/> <startquote/>%t<endquote/></template>
<template name="section"><sectioncalled/> <startquote/>%t<endquote/></template>
<template name="simplesect"><sectioncalled/> <startquote/>%t<endquote/></template>

</context>

<context name="xref-number">

<template name="answer"><Answer/>&#160;%n</template>
<template name="appendix"><Appendix/>&#160;%n</template>
<template name="bridgehead"><Section/>&#160;%n</template>
<template name="chapter"><Chapter/>&#160;%n</template>
<template name="equation"><Equation/>&#160;%n</template>
<template name="example"><Example/>&#160;%n</template>
<template name="figure"><Figure/>&#160;%n</template>
<template name="part"><Part/>&#160;%n</template>
<template name="procedure"><Procedure/>&#160;%n</template>
<template name="productionset"><ProductionSet/>&#160;%n</template>
<template name="qandadiv"><Qandadiv/>&#160;%n</template>
<template name="qandaentry"><Question/>&#160;%n</template>
<template name="question"><Question/>&#160;%n</template>
<template name="sect1"><Section/>&#160;%n</template>
<template name="sect2"><Section/>&#160;%n</template>
<template name="sect3"><Section/>&#160;%n</template>
<template name="sect4"><Section/>&#160;%n</template>
<template name="sect5"><Section/>&#160;%n</template>
<template name="section"><Section/>&#160;%n</template>
<template name="table"><Table/>&#160;%n</template>

</context>

<context name="xref-number-and-title">

<template name="appendix"><Appendix/>&#160;%n, %t</template>
<template name="bridgehead"><Section/>&#160;%n, <startquote/>%t<endquote/></template>
<template name="chapter"><Chapter/>&#160;%n, %t</template>
<template name="equation"><Equation/>&#160;%n, <startquote/>%t<endquote/></template>
<template name="example"><Example/>&#160;%n, <startquote/>%t<endquote/></template>
<template name="figure"><Figure/>&#160;%n, <startquote/>%t<endquote/></template>
<template name="part"><Part/>&#160;%n, <startquote/>%t<endquote/></template>
<template name="procedure"><Procedure/>&#160;%n, <startquote/>%t<endquote/></template>
<template name="productionset"><ProductionSet/>&#160;%n, <startquote/>%t<endquote/></template>
<template name="qandadiv"><Qandadiv/>&#160;%n, <startquote/>%t<endquote/></template>
<template name="refsect1"><sectioncalled/> <startquote/>%t<endquote/></template>
<template name="refsect2"><sectioncalled/> <startquote/>%t<endquote/></template>
<template name="refsect3"><sectioncalled/> <startquote/>%t<endquote/></template>
<template name="refsection"><sectioncalled/> <startquote/>%t<endquote/></template>
<template name="sect1"><Section/>&#160;%n, <startquote/>%t<endquote/></template>
<template name="sect2"><Section/>&#160;%n, <startquote/>%t<endquote/></template>
<template name="sect3"><Section/>&#160;%n, <startquote/>%t<endquote/></template>
<template name="sect4"><Section/>&#160;%n, <startquote/>%t<endquote/></template>
<template name="sect5"><Section/>&#160;%n, <startquote/>%t<endquote/></template>
<template name="section"><Section/>&#160;%n, <startquote/>%t<endquote/></template>
<template name="simplesect"><sectioncalled/> <startquote/>%t<endquote/></template>
<template name="table"><Table/>&#160;%n, <startquote/>%t<endquote/></template>

</context>

<context name="authorgroup">
<template name="sep"><listcomma/> </template>
<template name="sep2"> <and/> </template>
<template name="seplast"><lastlistcomma/> <and/> </template>
</context>

<context name="glossary">
<template name="see"><GlossSee/> %t.</template>
<template name="seealso"><GlossSeeAlso/> %t.</template>
<template name="seealso-separator">, </template>
</context>

<context name="msgset">
<template name="MsgAud"><MsgAud/>: </template>
<template name="MsgLevel"><MsgLevel/>: </template>
<template name="MsgOrig"><MsgOrig/>: </template>
</context>

<context name="datetime">
<template name="format">d.m.Y.</template>
</context>

<context name="termdef">
<template name="prefix">[Definicija: </template>
<template name="suffix">]</template>
</context>

<context name="datetime-full">
<template name="January">januar</template>
<template name="February">februar</template>
<template name="March">mart</template>
<template name="April">april</template>
<template name="May">maj</template>
<template name="June">jun</template>
<template name="July">jul</template>
<template name="August">avgust</template>
<template name="September">septembar</template>
<template name="October">oktobar</template>
<template name="November">novembar</template>
<template name="December">decembar</template>
<template name="Monday">ponedeljak</template>
<template name="Tuesday">utorak</template>
<template name="Wednesday">sreda</template>
<template name="Thursday">&#269;etvrtak</template>
<template name="Friday">petak</template>
<template name="Saturday">subota</template>
<template name="Sunday">nedelja</template>
</context>

<context name="datetime-abbrev">
<template name="Jan">jan</template>
<template name="Feb">feb</template>
<template name="Mar">mar</template>
<template name="Apr">apr</template>
<template name="May">maj</template>
<template name="Jun">jun</template>
<template name="Jul">jul</template>
<template name="Aug">avg</template>
<template name="Sep">sep</template>
<template name="Oct">okt</template>
<template name="Nov">nov</template>
<template name="Dec">dec</template>
<template name="Mon">pon</template>
<template name="Tue">uto</template>
<template name="Wed">sre</template>
<template name="Thu">&#269;et</template>
<template name="Fri">pet</template>
<template name="Sat">sub</template>
<template name="Sun">ned</template>
</context>

<context name="htmlhelp">
<template name="langcode">0x081a Serbian (Latin)</template>
</context>

<letters>
  <l i="-1"/>
  <l i="0">Simboli</l>
  <l i="1">A</l>
  <l i="1">a</l>
  <l i="2">B</l>
  <l i="2">b</l>
  <l i="3">C</l>
  <l i="3">c</l>
  <l i="4">&#268;</l>
  <l i="4">&#269;</l>
  <l i="5">&#262;</l>
  <l i="5">&#263;</l>
  <l i="6">D</l>
  <l i="6">d</l>
  <l i="7">D&#381;</l>
  <l i="7">D&#382;</l>
  <l i="7">d&#382;</l>
  <l i="8">&#272;</l>
  <l i="8">&#273;</l>
  <l i="9">E</l>
  <l i="9">e</l>
  <l i="10">F</l>
  <l i="10">f</l>
  <l i="11">G</l>
  <l i="11">g</l>
  <l i="12">H</l>
  <l i="12">h</l>
  <l i="13">I</l>
  <l i="13">i</l>
  <l i="14">J</l>
  <l i="14">j</l>
  <l i="15">K</l>
  <l i="15">k</l>
  <l i="16">L</l>
  <l i="16">l</l>
  <l i="17">LJ</l>
  <l i="17">Lj</l>
  <l i="17">lj</l>
  <l i="18">M</l>
  <l i="18">m</l>
  <l i="19">N</l>
  <l i="19">n</l>
  <l i="20">NJ</l>
  <l i="20">Nj</l>
  <l i="20">nj</l>
  <l i="21">O</l>
  <l i="21">o</l>
  <l i="22">P</l>
  <l i="22">p</l>
  <l i="23">Q</l>
  <l i="23">Q</l>
  <l i="24">R</l>
  <l i="24">r</l>
  <l i="25">S</l>
  <l i="25">s</l>
  <l i="26">&#352;</l>
  <l i="26">&#353;</l>
  <l i="27">T</l>
  <l i="27">t</l>
  <l i="28">U</l>
  <l i="28">u</l>
  <l i="29">V</l>
  <l i="29">v</l>
  <l i="30">W</l>
  <l i="30">w</l>
  <l i="31">X</l>
  <l i="31">x</l>
  <l i="32">Y</l>
  <l i="32">y</l>
  <l i="33">Z</l>
  <l i="33">z</l>
  <l i="34">&#381;</l>
  <l i="34">&#382;</l>
</letters>

</locale>