<locale language="tr" english-language-name="Turkish">

<info xmlns="http://docbook.org/ns/docbook">
<authorgroup>
  <author><personname><firstname>Baurjan</firstname><surname>Ismagulov</surname></personname>
  <email>ibr@gantek.com</email>
          
  </author>
  <author><personname><firstname>Togan</firstname><surname>M&#252;ft&#252;o&#287;lu</surname></personname>
  <email>toganm@users.sourceforge.net</email>
          
  </author>
  <author><personname><firstname>Serkan</firstname><surname>Kenar</surname></personname>
  <email>serkan@ieee.metu.edu.tr</email>
          
  </author>
</authorgroup>
</info>

<gentext key="Abstract" text="&#214;zet"/>
<gentext key="abstract" text="&#214;zet"/>
<gentext key="Answer" text="Cevap:"/>
<gentext key="answer" text="Cevap:"/>
<gentext key="Appendix" text="Ek"/>
<gentext key="appendix" text="Ek"/>
<gentext key="Article" text="Makale"/>
<gentext key="article" text="Makale"/>
<gentext key="Author" text="Yazar"/>
<gentext key="Bibliography" text="Kaynak&#231;a"/>
<gentext key="bibliography" text="Kaynak&#231;a"/>
<gentext key="Book" text="Kitap"/>
<gentext key="book" text="Kitap"/>
<gentext key="CAUTION" text="D&#304;KKAT"/>
<gentext key="Caution" text="Dikkat"/>
<gentext key="caution" text="Dikkat"/>
<gentext key="Chapter" text="B&#246;l&#252;m"/>
<gentext key="chapter" text="B&#246;l&#252;m"/>
<gentext key="Colophon" text="Kitap hakk&#305;nda"/>
<gentext key="colophon" text="Kitap hakk&#305;nda"/>
<gentext key="Copyright" text="Telif Hakk&#305;"/>
<gentext key="copyright" text="Telif Hakk&#305;"/>
<gentext key="Dedication" text="&#304;thaf"/>
<gentext key="dedication" text="&#304;thaf"/>
<gentext key="Edition" text="Bask&#305;"/>
<gentext key="edition" text="Bask&#305;"/>
<gentext key="Equation" text="Denklem"/>
<gentext key="equation" text="Denklem"/>
<gentext key="Example" text="&#214;rnek"/>
<gentext key="example" text="&#214;rnek"/>
<gentext key="Figure" text="&#350;ekil"/>
<gentext key="figure" text="&#350;ekil"/>
<gentext key="Glossary" text="S&#246;zl&#252;k"/>
<gentext key="glossary" text="S&#246;zl&#252;k"/>
<gentext key="GlossSee" text="Bkz."/>
<gentext key="glosssee" text="Bkz."/>
<gentext key="GlossSeeAlso" text="Bkz."/>
<gentext key="glossseealso" text="Bkz."/>
<gentext key="IMPORTANT" text="&#214;NEML&#304;"/>
<gentext key="important" text="&#214;nemli"/>
<gentext key="Important" text="&#214;nemli"/>
<gentext key="Index" text="Dizin"/>
<gentext key="index" text="Dizin"/>
<gentext key="ISBN" text="ISBN"/>
<gentext key="isbn" text="ISBN"/>
<gentext key="LegalNotice" text="Yasal Uyar&#305;"/>
<gentext key="legalnotice" text="Yasal Uyar&#305;"/>
<gentext key="MsgAud" text="Hedef Okuyucu"/>
<gentext key="msgaud" text="Hedef Okuyucu"/>
<gentext key="MsgLevel" text="D&#252;zey"/>
<gentext key="msglevel" text="D&#252;zey"/>
<gentext key="MsgOrig" text="Kaynak"/>
<gentext key="msgorig" text="Kaynak"/>
<gentext key="NOTE" text="NOT"/>
<gentext key="Note" text="Not"/>
<gentext key="note" text="Not"/>
<gentext key="Part" text="K&#305;s&#305;m"/>
<gentext key="part" text="K&#305;s&#305;m"/>
<gentext key="Preface" text="&#214;ns&#246;z"/>
<gentext key="preface" text="&#214;ns&#246;z"/>
<gentext key="Procedure" text="Y&#246;nerge"/>
<gentext key="procedure" text="Y&#246;nerge"/>
<gentext key="ProductionSet" text="Prod&#252;ksiyon"/>
<gentext key="PubDate" text="Yay&#305;mlanma Tarihi"/>
<gentext key="pubdate" text="Yay&#305;mlanma Tarihi"/>
<gentext key="Published" text="Yay&#305;mlanma"/>
<gentext key="published" text="Yay&#305;mlanma"/>
<gentext key="Qandadiv" text="S ve C"/>
<gentext key="qandadiv" text="S ve C"/>
<gentext key="Question" text="Soru:"/>
<gentext key="question" text="Soru:"/>
<gentext key="RefEntry" text=""/>
<gentext key="refentry" text=""/>
<gentext key="Reference" text="Referans"/>
<gentext key="reference" text="Referans"/>
<gentext key="RefName" text="Referans Ad&#305;"/>
<gentext key="refname" text="Referans Ad&#305;"/>
<gentext key="RefSection" text=""/>
<gentext key="refsection" text=""/>
<gentext key="RefSynopsisDiv" text="&#214;zet"/>
<gentext key="refsynopsisdiv" text="&#214;zet"/>
<gentext key="RevHistory" text="Bask&#305; Tarih&#231;esi"/>
<gentext key="revhistory" text="Bask&#305; Tarih&#231;esi"/>
<gentext key="revision" text="Bask&#305;"/>
<gentext key="Revision" text="Bask&#305;"/>
<gentext key="sect1" text="K&#305;s&#305;m"/>
<gentext key="sect2" text="K&#305;s&#305;m"/>
<gentext key="sect3" text="K&#305;s&#305;m"/>
<gentext key="sect4" text="K&#305;s&#305;m"/>
<gentext key="sect5" text="K&#305;s&#305;m"/>
<gentext key="section" text="K&#305;s&#305;m"/>
<gentext key="Section" text="K&#305;s&#305;m"/>
<gentext key="see" text="bkz."/>
<gentext key="See" text="Bkz."/>
<gentext key="seealso" text="Bkz."/>
<gentext key="Seealso" text="Bak&#305;n&#305;z"/>
<gentext key="SeeAlso" text="Bak&#305;n&#305;z"/>
<gentext key="set" text="Tak&#305;m"/>
<gentext key="Set" text="Tak&#305;m"/>
<gentext key="setindex" text="Tak&#305;m Dizini"/>
<gentext key="SetIndex" text="Tak&#305;m Dizini"/>
<gentext key="Sidebar" text=""/>
<gentext key="sidebar" text="kenar &#231;ubu&#287;u"/>
<gentext key="step" text="ad&#305;m"/>
<gentext key="Step" text="Ad&#305;m"/>
<gentext key="Table" text="Tablo"/>
<gentext key="table" text="Tablo"/>
<gentext key="tip" text="&#304;pucu"/>
<gentext key="TIP" text="&#304;PUCU"/>
<gentext key="Tip" text="&#304;pucu"/>
<gentext key="Warning" text="Uyar&#305;"/>
<gentext key="warning" text="Uyar&#305;"/>
<gentext key="WARNING" text="UYARI"/>

<gentext key="and" text="ve"/>
<gentext key="by" text=""/>
<gentext key="called" text=""/>
<gentext key="Edited" text="Yay&#305;na haz&#305;rlayan"/>
<gentext key="edited" text="yay&#305;na haz&#305;rlayan"/>
<gentext key="Editedby" text="Yay&#305;na haz&#305;rlayan"/>
<gentext key="editedby" text="yay&#305;na haz&#305;rlayan"/>
<gentext key="in" text=""/>
<gentext key="lastlistcomma" text=","/>
<gentext key="listcomma" text=","/>
<gentext key="notes" text="Notlar"/>
<gentext key="Notes" text="Notlar"/>
<gentext key="Pgs" text="Sayfa"/>
<gentext key="pgs" text="Sayfa"/>
<gentext key="Revisedby" text="D&#252;zeltmeler: "/>
<gentext key="revisedby" text="D&#252;zeltmeler: "/>
<gentext key="TableNotes" text="Notlar"/>
<gentext key="tablenotes" text="Notlar"/>
<gentext key="the" text=""/>
<gentext key="TableofContents" text="&#304;&#231;indekiler"/>
<gentext key="tableofcontents" text="&#304;&#231;indekiler"/>
<gentext key="unexpectedelementname" text="Beklenmeyen eleman ad&#305;"/>
<gentext key="unsupported" text="desteklenmiyor"/>
<gentext key="xrefto" text=""/> 

<gentext key="listofequations" text="Denklemler"/>
<gentext key="ListofEquations" text="Denklemler"/>
<gentext key="ListofExamples" text="&#214;rnekler"/>
<gentext key="listofexamples" text="&#214;rnekler"/>
<gentext key="ListofFigures" text="&#350;ekiller"/>
<gentext key="listoffigures" text="&#350;ekiller"/>
<gentext key="listoftables" text="Tablolar"/>
<gentext key="ListofTables" text="Tablolar"/>
<gentext key="ListofProcedures" text="Y&#246;nergeler"/>
<gentext key="listofprocedures" text="Y&#246;nergeler"/>
<gentext key="ListofUnknown" text="Bilinmeyenler"/>
<gentext key="listofunknown" text="Bilinmeyenler"/>

<gentext key="nav-home" text="Ba&#351;lang&#305;&#231;"/>
<gentext key="nav-next" text="Sonraki"/>
<gentext key="nav-next-sibling" text="Sonraki B&#246;l&#252;m"/>
<gentext key="nav-prev" text="&#214;nceki"/>
<gentext key="nav-prev-sibling" text="&#214;nceki B&#246;l&#252;m"/>
<gentext key="nav-up" text="Yukar&#305;"/>
<gentext key="nav-toc" text="&#304;&#231;indekiler"/>

<gentext key="sectioncalled" text=""/>
<gentext key="Draft" text="Taslak"/> 
<gentext key="above" text="&#252;st&#252;nde"/> 
<gentext key="below" text="alt&#305;nda"/> 
<gentext key="index symbols" text="Semboller"/>
<gentext key="writing-mode" text="lr-tb"/>

<gentext key="lowercase.alpha" text="abc&#231;defg&#287;h&#305;ijklmno&#246;prs&#351;tu&#252;vyz"/>
<gentext key="uppercase.alpha" text="ABC&#199;DEFG&#286;HI&#304;JKLMNO&#214;PRS&#350;TU&#220;VYZ"/>

<dingbat key="startquote" text="&#8220;"/>
<dingbat key="endquote" text="&#8221;"/>
<dingbat key="nestedstartquote" text="&#8216;"/>
<dingbat key="nestedendquote" text="&#8217;"/>
<dingbat key="singlestartquote" text="&#8216;"/>
<dingbat key="singleendquote" text="&#8217;"/>
<dingbat key="bullet" text="&#8226;"/>


<gentext key="hyphenation-character" text="-"/>
<gentext key="hyphenation-push-character-count" text="3"/>
<gentext key="hyphenation-remain-character-count" text="2"/>


<context name="title">

<template name="abstract">%t</template>
<template name="answer">%t</template>
<template name="appendix"><Appendix/> %n. %t</template>
<template name="article">%t</template>
<template name="authorblurb">%t</template>
<template name="bibliodiv">%t</template>
<template name="biblioentry">%t</template>
<template name="bibliography">%t</template>
<template name="bibliomixed">%t</template>
<template name="bibliomset">%t</template>
<template name="biblioset">%t</template>
<template name="blockquote">%t</template>
<template name="book">%t</template>
<template name="calloutlist">%t</template>
<template name="caution">%t</template>
<template name="chapter"><Chapter/> %n. %t</template>
<template name="colophon">%t</template>
<template name="dedication">%t</template>
<template name="equation"><Equation/> %n. %t</template>
<template name="example"><Example/> %n. %t</template>
<template name="figure"><Figure/> %n. %t</template>
<template name="formalpara">%t</template>
<template name="glossary">%t</template>
<template name="glossdiv">%t</template>
<template name="glossentry">%t</template>
<template name="important">%t</template>
<template name="index">%t</template>
<template name="indexdiv">%t</template>
<template name="itemizedlist">%t</template>
<template name="legalnotice">%t</template>
<template name="listitem"/>
<template name="lot">%t</template>
<template name="msg">%t</template>
<template name="msgexplan">%t</template>
<template name="msgmain">%t</template>
<template name="msgrel">%t</template>
<template name="msgset">%t</template>
<template name="msgsub">%t</template>
<template name="note">%t</template>
<template name="orderedlist">%t</template>
<template name="part"><Part/> %n. %t</template>
<template name="partintro">%t</template>
<template name="preface">%t</template>
<template name="procedure">%t</template>
<template name="procedure.formal"><Procedure/> %n. %t</template>
<template name="productionset">%t</template>
<template name="productionset.formal"><ProductionSet/> %n</template>
<template name="qandadiv">%t</template>
<template name="qandaentry">%t</template>
<template name="qandaset">%t</template>
<template name="question">%t</template>
<template name="refentry">%t</template>
<template name="reference">%t</template>
<template name="refsection">%t</template>
<template name="refsect1">%t</template>
<template name="refsect2">%t</template>
<template name="refsect3">%t</template>
<template name="refsynopsisdiv">%t</template>
<template name="refsynopsisdivinfo">%t</template>
<template name="segmentedlist">%t</template>
<template name="set">%t</template>
<template name="setindex">%t</template>
<template name="sidebar">%t</template>
<template name="step">%t</template>
<template name="table"><Table/> %n. %t</template>
<template name="task">%t</template>
<template name="tip">%t</template>
<template name="toc">%t</template>
<template name="variablelist">%t</template>
<template name="varlistentry"/>
<template name="warning">%t</template>

</context>

<context name="styles">

<template name="person-name">first-last</template>

</context>

<context name="title-unnumbered">

<template name="appendix">%t</template>
<template name="article/appendix">%t</template>
<template name="bridgehead">%t</template>
<template name="chapter">%t</template>
<template name="sect1">%t</template>
<template name="sect2">%t</template>
<template name="sect3">%t</template>
<template name="sect4">%t</template>
<template name="sect5">%t</template>
<template name="section">%t</template>
<template name="simplesect">%t</template>

</context>

<context name="title-numbered">

<template name="appendix"><Appendix/> %n. %t</template>
<template name="article/appendix">%n.&#160;%t</template>
<template name="bridgehead">%n. %t</template>
<template name="chapter"><Chapter/> %n. %t</template>
<template name="part"><Part/>&#160;%n.&#160;%t</template>
<template name="sect1">%n. %t</template>
<template name="sect2">%n. %t</template>
<template name="sect3">%n. %t</template>
<template name="sect4">%n. %t</template>
<template name="sect5">%n. %t</template>
<template name="section">%n. %t</template>
<template name="simplesect">%t</template>

</context>

<context name="subtitle">

<template name="appendix">%s</template>
<template name="article">%s</template>
<template name="bibliodiv">%s</template>
<template name="biblioentry">%s</template>
<template name="bibliography">%s</template>
<template name="bibliomixed">%s</template>
<template name="bibliomset">%s</template>
<template name="biblioset">%s</template>
<template name="book">%s</template>
<template name="chapter">%s</template>
<template name="colophon">%s</template>
<template name="dedication">%s</template>
<template name="glossary">%s</template>
<template name="glossdiv">%s</template>
<template name="index">%s</template>
<template name="indexdiv">%s</template>
<template name="lot">%s</template>
<template name="part">%s</template>
<template name="partintro">%s</template>
<template name="preface">%s</template>
<template name="refentry">%s</template>
<template name="reference">%s</template>
<template name="refsection">%s</template>
<template name="refsect1">%s</template>
<template name="refsect2">%s</template>
<template name="refsect3">%s</template>
<template name="refsynopsisdiv">%s</template>
<template name="sect1">%s</template>
<template name="sect2">%s</template>
<template name="sect3">%s</template>
<template name="sect4">%s</template>
<template name="sect5">%s</template>
<template name="section">%s</template>
<template name="set">%s</template>
<template name="setindex">%s</template>
<template name="sidebar">%s</template>
<template name="simplesect">%s</template>
<template name="toc">%s</template>

</context>

<context name="xref">
<template name="abstract">%t</template>
<template name="answer"><Answer/> %n</template>
<template name="appendix">%t</template>
<template name="article">%t</template>
<template name="authorblurb">%t</template>
<template name="bibliodiv">%t</template>
<template name="bibliography">%t</template>
<template name="bibliomset">%t</template>
<template name="biblioset">%t</template>
<template name="blockquote">%t</template>
<template name="book">%t</template>
<template name="calloutlist">%t</template>
<template name="caution">%t</template>
<template name="chapter">%t</template>
<template name="colophon">%t</template>
<template name="constraintdef">%t</template>
<template name="dedication">%t</template>
<template name="equation">%t</template>
<template name="example">%t</template>
<template name="figure">%t</template>
<template name="formalpara">%t</template>
<template name="glossary">%t</template>
<template name="glossdiv">%t</template>
<template name="important">%t</template>
<template name="index">%t</template>
<template name="indexdiv">%t</template>
<template name="itemizedlist">%t</template>
<template name="legalnotice">%t</template>
<template name="listitem">%n</template>
<template name="lot">%t</template>
<template name="msg">%t</template>
<template name="msgexplan">%t</template>
<template name="msgmain">%t</template>
<template name="msgrel">%t</template>
<template name="msgset">%t</template>
<template name="msgsub">%t</template>
<template name="note">%t</template>
<template name="orderedlist">%t</template>
<template name="part">%t</template>
<template name="partintro">%t</template>
<template name="preface">%t</template>
<template name="procedure">%t</template>
<template name="productionset">%t</template>
<template name="qandadiv">%t</template>
<template name="qandaentry"><Question/> %n</template>
<template name="qandaset">%t</template>
<template name="question"><Question/> %n</template>
<template name="reference">%t</template>
<template name="refsynopsisdiv">%t</template>
<template name="segmentedlist">%t</template>
<template name="set">%t</template>
<template name="setindex">%t</template>
<template name="sidebar">%t</template>
<template name="table">%t</template>
<template name="tip">%t</template>
<template name="toc">%t</template>
<template name="variablelist">%t</template>
<template name="varlistentry">%n</template>
<template name="warning">%t</template>
<template name="page.citation"> [%p]</template>
<template name="page">(sayfa %p)</template>
<template name="pageabbrev">(shf. %p)</template>
<template name="Page">Sayfa %p</template>


<template name="bridgehead"><sectioncalled/> <startquote/>%t<endquote/></template>
<template name="refsection"><sectioncalled/> <startquote/>%t<endquote/></template>
<template name="refsect1"><sectioncalled/> <startquote/>%t<endquote/></template>
<template name="refsect2"><sectioncalled/> <startquote/>%t<endquote/></template>
<template name="refsect3"><sectioncalled/> <startquote/>%t<endquote/></template>
<template name="sect1"><sectioncalled/> <startquote/>%t<endquote/></template>
<template name="sect2"><sectioncalled/> <startquote/>%t<endquote/></template>
<template name="sect3"><sectioncalled/> <startquote/>%t<endquote/></template>
<template name="sect4"><sectioncalled/> <startquote/>%t<endquote/></template>
<template name="sect5"><sectioncalled/> <startquote/>%t<endquote/></template>
<template name="section"><sectioncalled/> <startquote/>%t<endquote/></template>
<template name="simplesect"><sectioncalled/> <startquote/>%t<endquote/></template>

</context>

<context name="xref-number">

<template name="answer"><Answer/>&#160;%n</template>
<template name="appendix"><Appendix/>&#160;%n</template>
<template name="bridgehead"><Section/>&#160;%n</template>
<template name="chapter"><Chapter/>&#160;%n</template>
<template name="equation"><Equation/>&#160;%n</template>
<template name="example"><Example/>&#160;%n</template>
<template name="figure"><Figure/>&#160;%n</template>
<template name="part"><Part/>&#160;%n</template>
<template name="procedure"><Procedure/>&#160;%n</template>
<template name="productionset"><ProductionSet/>&#160;%n</template>
<template name="qandadiv"><Qandadiv/>&#160;%n</template>
<template name="qandaentry"><Question/>&#160;%n</template>
<template name="question"><Question/>&#160;%n</template>
<template name="sect1"><Section/>&#160;%n</template>
<template name="sect2"><Section/>&#160;%n</template>
<template name="sect3"><Section/>&#160;%n</template>
<template name="sect4"><Section/>&#160;%n</template>
<template name="sect5"><Section/>&#160;%n</template>
<template name="section"><Section/>&#160;%n</template>
<template name="table"><Table/>&#160;%n</template>

</context>

<context name="xref-number-and-title">

<template name="appendix"><Appendix/>&#160;%n, %t</template>
<template name="bridgehead"><Section/>&#160;%n, <startquote/>%t<endquote/></template>
<template name="chapter"><Chapter/>&#160;%n, %t</template>
<template name="equation"><Equation/>&#160;%n, <startquote/>%t<endquote/></template>
<template name="example"><Example/>&#160;%n, <startquote/>%t<endquote/></template>
<template name="figure"><Figure/>&#160;%n, <startquote/>%t<endquote/></template>
<template name="part"><Part/>&#160;%n, <startquote/>%t<endquote/></template>
<template name="procedure"><Procedure/>&#160;%n, <startquote/>%t<endquote/></template>
<template name="productionset"><ProductionSet/>&#160;%n, <startquote/>%t<endquote/></template>
<template name="qandadiv"><Qandadiv/>&#160;%n, <startquote/>%t<endquote/></template>
<template name="refsect1"><sectioncalled/> <startquote/>%t<endquote/></template>
<template name="refsect2"><sectioncalled/> <startquote/>%t<endquote/></template>
<template name="refsect3"><sectioncalled/> <startquote/>%t<endquote/></template>
<template name="refsection"><sectioncalled/> <startquote/>%t<endquote/></template>
<template name="sect1"><Section/>&#160;%n, <startquote/>%t<endquote/></template>
<template name="sect2"><Section/>&#160;%n, <startquote/>%t<endquote/></template>
<template name="sect3"><Section/>&#160;%n, <startquote/>%t<endquote/></template>
<template name="sect4"><Section/>&#160;%n, <startquote/>%t<endquote/></template>
<template name="sect5"><Section/>&#160;%n, <startquote/>%t<endquote/></template>
<template name="section"><Section/>&#160;%n, <startquote/>%t<endquote/></template>
<template name="simplesect"><sectioncalled/> <startquote/>%t<endquote/></template>
<template name="table"><Table/>&#160;%n, <startquote/>%t<endquote/></template>

</context>

<context name="authorgroup">
<template name="sep"><listcomma/> </template>
<template name="sep2"> <and/> </template>
<template name="seplast"><lastlistcomma/> <and/> </template>
</context>

<context name="glossary">
<template name="see"><GlossSee/> %t.</template>
<template name="seealso"><GlossSeeAlso/> %t.</template>
<template name="seealso-separator">, </template>
</context>

<context name="msgset">
<template name="MsgAud"><MsgAud/>: </template>
<template name="MsgLevel"><MsgLevel/>: </template>
<template name="MsgOrig"><MsgOrig/>: </template>
</context>

<context name="datetime">
<template name="format">d/m/Y</template>
</context>

<context name="datetime-full">
<template name="January">Ocak</template>
<template name="February">&#350;ubat</template>
<template name="March">Mart</template>
<template name="April">Nisan</template>
<template name="May">May&#305;s</template>
<template name="June">Haziran</template>
<template name="July">Temmuz</template>
<template name="August">A&#287;ustos</template>
<template name="September">Eyl&#252;l</template>
<template name="October">Ekim</template>
<template name="November">Kas&#305;m</template>
<template name="December">Aral&#305;k</template>
<template name="Monday">Pazartesi</template>
<template name="Tuesday">Sal&#305;</template>
<template name="Wednesday">&#199;ar&#351;amba</template>
<template name="Thursday">Per&#351;embe</template>
<template name="Friday">Cuma</template>
<template name="Saturday">Cumartesi</template>
<template name="Sunday">Pazar</template>
</context>

<context name="datetime-abbrev">
<template name="Jan">Oca</template>
<template name="Feb">&#350;ub</template>
<template name="Mar">Mar</template>
<template name="Apr">Nis</template>
<template name="May">May</template>
<template name="Jun">Haz</template>
<template name="Jul">Tem</template>
<template name="Aug">A&#287;u</template>
<template name="Sep">Eyl</template>
<template name="Oct">Eki</template>
<template name="Nov">Kas</template>
<template name="Dec">Ara</template>
<template name="Mon">Pzt</template>
<template name="Tue">Sal</template>
<template name="Wed">&#199;ar</template>
<template name="Thu">Per</template>
<template name="Fri">Cum</template>
<template name="Sat">Cts</template>
<template name="Sun">Paz</template>
</context>

<context name="htmlhelp">
<template name="langcode">0x041f Turkish</template>
</context>

<letters>
  <l i="-1"/>	
  <l i="0">Semboller</l>
  <l i="1">A</l>
  <l i="1">a</l>
  <l i="2">B</l>
  <l i="2">b</l>
  <l i="3">C</l>
  <l i="3">c</l>
  <l i="4">&#199;</l>
  <l i="4">&#231;</l>
  <l i="5">D</l>
  <l i="5">d</l>
  <l i="6">E</l>
  <l i="6">e</l>
  <l i="7">F</l>
  <l i="7">f</l>
  <l i="8">G</l>
  <l i="8">g</l>
  <l i="9">&#286;</l>
  <l i="9">&#287;</l>
  <l i="10">H</l>
  <l i="10">h</l>
  <l i="11">I</l>
  <l i="11">&#305;</l>
  <l i="12">&#304;</l>
  <l i="12">i</l>
  <l i="13">J</l>
  <l i="13">j</l>
  <l i="14">K</l>
  <l i="14">k</l>
  <l i="15">L</l>
  <l i="15">l</l>
  <l i="16">M</l>
  <l i="16">m</l>
  <l i="17">N</l>
  <l i="17">n</l>
  <l i="18">O</l>
  <l i="18">o</l>
  <l i="19">&#214;</l>
  <l i="19">&#246;</l>
  <l i="20">P</l>
  <l i="20">p</l>
  <l i="21">R</l>
  <l i="21">r</l>
  <l i="22">S</l>
  <l i="22">s</l>
  <l i="23">&#350;</l>
  <l i="23">&#351;</l>
  <l i="24">T</l>
  <l i="24">t</l>
  <l i="25">U</l>
  <l i="25">u</l>
  <l i="26">&#220;</l>
  <l i="26">&#252;</l>
  <l i="27">V</l>
  <l i="27">v</l>
  <l i="28">Y</l>
  <l i="28">y</l>
  <l i="29">Z</l>
  <l i="29">z</l>
</letters>

</locale>