<locale language="zh_cn" english-language-name="Chinese Simplified">

<info xmlns="http://docbook.org/ns/docbook">
<authorgroup>
  <author><personname><firstname>Dongsheng</firstname><surname>Song</surname></personname>
  <email>dongsheng.song@gmail.com</email>
          
  </author>
  <author><personname><firstname>Funda</firstname><surname>Wang</surname></personname>
  <email>fundawang@linux.net.cn</email>
          
  </author>
</authorgroup>
</info>









<gentext key="Abstract" text="&#25688;&#35201;"/>
<gentext key="abstract" text="&#25688;&#35201;"/>
<gentext key="Acknowledgements" text="&#40483;&#35874;"/>
<gentext key="acknowledgements" text="&#40483;&#35874;"/>
<gentext key="Answer" text="&#31572;&#65306;"/>
<gentext key="answer" text="&#31572;&#65306;"/>
<gentext key="Appendix" text="&#38468;&#24405;"/>
<gentext key="appendix" text="&#38468;&#24405;"/>
<gentext key="Article" text="&#25991;&#31456;"/>
<gentext key="article" text="&#25991;&#31456;"/>
<gentext key="Author" text="&#20316;&#32773;"/>
<gentext key="Bibliography" text="&#21442;&#32771;&#20070;&#30446;"/>
<gentext key="bibliography" text="&#21442;&#32771;&#20070;&#30446;"/>
<gentext key="Book" text="&#20070;"/>
<gentext key="book" text="&#20070;"/>
<gentext key="CAUTION" text="&#23567;&#24515;"/>
<gentext key="Caution" text="&#23567;&#24515;"/>
<gentext key="caution" text="&#23567;&#24515;"/>
<gentext key="Chapter" text="&#31456;"/>
<gentext key="chapter" text="&#31456;"/>
<gentext key="Colophon" text="&#21518;&#35760;"/>
<gentext key="colophon" text="&#21518;&#35760;"/>
<gentext key="Copyright" text="&#29256;&#26435;"/>
<gentext key="copyright" text="&#29256;&#26435;"/>
<gentext key="Dedication" text="&#39064;&#35789;"/>
<gentext key="dedication" text="&#39064;&#35789;"/>
<gentext key="Edition" text="&#29256;"/>
<gentext key="edition" text="&#29256;"/>
<gentext key="Editor" text="&#32534;&#32773;"/>
<gentext key="Equation" text="&#20844;&#24335;"/>
<gentext key="equation" text="&#20844;&#24335;"/>
<gentext key="Example" text="&#20363;"/>
<gentext key="example" text="&#20363;"/>
<gentext key="Figure" text="&#22270;"/>
<gentext key="figure" text="&#22270;"/>
<gentext key="Glossary" text="&#26415;&#35821;&#34920;"/>
<gentext key="glossary" text="&#26415;&#35821;&#34920;"/>
<gentext key="GlossSee" text="&#35265;"/>
<gentext key="glosssee" text="&#35265;"/>
<gentext key="GlossSeeAlso" text="&#21442;&#35265;"/>
<gentext key="glossseealso" text="&#21442;&#35265;"/>
<gentext key="IMPORTANT" text="&#37325;&#35201;"/>
<gentext key="important" text="&#37325;&#35201;"/>
<gentext key="Important" text="&#37325;&#35201;"/>
<gentext key="Index" text="&#32034;&#24341;"/>
<gentext key="index" text="&#32034;&#24341;"/>
<gentext key="ISBN" text="ISBN"/>
<gentext key="isbn" text="ISBN"/>
<gentext key="LegalNotice" text="&#27861;&#24459;&#36890;&#21578;"/>
<gentext key="legalnotice" text="&#27861;&#24459;&#36890;&#21578;"/>
<gentext key="MsgAud" text="&#21463;&#20247;"/>
<gentext key="msgaud" text="&#21463;&#20247;"/>
<gentext key="MsgLevel" text="&#32423;&#21035;"/>
<gentext key="msglevel" text="&#32423;&#21035;"/>
<gentext key="MsgOrig" text="&#20986;&#22788;"/>
<gentext key="msgorig" text="&#20986;&#22788;"/>
<gentext key="NOTE" text="&#27880;&#24847;"/>
<gentext key="Note" text="&#27880;&#24847;"/>
<gentext key="note" text="&#27880;&#24847;"/>
<gentext key="Part" text="&#37096;&#20998;"/>
<gentext key="part" text="&#37096;&#20998;"/>
<gentext key="Preface" text="&#21069;&#35328;"/>
<gentext key="preface" text="&#21069;&#35328;"/>
<gentext key="Procedure" text="&#36807;&#31243;"/>
<gentext key="procedure" text="&#36807;&#31243;"/>
<gentext key="ProductionSet" text="&#20135;&#21697;"/>
<gentext key="PubDate" text="&#20986;&#29256;&#26085;&#26399;"/>
<gentext key="pubdate" text="&#20986;&#29256;&#26085;&#26399;"/>
<gentext key="Published" text="&#20986;&#29256;&#26041;"/>
<gentext key="published" text="&#20986;&#29256;&#26041;"/>
<gentext key="Publisher" text="&#20986;&#29256;&#32773;"/>
<gentext key="Qandadiv" text="&#36136;&#20445;"/>
<gentext key="qandadiv" text="&#36136;&#20445;"/>
<gentext key="QandASet" text="&#24120;&#35265;&#38382;&#39064;"/>
<gentext key="Question" text="&#38382;&#65306;"/>
<gentext key="question" text="&#38382;&#65306;"/>
<gentext key="RefEntry" text=""/>
<gentext key="refentry" text=""/>
<gentext key="Reference" text="&#21442;&#32771;"/>
<gentext key="reference" text="&#21442;&#32771;"/>
<gentext key="References" text="&#21442;&#32771;"/>
<gentext key="RefName" text="&#21517;&#31216;"/>
<gentext key="refname" text="&#21517;&#31216;"/>
<gentext key="RefSection" text=""/>
<gentext key="refsection" text=""/>
<gentext key="RefSynopsisDiv" text="&#22823;&#32434;"/>
<gentext key="refsynopsisdiv" text="&#22823;&#32434;"/>
<gentext key="RevHistory" text="&#20462;&#35746;&#21382;&#21490;"/>
<gentext key="revhistory" text="&#20462;&#35746;&#21382;&#21490;"/>
<gentext key="revision" text="&#20462;&#35746;"/>
<gentext key="Revision" text="&#20462;&#35746;"/>
<gentext key="sect1" text="&#33410;"/>
<gentext key="sect2" text="&#33410;"/>
<gentext key="sect3" text="&#33410;"/>
<gentext key="sect4" text="&#33410;"/>
<gentext key="sect5" text="&#33410;"/>
<gentext key="section" text="&#33410;"/>
<gentext key="Section" text="&#33410;"/>
<gentext key="see" text="&#35265;"/>             
<gentext key="See" text="&#35265;"/>
<gentext key="seealso" text="&#21442;&#35265;"/>    
<gentext key="Seealso" text="&#21442;&#35265;"/>
<gentext key="SeeAlso" text="&#21442;&#35265;"/>
<gentext key="set" text="Set"/>
<gentext key="Set" text="Set"/>
<gentext key="setindex" text="Set Index"/>
<gentext key="SetIndex" text="Set Index"/>
<gentext key="Sidebar" text="&#20391;&#26639;"/>
<gentext key="sidebar" text="&#20391;&#26639;"/>
<gentext key="step" text="&#27493;&#39588;"/>
<gentext key="Step" text="&#27493;&#39588;"/>
<gentext key="Table" text="&#34920;"/>
<gentext key="table" text="&#34920;"/>
<gentext key="task" text="&#20219;&#21153;"/>
<gentext key="Task" text="&#20219;&#21153;"/>
<gentext key="tip" text="&#25552;&#31034;"/>
<gentext key="TIP" text="&#25552;&#31034;"/>
<gentext key="Tip" text="&#25552;&#31034;"/>
<gentext key="Warning" text="&#35686;&#21578;"/>
<gentext key="warning" text="&#35686;&#21578;"/>
<gentext key="WARNING" text="&#35686;&#21578;"/>

<gentext key="and" text="&#21644;"/>
<gentext key="by" text="&#30001;"/>
<gentext key="Edited" text="&#32534;&#36753;&#26102;&#38388;"/>
<gentext key="edited" text="&#32534;&#36753;&#26102;&#38388;"/>
<gentext key="Editedby" text="&#32534;&#36753;"/>
<gentext key="editedby" text="&#32534;&#36753;"/>
<gentext key="in" text="&#20110;"/>
<gentext key="lastlistcomma" text=""/>
<gentext key="listcomma" text="&#12289;"/>
<gentext key="notes" text="&#22791;&#27880;"/>
<gentext key="Notes" text="&#22791;&#27880;"/>
<gentext key="Pgs" text="&#39029;"/>
<gentext key="pgs" text="&#39029;"/>
<gentext key="Revisedby" text="&#20462;&#35746;&#32773;&#65306;"/>
<gentext key="revisedby" text="&#20462;&#35746;&#32773;&#65306;"/>
<gentext key="TableNotes" text="&#34920;&#27880;"/>
<gentext key="tablenotes" text="&#34920;&#27880;"/>
<gentext key="TableofContents" text="&#30446;&#24405;"/>
<gentext key="tableofcontents" text="&#30446;&#24405;"/>
<gentext key="unexpectedelementname" text="&#26410;&#39044;&#26399;&#30340;&#21517;&#31216;"/>
<gentext key="unsupported" text="&#19981;&#25903;&#25345;"/>
<gentext key="xrefto" text="xref to"/>



<gentext key="Authors" text="&#20316;&#32773;"/>



<gentext key="copyeditor" text="&#29256;&#26435;&#32534;&#36753;"/>
<gentext key="graphicdesigner" text="&#32654;&#26415;&#32534;&#36753;"/>
<gentext key="productioneditor" text="&#20135;&#21697;&#32534;&#36753;"/>
<gentext key="technicaleditor" text="&#25216;&#26415;&#32534;&#36753;"/>
<gentext key="translator" text="&#35793;&#32773;"/>

<gentext key="listofequations" text="&#20844;&#24335;&#28165;&#21333;"/>
<gentext key="ListofEquations" text="&#20844;&#24335;&#28165;&#21333;"/>
<gentext key="ListofExamples" text="&#33539;&#20363;&#28165;&#21333;"/>
<gentext key="listofexamples" text="&#33539;&#20363;&#28165;&#21333;"/>
<gentext key="ListofFigures" text="&#25554;&#22270;&#28165;&#21333;"/>
<gentext key="listoffigures" text="&#25554;&#22270;&#28165;&#21333;"/>
<gentext key="ListofProcedures" text="&#36807;&#31243;&#28165;&#21333;"/>
<gentext key="listofprocedures" text="&#36807;&#31243;&#28165;&#21333;"/>
<gentext key="listoftables" text="&#34920;&#26684;&#28165;&#21333;"/>
<gentext key="ListofTables" text="&#34920;&#26684;&#28165;&#21333;"/>
<gentext key="ListofUnknown" text="&#26410;&#30693;&#28165;&#21333;"/>
<gentext key="listofunknown" text="&#26410;&#30693;&#28165;&#21333;"/>

<gentext key="nav-home" text="&#36215;&#22987;&#39029;"/>
<gentext key="nav-next" text="&#19979;&#19968;&#39029;"/>
<gentext key="nav-next-sibling" text="&#24555;&#36827;"/>
<gentext key="nav-prev" text="&#19978;&#19968;&#39029;"/>
<gentext key="nav-prev-sibling" text="&#24555;&#36864;"/>
<gentext key="nav-up" text="&#19978;&#19968;&#32423;"/>
<gentext key="nav-toc" text="&#30446;&#24405;"/>

<gentext key="Draft" text="&#33609;&#31295;"/>
<gentext key="above" text="&#20197;&#19978;"/>
<gentext key="below" text="&#20197;&#19979;"/>
<gentext key="sectioncalled" text="&#19968;&#33410;"/>
<gentext key="index symbols" text="&#31526;&#21495;"/>
<gentext key="writing-mode" text="lr-tb"/>

<gentext key="lowercase.alpha" text="abcdefghijklmnopqrstuvwxyz"/>
<gentext key="uppercase.alpha" text="ABCDEFGHIJKLMNOPQRSTUVWXYZ"/>

<gentext key="normalize.sort.input" text="abcdefghijklmnopqrstuvwxyz"/>
<gentext key="normalize.sort.output" text="ABCDEFGHIJKLMNOPQRSTUVWXYZ"/>

<dingbat key="startquote" text="&#8220;"/>
<dingbat key="endquote" text="&#8221;"/>
<dingbat key="nestedstartquote" text="&#8216;"/>
<dingbat key="nestedendquote" text="&#8217;"/>
<dingbat key="singlestartquote" text="&#8216;"/>
<dingbat key="singleendquote" text="&#8217;"/>
<dingbat key="bullet" text="&#183;"/>


<gentext key="hyphenation-character" text="-"/>
<gentext key="hyphenation-push-character-count" text="2"/>
<gentext key="hyphenation-remain-character-count" text="2"/>

<context name="styles">

<template name="person-name">first-last</template>

</context>

<context name="title">

<template name="abstract">%t</template>
<template name="acknowledgements">%t</template>
<template name="answer">%t</template>
<template name="appendix"><Appendix/>&#160;%n.&#160;%t</template>
<template name="article">%t</template>
<template name="authorblurb">%t</template>
<template name="bibliodiv">%t</template>
<template name="biblioentry">%t</template>
<template name="bibliography">%t</template>
<template name="bibliolist">%t</template>
<template name="bibliomixed">%t</template>
<template name="bibliomset">%t</template>
<template name="biblioset">%t</template>
<template name="blockquote">%t</template>
<template name="book">%t</template>
<template name="calloutlist">%t</template>
<template name="caution">%t</template>
<template name="chapter">&#31532;&#160;%n&#160;<Chapter/>&#160;%t</template>
<template name="colophon">%t</template>
<template name="dedication">%t</template>
<template name="equation"><Equation/>&#160;%n.&#160;%t</template>
<template name="example"><Example/>&#160;%n.&#160;%t</template>
<template name="figure"><Figure/>&#160;%n.&#160;%t</template>
<template name="foil">%t</template> 
<template name="foilgroup">%t</template>  
<template name="formalpara">%t</template>
<template name="glossary">%t</template>
<template name="glossdiv">%t</template>
<template name="glosslist">%t</template>
<template name="glossentry">%t</template>
<template name="important">%t</template>
<template name="index">%t</template>
<template name="indexdiv">%t</template>
<template name="itemizedlist">%t</template>
<template name="legalnotice">%t</template>
<template name="listitem"/>
<template name="lot">%t</template>
<template name="msg">%t</template>
<template name="msgexplan">%t</template>
<template name="msgmain">%t</template>
<template name="msgrel">%t</template>
<template name="msgset">%t</template>
<template name="msgsub">%t</template>
<template name="note">%t</template>
<template name="orderedlist">%t</template>
<template name="part">&#31532;&#160;%n&#160;<Part/>&#160;%t</template>
<template name="partintro">%t</template>
<template name="preface">%t</template>
<template name="procedure">%t</template>
<template name="procedure.formal"><Procedure/>&#160;%n.&#160;%t</template>
<template name="productionset">%t</template>
<template name="productionset.formal"><ProductionSet/>&#160;%n</template>
<template name="qandadiv">%t</template>
<template name="qandaentry">%t</template>
<template name="qandaset">%t</template>
<template name="question">%t</template>
<template name="refentry">%t</template>
<template name="reference">%t</template>
<template name="refsection">%t</template>
<template name="refsect1">%t</template>
<template name="refsect2">%t</template>
<template name="refsect3">%t</template>
<template name="refsynopsisdiv">%t</template>
<template name="refsynopsisdivinfo">%t</template>
<template name="segmentedlist">%t</template>
<template name="set">%t</template>
<template name="setindex">%t</template>
<template name="sidebar">%t</template>
<template name="step">%t</template>
<template name="table"><Table/>&#160;%n.&#160;%t</template>
<template name="task">%t</template>
<template name="tasksummary">%t</template>
<template name="taskprerequisites">%t</template>
<template name="taskrelated">%t</template>
<template name="tip">%t</template>
<template name="toc">%t</template>
<template name="variablelist">%t</template>
<template name="varlistentry"/>
<template name="warning">%t</template>

</context>

<context name="title-unnumbered">

<template name="appendix">%t</template>
<template name="article/appendix">%t</template>
<template name="bridgehead">%t</template>
<template name="chapter">%t</template>
<template name="sect1">%t</template>
<template name="sect2">%t</template>
<template name="sect3">%t</template>
<template name="sect4">%t</template>
<template name="sect5">%t</template>
<template name="section">%t</template>
<template name="simplesect">%t</template>
<template name="part">%t</template>

</context>

<context name="title-numbered">

<template name="appendix"><Appendix/>&#160;%n.&#160;%t</template>
<template name="article/appendix">%n.&#160;%t</template>
<template name="bridgehead">%n.&#160;%t</template>
<template name="chapter">&#31532;&#160;%n&#160;<Chapter/>&#160;%t</template>
<template name="part"><Part/>&#160;%n.&#160;%t</template>
<template name="sect1">%n.&#160;%t</template>
<template name="sect2">%n.&#160;%t</template>
<template name="sect3">%n.&#160;%t</template>
<template name="sect4">%n.&#160;%t</template>
<template name="sect5">%n.&#160;%t</template>
<template name="section">%n.&#160;%t</template>
<template name="simplesect">%t</template>

</context>

<context name="subtitle">

<template name="appendix">%s</template>
<template name="acknowledgements">%s</template>
<template name="article">%s</template>
<template name="bibliodiv">%s</template>
<template name="biblioentry">%s</template>
<template name="bibliography">%s</template>
<template name="bibliomixed">%s</template>
<template name="bibliomset">%s</template>
<template name="biblioset">%s</template>
<template name="book">%s</template>
<template name="chapter">%s</template>
<template name="colophon">%s</template>
<template name="dedication">%s</template>
<template name="glossary">%s</template>
<template name="glossdiv">%s</template>
<template name="index">%s</template>
<template name="indexdiv">%s</template>
<template name="lot">%s</template>
<template name="part">%s</template>
<template name="partintro">%s</template>
<template name="preface">%s</template>
<template name="refentry">%s</template>
<template name="reference">%s</template>
<template name="refsection">%s</template>
<template name="refsect1">%s</template>
<template name="refsect2">%s</template>
<template name="refsect3">%s</template>
<template name="refsynopsisdiv">%s</template>
<template name="sect1">%s</template>
<template name="sect2">%s</template>
<template name="sect3">%s</template>
<template name="sect4">%s</template>
<template name="sect5">%s</template>
<template name="section">%s</template>
<template name="set">%s</template>
<template name="setindex">%s</template>
<template name="sidebar">%s</template>
<template name="simplesect">%s</template>
<template name="toc">%s</template>

</context>

<context name="xref">
<template name="abstract">%t</template>
<template name="acknowledgements">%t</template>
<template name="answer"><Answer/>&#160;%n</template>
<template name="appendix">%t</template>
<template name="article">%t</template>
<template name="authorblurb">%t</template>
<template name="bibliodiv">%t</template>
<template name="bibliography">%t</template>
<template name="bibliomset">%t</template>
<template name="biblioset">%t</template>
<template name="blockquote">%t</template>
<template name="book">%t</template>
<template name="calloutlist">%t</template>
<template name="caution">%t</template>
<template name="chapter">%t</template>
<template name="colophon">%t</template>
<template name="constraintdef">%t</template>
<template name="dedication">%t</template>
<template name="equation">%t</template>
<template name="example">%t</template>
<template name="figure">%t</template>
<template name="foil">%t</template> 
<template name="foilgroup">%t</template> 
<template name="formalpara">%t</template>
<template name="glossary">%t</template>
<template name="glossdiv">%t</template>
<template name="important">%t</template>
<template name="index">%t</template>
<template name="indexdiv">%t</template>
<template name="itemizedlist">%t</template>
<template name="legalnotice">%t</template>
<template name="listitem">%n</template>
<template name="lot">%t</template>
<template name="msg">%t</template>
<template name="msgexplan">%t</template>
<template name="msgmain">%t</template>
<template name="msgrel">%t</template>
<template name="msgset">%t</template>
<template name="msgsub">%t</template>
<template name="note">%t</template>
<template name="orderedlist">%t</template>
<template name="part">%t</template>
<template name="partintro">%t</template>
<template name="preface">%t</template>
<template name="procedure">%t</template>
<template name="productionset">%t</template>
<template name="qandadiv">%t</template>
<template name="qandaentry"><Question/>&#160;%n</template>
<template name="qandaset">%t</template>
<template name="question"><Question/>&#160;%n</template>
<template name="reference">%t</template>
<template name="refsynopsisdiv">%t</template>
<template name="segmentedlist">%t</template>
<template name="set">%t</template>
<template name="setindex">%t</template>
<template name="sidebar">%t</template>
<template name="table">%t</template>
<template name="task">%t</template>
<template name="tip">%t</template>
<template name="toc">%t</template>
<template name="variablelist">%t</template>
<template name="varlistentry">%n</template>
<template name="warning">%t</template>
<template name="olink.document.citation"> in %o</template>
<template name="olink.page.citation"> (page %p)</template>
<template name="page.citation"> [%p]</template>
<template name="page">(&#31532; %p &#39029;)</template>
<template name="docname"> &#22312; %o</template>
<template name="docnamelong"> &#22312;&#25991;&#26723;&#26631;&#39064; %o</template>
<template name="pageabbrev">(&#31532; %p &#39029;)</template>
<template name="Page">&#31532; %p &#39029;</template>

<template name="bridgehead"><startquote/>%t<endquote/><sectioncalled/></template>
<template name="refsection"><startquote/>%t<endquote/><sectioncalled/></template>
<template name="refsect1"><startquote/>%t<endquote/><sectioncalled/></template>
<template name="refsect2"><startquote/>%t<endquote/><sectioncalled/></template>
<template name="refsect3"><startquote/>%t<endquote/><sectioncalled/></template>
<template name="sect1"><startquote/>%t<endquote/><sectioncalled/></template>
<template name="sect2"><startquote/>%t<endquote/><sectioncalled/></template>
<template name="sect3"><startquote/>%t<endquote/><sectioncalled/></template>
<template name="sect4"><startquote/>%t<endquote/><sectioncalled/></template>
<template name="sect5"><startquote/>%t<endquote/><sectioncalled/></template>
<template name="section"><startquote/>%t<endquote/><sectioncalled/></template>
<template name="simplesect"><startquote/>%t<endquote/><sectioncalled/></template>

</context>

<context name="xref-number">

<template name="answer"><Answer/>&#160;%n</template>
<template name="appendix"><Appendix/>&#160;%n</template>
<template name="bridgehead">&#31532;&#160;%n&#160;<Section/></template>
<template name="chapter">&#31532;&#160;%n&#160;<Chapter/></template>
<template name="equation"><Equation/>&#160;%n</template>
<template name="example"><Example/>&#160;%n</template>
<template name="figure"><Figure/>&#160;%n</template>
<template name="part">&#31532;&#160;%n&#160;<Part/></template>
<template name="procedure"><Procedure/>&#160;%n</template>
<template name="productionset"><ProductionSet/>&#160;%n</template>
<template name="qandadiv"><Qandadiv/>&#160;%n</template>
<template name="qandaentry"><Question/>&#160;%n</template>
<template name="question"><Question/>&#160;%n</template>
<template name="sect1">&#31532;&#160;%n&#160;<Section/></template>
<template name="sect2">&#31532;&#160;%n&#160;<Section/></template>
<template name="sect3">&#31532;&#160;%n&#160;<Section/></template>
<template name="sect4">&#31532;&#160;%n&#160;<Section/></template>
<template name="sect5">&#31532;&#160;%n&#160;<Section/></template>
<template name="section">&#31532;&#160;%n&#160;<Section/></template>
<template name="table"><Table/>&#160;%n</template>

</context>

<context name="xref-number-and-title">

<template name="appendix"><Appendix/>&#160;%n, %t</template>
<template name="bridgehead">&#31532;&#160;%n&#160;<Section/> <startquote/>%t<endquote/></template>
<template name="chapter">&#31532;&#160;%n&#160;<Chapter/> %t</template>
<template name="equation"><Equation/>&#160;%n <startquote/>%t<endquote/></template>
<template name="example"><Example/>&#160;%n <startquote/>%t<endquote/></template>
<template name="figure"><Figure/>&#160;%n <startquote/>%t<endquote/></template>
<template name="part">&#31532;&#160;%n&#160;<Part/> <startquote/>%t<endquote/></template>
<template name="procedure"><Procedure/>&#160;%n, <startquote/>%t<endquote/></template>
<template name="productionset"><ProductionSet/>&#160;%n, <startquote/>%t<endquote/></template>
<template name="qandadiv"><Qandadiv/>&#160;%n, <startquote/>%t<endquote/></template>
<template name="refsect1"><startquote/>%t<endquote/><sectioncalled/></template>
<template name="refsect2"><startquote/>%t<endquote/><sectioncalled/></template>
<template name="refsect3"><startquote/>%t<endquote/><sectioncalled/></template>
<template name="refsection"><startquote/>%t<endquote/><sectioncalled/></template>
<template name="sect1">&#31532;&#160;%n&#160;<Section/> <startquote/>%t<endquote/></template>
<template name="sect2">&#31532;&#160;%n&#160;<Section/> <startquote/>%t<endquote/></template>
<template name="sect3">&#31532;&#160;%n&#160;<Section/> <startquote/>%t<endquote/></template>
<template name="sect4">&#31532;&#160;%n&#160;<Section/> <startquote/>%t<endquote/></template>
<template name="sect5">&#31532;&#160;%n&#160;<Section/> <startquote/>%t<endquote/></template>
<template name="section">&#31532;&#160;%n&#160;<Section/> <startquote/>%t<endquote/></template>
<template name="simplesect"><startquote/>%t<endquote/><sectioncalled/></template>
<template name="table"><Table/>&#160;%n <startquote/>%t<endquote/></template>

</context>

<context name="authorgroup">
<template name="sep"><listcomma/></template>
<template name="sep2"><and/></template>
<template name="seplast"><lastlistcomma/><and/></template>
</context>

<context name="glossary">
<template name="see"><GlossSee/>%t.</template>
<template name="seealso"><GlossSeeAlso/>%t.</template>
<template name="seealso-separator">, </template>
</context>

<context name="msgset">
<template name="MsgAud"><MsgAud/>&#65306;</template>
<template name="MsgLevel"><MsgLevel/>&#65306;</template>
<template name="MsgOrig"><MsgOrig/>&#65306;</template>
</context>

<context name="datetime">
<template name="format">Y-m-d</template>
</context>

<context name="termdef">
<template name="prefix">[&#23450;&#20041;&#65306;</template>
<template name="suffix">]</template>
</context>

<context name="datetime-full">
<template name="January">&#19968;&#26376;</template>
<template name="February">&#20108;&#26376;</template>
<template name="March">&#19977;&#26376;</template>
<template name="April">&#22235;&#26376;</template>
<template name="May">&#20116;&#26376;</template>
<template name="June">&#20845;&#26376;</template>
<template name="July">&#19971;&#26376;</template>
<template name="August">&#20843;&#26376;</template>
<template name="September">&#20061;&#26376;</template>
<template name="October">&#21313;&#26376;</template>
<template name="November">&#21313;&#19968;&#26376;</template>
<template name="December">&#21313;&#20108;&#26376;</template>
<template name="Monday">&#26143;&#26399;&#19968;</template>
<template name="Tuesday">&#26143;&#26399;&#20108;</template>
<template name="Wednesday">&#26143;&#26399;&#19977;</template>
<template name="Thursday">&#26143;&#26399;&#22235;</template>
<template name="Friday">&#26143;&#26399;&#20116;</template>
<template name="Saturday">&#26143;&#26399;&#20845;</template>
<template name="Sunday">&#26143;&#26399;&#26085;</template>
</context>

<context name="datetime-abbrev">
<template name="Jan">&#19968;&#26376;</template>
<template name="Feb">&#20108;&#26376;</template>
<template name="Mar">&#19977;&#26376;</template>
<template name="Apr">&#22235;&#26376;</template>
<template name="May">&#20116;&#26376;</template>
<template name="Jun">&#20845;&#26376;</template>
<template name="Jul">&#19971;&#26376;</template>
<template name="Aug">&#20843;&#26376;</template>
<template name="Sep">&#20061;&#26376;</template>
<template name="Oct">&#21313;&#26376;</template>
<template name="Nov">&#21313;&#19968;&#26376;</template>
<template name="Dec">&#21313;&#20108;&#26376;</template>
<template name="Mon">&#21608;&#19968;</template>
<template name="Tue">&#21608;&#20108;</template>
<template name="Wed">&#21608;&#19977;</template>
<template name="Thu">&#21608;&#22235;</template>
<template name="Fri">&#21608;&#20116;</template>
<template name="Sat">&#21608;&#20845;</template>
<template name="Sun">&#21608;&#26085;</template>
</context>

<context name="htmlhelp">
  <template name="langcode">0x0804 Chinese (CHINA)</template>
</context>

<context name="index">
<template name="term-separator">&#65292;</template>
<template name="number-separator">&#65292;</template>
<template name="range-separator">&#65293;</template>
</context>

<context name="iso690">
  
  
  <template name="lastfirst.sep">&#65292;</template> 
  <template name="alt.person.two.sep"> &#21644; </template>
  <template name="alt.person.last.sep"> &#21644; </template> 
  <template name="alt.person.more.sep">&#65292;</template> 
  <template name="primary.editor">(&#20027;&#32534;)</template> 
  <template name="primary.many">&#31561;&#12290;</template> 
  <template name="primary.sep">&#12290;</template> 

  
  
  <template name="submaintitle.sep">&#65306;</template> 
  <template name="title.sep">&#12290;</template> 
  <template name="othertitle.sep">&#65292;</template> 

  
  
  <template name="medium1"> [</template>
  <template name="medium2">]</template>

  
  
  <template name="secondary.person.sep">&#65307;</template> 
  <template name="secondary.sep">&#12290;</template> 

  
  
  <template name="respons.sep">&#12290;</template> 

  
  <template name="edition.sep">&#12290;</template> 
  <template name="edition.serial.sep">&#65292;</template> 

  
  <template name="issuing.range">-</template> 
  <template name="issuing.div">&#65292;</template> 
  <template name="issuing.sep">&#12290;</template> 

  
  <template name="partnr.sep">&#12290;</template> 

  
  <template name="placepubl.sep">&#65306;</template> 
  <template name="publyear.sep">&#65292;</template> 
  <template name="pubinfo.sep">&#12290;</template> 
  <template name="spec.pubinfo.sep">&#65292;</template> 

  
  <template name="upd.sep">&#65292;</template> 

  
  
  <template name="datecit1"> [cited </template>
  <template name="datecit2">]</template>

  
  <template name="extent.sep">&#12290;</template>

  
  <template name="locs.sep">&#65292;</template> 
  <template name="location.sep">&#12290;</template>

  
  <template name="serie.sep">&#12290;</template>

  
  <template name="notice.sep">&#12290;</template>

  
  
  <template name="access">&#21487;&#29992;</template>
  <template name="acctoo">&#20063;&#21487;&#29992;</template>
  <template name="onwww">&#20174;&#19975;&#32500;&#32593;</template>
  <template name="oninet">&#20174;&#20114;&#32852;&#32593;</template>
  <template name="access.end">: </template>
  <template name="link1">&lt;</template> 
  <template name="link2">&gt;</template> 
  <template name="access.sep">. </template>

  
  
  <template name="isbn">ISBN </template>
  <template name="issn">ISSN </template>
  <template name="stdnum.sep">&#12290;</template> 

  
  <template name="patcountry.sep">&#12290;</template> 
  <template name="pattype.sep">&#65292;</template> 
  <template name="patnum.sep">&#12290;</template> 
  <template name="patdate.sep">&#12290;</template> 
</context>

<letters>
  <l i="-1"/>
  <l i="0">&#31526;&#21495;</l>
  <l i="1">A</l>
  <l i="1">a</l>
  <l i="2">B</l>
  <l i="2">b</l>
  <l i="3">C</l>
  <l i="3">c</l>
  <l i="4">D</l>
  <l i="4">d</l>
  <l i="5">E</l>
  <l i="5">e</l>
  <l i="6">F</l>
  <l i="6">f</l>
  <l i="7">G</l>
  <l i="7">g</l>
  <l i="8">H</l>
  <l i="8">h</l>
  <l i="9">I</l>
  <l i="9">i</l>
  <l i="10">J</l>
  <l i="10">j</l>
  <l i="11">K</l>
  <l i="11">k</l>
  <l i="12">L</l>
  <l i="12">l</l>
  <l i="13">M</l>
  <l i="13">m</l>
  <l i="14">N</l>
  <l i="14">n</l>
  <l i="15">O</l>
  <l i="15">o</l>
  <l i="16">P</l>
  <l i="16">p</l>
  <l i="17">Q</l>
  <l i="17">q</l>
  <l i="18">R</l>
  <l i="18">r</l>
  <l i="19">S</l>
  <l i="19">s</l>
  <l i="20">T</l>
  <l i="20">t</l>
  <l i="21">U</l>
  <l i="21">u</l>
  <l i="22">V</l>
  <l i="22">v</l>
  <l i="23">W</l>
  <l i="23">w</l>
  <l i="24">X</l>
  <l i="24">x</l>
  <l i="25">Y</l>
  <l i="25">y</l>
  <l i="26">Z</l>
  <l i="26">z</l>
</letters>

</locale>