<locale language="bn" english-language-name="Bangla">

<info xmlns="http://docbook.org/ns/docbook">
<authorgroup>
  <author>
    <personname><othername>Progga</othername></personname>
    <email>abulfazl@juniv.edu</email>
  </author>
</authorgroup>
</info>

<gentext key="Abstract" text="&#2488;&#2494;&#2480;&#2488;&#2434;&#2453;&#2509;&#2487;&#2503;&#2474;"/>
<gentext key="abstract" text="&#2488;&#2494;&#2480;&#2488;&#2434;&#2453;&#2509;&#2487;&#2503;&#2474;"/>
<gentext key="Answer" text="&#2441;&#2468;&#2509;&#2468;&#2480;:"/>
<gentext key="answer" text="&#2441;&#2468;&#2509;&#2468;&#2480;:"/>
<gentext key="Appendix" text="&#2474;&#2480;&#2495;&#2486;&#2495;&#2487;&#2509;&#2463;"/>
<gentext key="appendix" text="&#2474;&#2480;&#2495;&#2486;&#2495;&#2487;&#2509;&#2463;"/>
<gentext key="Article" text="&#2474;&#2509;&#2480;&#2476;&#2472;&#2509;&#2471;"/>
<gentext key="article" text="&#2474;&#2509;&#2480;&#2476;&#2472;&#2509;&#2471;"/>
<gentext key="Bibliography" text="&#2455;&#2509;&#2480;&#2472;&#2509;&#2469; &#2468;&#2494;&#2482;&#2495;&#2453;&#2494;"/>
<gentext key="bibliography" text="&#2455;&#2509;&#2480;&#2472;&#2509;&#2469; &#2468;&#2494;&#2482;&#2495;&#2453;&#2494;"/>
<gentext key="Book" text="&#2476;&#2439;"/>
<gentext key="book" text="&#2476;&#2439;"/>
<gentext key="CAUTION" text="&#2488;&#2468;&#2480;&#2509;&#2453;&#2468;&#2494;"/>
<gentext key="Caution" text="&#2488;&#2468;&#2480;&#2509;&#2453;&#2468;&#2494;"/>
<gentext key="caution" text="&#2488;&#2468;&#2480;&#2509;&#2453;&#2468;&#2494;"/>
<gentext key="Chapter" text="&#2437;&#2471;&#2509;&#2479;&#2494;&#2527;"/>
<gentext key="chapter" text="&#2437;&#2471;&#2509;&#2479;&#2494;&#2527;"/>
<gentext key="Colophon" text="&#2474;&#2509;&#2480;&#2453;&#2494;&#2486;&#2472;&#2494; &#2468;&#2469;&#2509;&#2479; &#2474;&#2499;&#2487;&#2509;&#2464;&#2494;"/>
<gentext key="colophon" text="&#2474;&#2509;&#2480;&#2453;&#2494;&#2486;&#2472;&#2494; &#2468;&#2469;&#2509;&#2479; &#2474;&#2499;&#2487;&#2509;&#2464;&#2494;"/>
<gentext key="Copyright" text="&#2488;&#2509;&#2476;&#2468;&#2509;&#2476;"/>
<gentext key="copyright" text="&#2488;&#2509;&#2476;&#2468;&#2509;&#2476;"/>
<gentext key="Dedication" text="&#2441;&#2468;&#2509;&#8205;&#2488;&#2480;&#2509;&#2455;"/>
<gentext key="dedication" text="&#2441;&#2468;&#2509;&#8205;&#2488;&#2480;&#2509;&#2455;"/>
<gentext key="Edition" text="&#2488;&#2434;&#2488;&#2509;&#2453;&#2480;&#2467;"/>
<gentext key="edition" text="&#2488;&#2434;&#2488;&#2509;&#2453;&#2480;&#2467;"/>
<gentext key="Equation" text="&#2488;&#2478;&#2496;&#2453;&#2480;&#2467;"/>
<gentext key="equation" text="&#2488;&#2478;&#2496;&#2453;&#2480;&#2467;"/>
<gentext key="Example" text="&#2441;&#2470;&#2494;&#2489;&#2480;&#2467;"/>
<gentext key="example" text="&#2441;&#2470;&#2494;&#2489;&#2480;&#2467;"/>
<gentext key="Figure" text="&#2458;&#2495;&#2468;&#2509;&#2480;"/>
<gentext key="figure" text="&#2458;&#2495;&#2468;&#2509;&#2480;"/>
<gentext key="Glossary" text="&#2472;&#2495;&#2480;&#2509;&#2456;&#2472;&#2509;&#2463;"/>
<gentext key="glossary" text="&#2472;&#2495;&#2480;&#2509;&#2456;&#2472;&#2509;&#2463;"/>
<gentext key="GlossSee" text="&#2470;&#2503;&#2454;&#2497;&#2472;"/>
<gentext key="glosssee" text="&#2470;&#2503;&#2454;&#2497;&#2472;"/>
<gentext key="GlossSeeAlso" text="&#2438;&#2480;&#2507; &#2470;&#2503;&#2454;&#2497;&#2472;"/>
<gentext key="glossseealso" text="&#2438;&#2480;&#2507; &#2470;&#2503;&#2454;&#2497;&#2472;"/>
<gentext key="IMPORTANT" text="&#2455;&#2497;&#2480;&#2497;&#2468;&#2509;&#2476;&#2474;&#2498;&#2480;&#2509;&#2467;"/>
<gentext key="important" text="&#2455;&#2497;&#2480;&#2497;&#2468;&#2509;&#2476;&#2474;&#2498;&#2480;&#2509;&#2467;"/>
<gentext key="Important" text="&#2455;&#2497;&#2480;&#2497;&#2468;&#2509;&#2476;&#2474;&#2498;&#2480;&#2509;&#2467;"/>
<gentext key="Index" text="&#2488;&#2498;&#2458;&#2495;"/>
<gentext key="index" text="&#2488;&#2498;&#2458;&#2495;"/>
<gentext key="ISBN" text="&#2438;&#2439;&#2447;&#2488;&#2476;&#2495;&#2447;&#2472; (ISBN)"/>
<gentext key="isbn" text="&#2438;&#2439;&#2447;&#2488;&#2476;&#2495;&#2447;&#2472; (ISBN)"/>
<gentext key="LegalNotice" text="&#2438;&#2439;&#2472;&#2496; &#2476;&#2495;&#2460;&#2509;&#2462;&#2474;&#2509;&#2468;&#2495;"/>
<gentext key="legalnotice" text="&#2438;&#2439;&#2472;&#2496; &#2476;&#2495;&#2460;&#2509;&#2462;&#2474;&#2509;&#2468;&#2495;"/>
<gentext key="MsgAud" text="&#2486;&#2509;&#2480;&#2507;&#2468;&#2494;"/>
<gentext key="msgaud" text="&#2486;&#2509;&#2480;&#2507;&#2468;&#2494;"/>
<gentext key="MsgLevel" text="&#2488;&#2509;&#2468;&#2480;"/>
<gentext key="msglevel" text="&#2488;&#2509;&#2468;&#2480;"/>
<gentext key="MsgOrig" text="&#2441;&#2468;&#2509;&#8205;&#2488;"/>
<gentext key="msgorig" text="&#2441;&#2468;&#2509;&#8205;&#2488;"/>
<gentext key="NOTE" text="&#2482;&#2453;&#2509;&#2487;&#2467;&#2496;&#2527;"/>
<gentext key="Note" text="&#2482;&#2453;&#2509;&#2487;&#2467;&#2496;&#2527;"/>
<gentext key="note" text="&#2482;&#2453;&#2509;&#2487;&#2467;&#2496;&#2527;"/>
<gentext key="Part" text="&#2454;&#2472;&#2509;&#2465;"/>
<gentext key="part" text="&#2454;&#2472;&#2509;&#2465;"/>
<gentext key="Preface" text="&#2478;&#2497;&#2454;&#2476;&#2472;&#2509;&#2471;"/>
<gentext key="preface" text="&#2478;&#2497;&#2454;&#2476;&#2472;&#2509;&#2471;"/>
<gentext key="Procedure" text="&#2474;&#2470;&#2509;&#2471;&#2468;&#2495;"/>
<gentext key="procedure" text="&#2474;&#2470;&#2509;&#2471;&#2468;&#2495;"/>
<gentext key="ProductionSet" text="&#2441;&#2468;&#2509;&#8205;&#2474;&#2494;&#2470;&#2472;"/>
<gentext key="PubDate" text="&#2474;&#2509;&#2480;&#2453;&#2494;&#2486;&#2472;&#2494;&#2480; &#2468;&#2494;&#2480;&#2495;&#2454;"/>
<gentext key="pubdate" text="&#2474;&#2509;&#2480;&#2453;&#2494;&#2486;&#2472;&#2494;&#2480; &#2468;&#2494;&#2480;&#2495;&#2454;"/>
<gentext key="Published" text="&#2474;&#2509;&#2480;&#2453;&#2494;&#2486;&#2495;&#2468;"/>
<gentext key="published" text="&#2474;&#2509;&#2480;&#2453;&#2494;&#2486;&#2495;&#2468;"/>
<gentext key="Qandadiv" text="&#2474;&#2509;&#2480;&#2486;&#2509;&#2472;&#2447;&#2476;&#2434;&#2441;&#2468;&#2509;&#2468;&#2480;"/>
<gentext key="qandadiv" text="&#2474;&#2509;&#2480;&#2486;&#2509;&#2472;&#2447;&#2476;&#2434;&#2441;&#2468;&#2509;&#2468;&#2480;"/>
<gentext key="Question" text="&#2474;&#2509;&#2480;&#2486;&#2509;&#2472;:"/>
<gentext key="question" text="&#2474;&#2509;&#2480;&#2486;&#2509;&#2472;:"/>
<gentext key="RefEntry" text=""/>
<gentext key="refentry" text=""/>
<gentext key="Reference" text="&#2455;&#2509;&#2480;&#2472;&#2509;&#2469;&#2488;&#2498;&#2468;&#2509;&#2480;"/>
<gentext key="reference" text="&#2455;&#2509;&#2480;&#2472;&#2509;&#2469;&#2488;&#2498;&#2468;&#2509;&#2480;"/>
<gentext key="RefName" text="&#2472;&#2494;&#2478;"/>
<gentext key="refname" text="&#2472;&#2494;&#2478;"/>
<gentext key="RefSection" text=""/>
<gentext key="refsection" text=""/>
<gentext key="RefSynopsisDiv" text="&#2488;&#2494;&#2480;&#2494;&#2434;&#2486;"/>
<gentext key="refsynopsisdiv" text="&#2488;&#2494;&#2480;&#2494;&#2434;&#2486;"/>
<gentext key="RevHistory" text="&#2474;&#2480;&#2495;&#2476;&#2480;&#2509;&#2471;&#2472; &#2451; &#2474;&#2480;&#2495;&#2476;&#2480;&#2509;&#2468;&#2472; &#2468;&#2494;&#2482;&#2495;&#2453;&#2494;"/>
<gentext key="revhistory" text="&#2474;&#2480;&#2495;&#2476;&#2480;&#2509;&#2471;&#2472; &#2451; &#2474;&#2480;&#2495;&#2476;&#2480;&#2509;&#2468;&#2472; &#2468;&#2494;&#2482;&#2495;&#2453;&#2494;"/>
<gentext key="revision" text="&#2488;&#2434;&#2488;&#2509;&#2453;&#2480;&#2467;"/>
<gentext key="Revision" text="&#2488;&#2434;&#2488;&#2509;&#2453;&#2480;&#2467;"/>
<gentext key="sect1" text="&#2437;&#2472;&#2497;&#2458;&#2509;&#2459;&#2503;&#2470;"/>
<gentext key="sect2" text="&#2437;&#2472;&#2497;&#2458;&#2509;&#2459;&#2503;&#2470;"/>
<gentext key="sect3" text="&#2437;&#2472;&#2497;&#2458;&#2509;&#2459;&#2503;&#2470;"/>
<gentext key="sect4" text="&#2437;&#2472;&#2497;&#2458;&#2509;&#2459;&#2503;&#2470;"/>
<gentext key="sect5" text="&#2437;&#2472;&#2497;&#2458;&#2509;&#2459;&#2503;&#2470;"/>
<gentext key="section" text="&#2437;&#2472;&#2497;&#2458;&#2509;&#2459;&#2503;&#2470;"/>
<gentext key="Section" text="&#2437;&#2472;&#2497;&#2458;&#2509;&#2459;&#2503;&#2470;"/>
<gentext key="see" text="&#2470;&#2503;&#2454;&#2497;&#2472;"/>             
<gentext key="See" text="&#2470;&#2503;&#2454;&#2497;&#2472;"/>
<gentext key="seealso" text="&#2438;&#2480;&#2507; &#2470;&#2503;&#2454;&#2497;&#2472;"/>    
<gentext key="Seealso" text="&#2438;&#2480;&#2507; &#2470;&#2503;&#2454;&#2497;&#2472;"/>
<gentext key="SeeAlso" text="&#2438;&#2480;&#2507; &#2470;&#2503;&#2454;&#2497;&#2472;"/>
<gentext key="set" text="&#2488;&#2478;&#2487;&#2509;&#2463;&#2495;"/>
<gentext key="Set" text="&#2488;&#2478;&#2487;&#2509;&#2463;&#2495;"/>
<gentext key="setindex" text="&#2488;&#2498;&#2458;&#2495;&#2488;&#2478;&#2487;&#2509;&#2463;&#2495;"/>
<gentext key="SetIndex" text="&#2488;&#2498;&#2458;&#2495;&#2488;&#2478;&#2487;&#2509;&#2463;&#2495;"/>
<gentext key="Sidebar" text=""/>
<gentext key="sidebar" text="&#2488;&#2494;&#2439;&#2465;&#2476;&#2494;&#2480;"/>
<gentext key="step" text="&#2471;&#2494;&#2474;"/>
<gentext key="Step" text="&#2471;&#2494;&#2474;"/>
<gentext key="Table" text="&#2459;&#2453;"/>
<gentext key="table" text="&#2459;&#2453;"/>
<gentext key="tip" text="&#2439;&#2457;&#2509;&#2455;&#2495;&#2468;"/>
<gentext key="TIP" text="&#2439;&#2457;&#2509;&#2455;&#2495;&#2468;"/>
<gentext key="Tip" text="&#2439;&#2457;&#2509;&#2455;&#2495;&#2468;"/>
<gentext key="Warning" text="&#2488;&#2468;&#2480;&#2509;&#2453;&#2476;&#2494;&#2467;&#2496;"/>
<gentext key="warning" text="&#2488;&#2468;&#2480;&#2509;&#2453;&#2476;&#2494;&#2467;&#2496;"/>
<gentext key="WARNING" text="&#2488;&#2468;&#2480;&#2509;&#2453;&#2476;&#2494;&#2467;&#2496;"/>

<gentext key="and" text="&#2447;&#2476;&#2434;"/>
<gentext key="by" text="&#2470;&#2509;&#2476;&#2494;&#2480;&#2494;"/>
<gentext key="called" text="&#2441;&#2482;&#2509;&#2482;&#2503;&#2454;&#2453;&#2499;&#2468;"/>
<gentext key="Edited" text="&#2488;&#2478;&#2509;&#2474;&#2494;&#2470;&#2495;&#2468;"/>
<gentext key="edited" text="&#2488;&#2478;&#2509;&#2474;&#2494;&#2470;&#2495;&#2468;"/>
<gentext key="Editedby" text="&#2488;&#2478;&#2509;&#2474;&#2494;&#2470;&#2453;"/>
<gentext key="editedby" text="&#2488;&#2478;&#2509;&#2474;&#2494;&#2470;&#2453;"/>
<gentext key="in" text="&#2478;&#2471;&#2509;&#2479;&#2503;"/>
<gentext key="lastlistcomma" text=","/>
<gentext key="listcomma" text=","/>
<gentext key="notes" text="&#2472;&#2507;&#2463;"/>
<gentext key="Notes" text="&#2472;&#2507;&#2463;"/>
<gentext key="Pgs" text="&#2474;&#2499;&#2487;&#2509;&#2464;&#2494;."/>
<gentext key="pgs" text="&#2474;&#2499;&#2487;&#2509;&#2464;&#2494;."/>
<gentext key="Revisedby" text="&#2474;&#2480;&#2495;&#2478;&#2494;&#2480;&#2509;&#2460;&#2472;&#2494;&#2453;&#2494;&#2480;&#2496;: "/>
<gentext key="revisedby" text="&#2474;&#2480;&#2495;&#2478;&#2494;&#2480;&#2509;&#2460;&#2472;&#2494;&#2453;&#2494;&#2480;&#2496;: "/>
<gentext key="TableNotes" text="&#2472;&#2507;&#2463;"/>
<gentext key="tablenotes" text="&#2472;&#2507;&#2463;"/>
<gentext key="TableofContents" text="&#2488;&#2498;&#2458;&#2495;&#2474;&#2468;&#2509;&#2480;"/>
<gentext key="tableofcontents" text="&#2488;&#2498;&#2458;&#2495;&#2474;&#2468;&#2509;&#2480;"/>
<gentext key="the" text=""/>
<gentext key="unexpectedelementname" text="&#2437;&#2474;&#2509;&#2480;&#2468;&#2509;&#2479;&#2494;&#2486;&#2495;&#2468; &#2441;&#2474;&#2494;&#2470;&#2494;&#2472;&#2503;&#2480; &#2472;&#2494;&#2478;"/>
<gentext key="unsupported" text="&#2437;&#2488;&#2478;&#2480;&#2509;&#2469;&#2495;&#2468;"/>
<gentext key="xrefto" text="&#2472;&#2495;&#2480;&#2509;&#2470;&#2503;&#2486; &#2453;&#2480;&#2503;"/>

<gentext key="listofequations" text="&#2488;&#2478;&#2496;&#2453;&#2480;&#2467; &#2468;&#2494;&#2482;&#2495;&#2453;&#2494;"/>
<gentext key="ListofEquations" text="&#2488;&#2478;&#2496;&#2453;&#2480;&#2467; &#2468;&#2494;&#2482;&#2495;&#2453;&#2494;"/>
<gentext key="ListofExamples" text="&#2441;&#2470;&#2494;&#2489;&#2480;&#2467; &#2468;&#2494;&#2482;&#2495;&#2453;&#2494;"/>
<gentext key="listofexamples" text="&#2441;&#2470;&#2494;&#2489;&#2480;&#2467; &#2468;&#2494;&#2482;&#2495;&#2453;&#2494;"/>
<gentext key="ListofFigures" text="&#2458;&#2495;&#2468;&#2509;&#2480;&#2468;&#2494;&#2482;&#2495;&#2453;&#2494;"/>
<gentext key="listoffigures" text="&#2458;&#2495;&#2468;&#2509;&#2480;&#2468;&#2494;&#2482;&#2495;&#2453;&#2494;"/>
<gentext key="ListofProcedures" text="&#2474;&#2470;&#2509;&#2471;&#2468;&#2495;&#2480; &#2468;&#2494;&#2482;&#2495;&#2453;&#2494;"/>
<gentext key="listofprocedures" text="&#2474;&#2470;&#2509;&#2471;&#2468;&#2495;&#2480; &#2468;&#2494;&#2482;&#2495;&#2453;&#2494;"/>
<gentext key="listoftables" text="&#2459;&#2453;&#2503;&#2480; &#2468;&#2494;&#2482;&#2495;&#2453;&#2494;"/>
<gentext key="ListofTables" text="&#2459;&#2453;&#2503;&#2480; &#2468;&#2494;&#2482;&#2495;&#2453;&#2494;"/>
<gentext key="ListofUnknown" text="&#2437;&#2460;&#2509;&#2462;&#2494;&#2468; &#2476;&#2488;&#2509;&#2468;&#2497;&#2480; &#2468;&#2494;&#2482;&#2495;&#2453;&#2494;"/>
<gentext key="listofunknown" text="&#2437;&#2460;&#2509;&#2462;&#2494;&#2468; &#2476;&#2488;&#2509;&#2468;&#2497;&#2480; &#2468;&#2494;&#2482;&#2495;&#2453;&#2494;"/>

<gentext key="nav-home" text="&#2474;&#2509;&#2480;&#2469;&#2478; &#2437;&#2476;&#2488;&#2509;&#2469;&#2494;&#2472; (Home)"/>
<gentext key="nav-next" text="&#2474;&#2480;&#2476;&#2480;&#2509;&#2468;&#2496;"/>
<gentext key="nav-next-sibling" text="&#2470;&#2509;&#2480;&#2497;&#2468; &#2488;&#2478;&#2509;&#2478;&#2497;&#2454;&#2503;"/>
<gentext key="nav-prev" text="&#2474;&#2498;&#2480;&#2509;&#2476;&#2476;&#2480;&#2509;&#2468;&#2496;"/>
<gentext key="nav-prev-sibling" text="&#2470;&#2509;&#2480;&#2497;&#2468; &#2474;&#2486;&#2509;&#2458;&#2494;&#2468;&#2503;"/>
<gentext key="nav-up" text="&#2441;&#2474;&#2480;"/>
<gentext key="nav-toc" text="&#2488;&#2498;&#2458;&#2495;&#2474;&#2468;&#2509;&#2480;"/>

<gentext key="Draft" text="&#2454;&#2488;&#2524;&#2494;"/>
<gentext key="above" text="&#2441;&#2474;&#2480;"/>
<gentext key="below" text="&#2472;&#2495;&#2458;"/>
<gentext key="sectioncalled" text="&#2437;&#2472;&#2497;&#2458;&#2509;&#2459;&#2503;&#2470;"/>
<gentext key="index symbols" text="&#2474;&#2509;&#2480;&#2468;&#2496;&#2453;"/>
<gentext key="writing-mode" text="lr-tb"/>

<gentext key="lowercase.alpha" text="&#2437;&#2438;&#2439;&#2440;&#2441;&#2442;&#2447;&#2448;&#2451;&#2452;&#2443;&#2453;&#2454;&#2455;&#2456;&#2457;&#2458;&#2459;&#2460;&#2461;&#2462;&#2463;&#2464;&#2465;&#2466;&#2467;&#2468;&#2469;&#2470;&#2471;&#2472;&#2474;&#2475;&#2476;&#2477;&#2478;&#2479;&#2480;&#2482;&#2486;&#2487;&#2488;&#2489;&#2434;&#2435;"/>
<gentext key="uppercase.alpha" text="&#2437;&#2438;&#2439;&#2440;&#2441;&#2442;&#2447;&#2448;&#2451;&#2452;&#2443;&#2453;&#2454;&#2455;&#2456;&#2457;&#2458;&#2459;&#2460;&#2461;&#2462;&#2463;&#2464;&#2465;&#2466;&#2467;&#2468;&#2469;&#2470;&#2471;&#2472;&#2474;&#2475;&#2476;&#2477;&#2478;&#2479;&#2480;&#2482;&#2486;&#2487;&#2488;&#2489;&#2434;&#2435;"/>



<dingbat key="startquote" text="&#8220;"/>
<dingbat key="endquote" text="&#8221;"/>
<dingbat key="nestedstartquote" text="&#8216;"/>
<dingbat key="nestedendquote" text="&#8217;"/>
<dingbat key="singlestartquote" text="&#8216;"/>
<dingbat key="singleendquote" text="&#8217;"/>
<dingbat key="bullet" text="&#8226;"/>


<gentext key="hyphenation-character" text="-"/>
<gentext key="hyphenation-push-character-count" text="2"/>
<gentext key="hyphenation-remain-character-count" text="2"/>


<context name="styles">

<template name="person-name">first-last</template>

</context>

<context name="title">

<template name="abstract">%t</template>
<template name="answer">%t</template>
<template name="appendix"><Appendix/>&#160;%n.&#160;%t</template>
<template name="article">%t</template>
<template name="authorblurb">%t</template>
<template name="bibliodiv">%t</template>
<template name="biblioentry">%t</template>
<template name="bibliography">%t</template>
<template name="bibliomixed">%t</template>
<template name="bibliomset">%t</template>
<template name="biblioset">%t</template>
<template name="blockquote">%t</template>
<template name="book">%t</template>
<template name="calloutlist">%t</template>
<template name="caution">%t</template>
<template name="chapter"><Chapter/>&#160;%n.&#160;%t</template>
<template name="colophon">%t</template>
<template name="dedication">%t</template>
<template name="equation"><Equation/>&#160;%n.&#160;%t</template>
<template name="example"><Example/>&#160;%n.&#160;%t</template>
<template name="figure"><Figure/>&#160;%n.&#160;%t</template>
<template name="formalpara">%t</template>
<template name="glossary">%t</template>
<template name="glossdiv">%t</template>
<template name="glossentry">%t</template>
<template name="important">%t</template>
<template name="index">%t</template>
<template name="indexdiv">%t</template>
<template name="itemizedlist">%t</template>
<template name="legalnotice">%t</template>
<template name="listitem"/>
<template name="lot">%t</template>
<template name="msg">%t</template>
<template name="msgexplan">%t</template>
<template name="msgmain">%t</template>
<template name="msgrel">%t</template>
<template name="msgset">%t</template>
<template name="msgsub">%t</template>
<template name="note">%t</template>
<template name="orderedlist">%t</template>
<template name="part"><Part/>&#160;%n.&#160;%t</template>
<template name="partintro">%t</template>
<template name="preface">%t</template>
<template name="procedure">%t</template>
<template name="procedure.formal"><Procedure/>&#160;%n.&#160;%t</template>
<template name="productionset">%t</template>
<template name="productionset.formal"><ProductionSet/>&#160;%n</template>
<template name="qandadiv">%t</template>
<template name="qandaentry">%t</template>
<template name="qandaset">%t</template>
<template name="question">%t</template>
<template name="refentry">%t</template>
<template name="reference">%t</template>
<template name="refsection">%t</template>
<template name="refsect1">%t</template>
<template name="refsect2">%t</template>
<template name="refsect3">%t</template>
<template name="refsynopsisdiv">%t</template>
<template name="refsynopsisdivinfo">%t</template>
<template name="segmentedlist">%t</template>
<template name="set">%t</template>
<template name="setindex">%t</template>
<template name="sidebar">%t</template>
<template name="step">%t</template>
<template name="table"><Table/>&#160;%n.&#160;%t</template>
<template name="tip">%t</template>
<template name="toc">%t</template>
<template name="variablelist">%t</template>
<template name="varlistentry"/>
<template name="warning">%t</template>

</context>

<context name="title-unnumbered">

<template name="appendix">%t</template>
<template name="article/appendix">%t</template>
<template name="bridgehead">%t</template>
<template name="chapter">%t</template>
<template name="sect1">%t</template>
<template name="sect2">%t</template>
<template name="sect3">%t</template>
<template name="sect4">%t</template>
<template name="sect5">%t</template>
<template name="section">%t</template>
<template name="simplesect">%t</template>

</context>

<context name="title-numbered">

<template name="appendix"><Appendix/>&#160;%n.&#160;%t</template>
<template name="article/appendix">%n.&#160;%t</template>
<template name="bridgehead">%n.&#160;%t</template>
<template name="chapter"><Chapter/>&#160;%n.&#160;%t</template>
<template name="part"><Part/>&#160;%n.&#160;%t</template>
<template name="sect1">%n.&#160;%t</template>
<template name="sect2">%n.&#160;%t</template>
<template name="sect3">%n.&#160;%t</template>
<template name="sect4">%n.&#160;%t</template>
<template name="sect5">%n.&#160;%t</template>
<template name="section">%n.&#160;%t</template>
<template name="simplesect">%t</template>

</context>

<context name="subtitle">

<template name="appendix">%s</template>
<template name="article">%s</template>
<template name="bibliodiv">%s</template>
<template name="biblioentry">%s</template>
<template name="bibliography">%s</template>
<template name="bibliomixed">%s</template>
<template name="bibliomset">%s</template>
<template name="biblioset">%s</template>
<template name="book">%s</template>
<template name="chapter">%s</template>
<template name="colophon">%s</template>
<template name="dedication">%s</template>
<template name="glossary">%s</template>
<template name="glossdiv">%s</template>
<template name="index">%s</template>
<template name="indexdiv">%s</template>
<template name="lot">%s</template>
<template name="part">%s</template>
<template name="partintro">%s</template>
<template name="preface">%s</template>
<template name="refentry">%s</template>
<template name="reference">%s</template>
<template name="refsection">%s</template>
<template name="refsect1">%s</template>
<template name="refsect2">%s</template>
<template name="refsect3">%s</template>
<template name="refsynopsisdiv">%s</template>
<template name="sect1">%s</template>
<template name="sect2">%s</template>
<template name="sect3">%s</template>
<template name="sect4">%s</template>
<template name="sect5">%s</template>
<template name="section">%s</template>
<template name="set">%s</template>
<template name="setindex">%s</template>
<template name="sidebar">%s</template>
<template name="simplesect">%s</template>
<template name="toc">%s</template>

</context>

<context name="xref">
<template name="abstract">%t</template>
<template name="answer"><Answer/>&#160;%n</template>
<template name="appendix">%t</template>
<template name="article">%t</template>
<template name="authorblurb">%t</template>
<template name="bibliodiv">%t</template>
<template name="bibliography">%t</template>
<template name="bibliomset">%t</template>
<template name="biblioset">%t</template>
<template name="blockquote">%t</template>
<template name="book">%t</template>
<template name="calloutlist">%t</template>
<template name="caution">%t</template>
<template name="chapter">%t</template>
<template name="colophon">%t</template>
<template name="constraintdef">%t</template>
<template name="dedication">%t</template>
<template name="equation">%t</template>
<template name="example">%t</template>
<template name="figure">%t</template>
<template name="formalpara">%t</template>
<template name="glossary">%t</template>
<template name="glossdiv">%t</template>
<template name="important">%t</template>
<template name="index">%t</template>
<template name="indexdiv">%t</template>
<template name="itemizedlist">%t</template>
<template name="legalnotice">%t</template>
<template name="listitem">%n</template>
<template name="lot">%t</template>
<template name="msg">%t</template>
<template name="msgexplan">%t</template>
<template name="msgmain">%t</template>
<template name="msgrel">%t</template>
<template name="msgset">%t</template>
<template name="msgsub">%t</template>
<template name="note">%t</template>
<template name="orderedlist">%t</template>
<template name="part">%t</template>
<template name="partintro">%t</template>
<template name="preface">%t</template>
<template name="procedure">%t</template>
<template name="productionset">%t</template>
<template name="qandadiv">%t</template>
<template name="qandaentry"><Question/>&#160;%n</template>
<template name="qandaset">%t</template>
<template name="question"><Question/>&#160;%n</template>
<template name="reference">%t</template>
<template name="refsynopsisdiv">%t</template>
<template name="segmentedlist">%t</template>
<template name="set">%t</template>
<template name="setindex">%t</template>
<template name="sidebar">%t</template>
<template name="table">%t</template>
<template name="tip">%t</template>
<template name="toc">%t</template>
<template name="variablelist">%t</template>
<template name="varlistentry">%n</template>
<template name="warning">%t</template>
<template name="page.citation"> [%p]</template>

<template name="bridgehead"><sectioncalled/> <startquote/>%t<endquote/></template>
<template name="refsection"><sectioncalled/> <startquote/>%t<endquote/></template>
<template name="refsect1"><sectioncalled/> <startquote/>%t<endquote/></template>
<template name="refsect2"><sectioncalled/> <startquote/>%t<endquote/></template>
<template name="refsect3"><sectioncalled/> <startquote/>%t<endquote/></template>
<template name="sect1"><sectioncalled/> <startquote/>%t<endquote/></template>
<template name="sect2"><sectioncalled/> <startquote/>%t<endquote/></template>
<template name="sect3"><sectioncalled/> <startquote/>%t<endquote/></template>
<template name="sect4"><sectioncalled/> <startquote/>%t<endquote/></template>
<template name="sect5"><sectioncalled/> <startquote/>%t<endquote/></template>
<template name="section"><sectioncalled/> <startquote/>%t<endquote/></template>
<template name="simplesect"><sectioncalled/> <startquote/>%t<endquote/></template>

</context>

<context name="xref-number">

<template name="answer"><Answer/>&#160;%n</template>
<template name="appendix"><Appendix/>&#160;%n</template>
<template name="bridgehead"><Section/>&#160;%n</template>
<template name="chapter"><Chapter/>&#160;%n</template>
<template name="equation"><Equation/>&#160;%n</template>
<template name="example"><Example/>&#160;%n</template>
<template name="figure"><Figure/>&#160;%n</template>
<template name="part"><Part/>&#160;%n</template>
<template name="procedure"><Procedure/>&#160;%n</template>
<template name="productionset"><ProductionSet/>&#160;%n</template>
<template name="qandadiv"><Qandadiv/>&#160;%n</template>
<template name="qandaentry"><Question/>&#160;%n</template>
<template name="question"><Question/>&#160;%n</template>
<template name="sect1"><Section/>&#160;%n</template>
<template name="sect2"><Section/>&#160;%n</template>
<template name="sect3"><Section/>&#160;%n</template>
<template name="sect4"><Section/>&#160;%n</template>
<template name="sect5"><Section/>&#160;%n</template>
<template name="section"><Section/>&#160;%n</template>
<template name="table"><Table/>&#160;%n</template>

</context>

<context name="xref-number-and-title">

<template name="appendix"><Appendix/>&#160;%n, %t</template>
<template name="bridgehead"><Section/>&#160;%n, <startquote/>%t<endquote/></template>
<template name="chapter"><Chapter/>&#160;%n, %t</template>
<template name="equation"><Equation/>&#160;%n, <startquote/>%t<endquote/></template>
<template name="example"><Example/>&#160;%n, <startquote/>%t<endquote/></template>
<template name="figure"><Figure/>&#160;%n, <startquote/>%t<endquote/></template>
<template name="part"><Part/>&#160;%n, <startquote/>%t<endquote/></template>
<template name="procedure"><Procedure/>&#160;%n, <startquote/>%t<endquote/></template>
<template name="productionset"><ProductionSet/>&#160;%n, <startquote/>%t<endquote/></template>
<template name="qandadiv"><Qandadiv/>&#160;%n, <startquote/>%t<endquote/></template>
<template name="refsect1"><sectioncalled/> <startquote/>%t<endquote/></template>
<template name="refsect2"><sectioncalled/> <startquote/>%t<endquote/></template>
<template name="refsect3"><sectioncalled/> <startquote/>%t<endquote/></template>
<template name="refsection"><sectioncalled/> <startquote/>%t<endquote/></template>
<template name="sect1"><Section/>&#160;%n, <startquote/>%t<endquote/></template>
<template name="sect2"><Section/>&#160;%n, <startquote/>%t<endquote/></template>
<template name="sect3"><Section/>&#160;%n, <startquote/>%t<endquote/></template>
<template name="sect4"><Section/>&#160;%n, <startquote/>%t<endquote/></template>
<template name="sect5"><Section/>&#160;%n, <startquote/>%t<endquote/></template>
<template name="section"><Section/>&#160;%n, <startquote/>%t<endquote/></template>
<template name="simplesect"><sectioncalled/> <startquote/>%t<endquote/></template>
<template name="table"><Table/>&#160;%n, <startquote/>%t<endquote/></template>

</context>

<context name="authorgroup">
<template name="sep"><listcomma/> </template>
<template name="sep2"> <and/> </template>
<template name="seplast"><lastlistcomma/> <and/> </template>
</context>

<context name="glossary">
<template name="see"><GlossSee/> %t.</template>
<template name="seealso"><GlossSeeAlso/> %t.</template>
<template name="seealso-separator">, </template>
</context>

<context name="msgset">
<template name="MsgAud"><MsgAud/>: </template>
<template name="MsgLevel"><MsgLevel/>: </template>
<template name="MsgOrig"><MsgOrig/>: </template>
</context>

<context name="datetime">
<template name="format">d/m/Y</template>
</context>

<context name="datetime-full">
<template name="January">&#2460;&#2494;&#2472;&#2497;&#2527;&#2494;&#2480;&#2496;</template>
<template name="February">&#2475;&#2503;&#2476;&#2509;&#2480;&#2497;&#2527;&#2494;&#2480;&#2496;</template>
<template name="March">&#2478;&#2494;&#2480;&#2509;&#2458;</template>
<template name="April">&#2447;&#2474;&#2509;&#2480;&#2495;&#2482;</template>
<template name="May">&#2478;&#2503;</template>
<template name="June">&#2460;&#2497;&#2472;</template>
<template name="July">&#2460;&#2497;&#2482;&#2494;&#2439;</template>
<template name="August">&#2438;&#2455;&#2488;&#2509;&#2463;</template>
<template name="September">&#2488;&#2503;&#2474;&#2509;&#2463;&#2503;&#2478;&#2509;&#2476;&#2480;</template>
<template name="October">&#2437;&#2453;&#2509;&#2463;&#2507;&#2476;&#2480;</template>
<template name="November">&#2472;&#2477;&#2503;&#2478;&#2509;&#2476;&#2480;</template>
<template name="December">&#2465;&#2495;&#2488;&#2503;&#2478;&#2509;&#2476;&#2480;</template>
<template name="Monday">&#2488;&#2507;&#2478;&#2476;&#2494;&#2480;</template>
<template name="Tuesday">&#2478;&#2457;&#2509;&#2455;&#2482;&#2476;&#2494;&#2480;</template>
<template name="Wednesday">&#2476;&#2497;&#2471;&#2476;&#2494;&#2480;</template>
<template name="Thursday">&#2476;&#2499;&#2489;&#2435;&#2488;&#2509;&#2474;&#2468;&#2495;&#2476;&#2494;&#2480;</template>
<template name="Friday">&#2486;&#2497;&#2453;&#2509;&#2480;&#2476;&#2494;&#2480;</template>
<template name="Saturday">&#2486;&#2472;&#2495;&#2476;&#2494;&#2480;</template>
<template name="Sunday">&#2480;&#2476;&#2495;&#2476;&#2494;&#2480;</template>
</context>

<context name="datetime-abbrev">
<template name="Jan">&#2460;&#2494;&#2472;&#2497;&#2527;&#2494;&#2480;&#2496;</template>
<template name="Feb">&#2475;&#2503;&#2476;&#2509;&#2480;&#2497;&#2527;&#2494;&#2480;&#2496;</template>
<template name="Mar">&#2478;&#2494;&#2480;&#2509;&#2458;</template>
<template name="Apr">&#2447;&#2474;&#2509;&#2480;&#2495;&#2482;</template>
<template name="May">&#2478;&#2503;</template>
<template name="Jun">&#2460;&#2497;&#2472;</template>
<template name="Jul">&#2460;&#2497;&#2482;&#2494;&#2439;</template>
<template name="Aug">&#2438;&#2455;&#2488;&#2509;&#2463;</template>
<template name="Sep">&#2488;&#2503;&#2474;&#2509;&#2463;&#2503;&#2478;&#2509;&#2476;&#2480;</template>
<template name="Oct">&#2437;&#2453;&#2509;&#2463;&#2507;&#2476;&#2480;</template>
<template name="Nov">&#2472;&#2477;&#2503;&#2478;&#2509;&#2476;&#2480;</template>
<template name="Dec">&#2465;&#2495;&#2488;&#2503;&#2478;&#2509;&#2476;&#2480;</template>
<template name="Mon">&#2488;&#2507;&#2478;</template>
<template name="Tue">&#2478;&#2457;&#2509;&#2455;&#2482;</template>
<template name="Wed">&#2476;&#2497;&#2471;</template>
<template name="Thu">&#2476;&#2499;&#2489;&#2435;&#2488;&#2509;&#2474;&#2468;&#2495;</template>
<template name="Fri">&#2486;&#2497;&#2453;&#2509;&#2480;</template>
<template name="Sat">&#2486;&#2472;&#2495;</template>
<template name="Sun">&#2480;&#2476;&#2495;</template>
</context>

<context name="htmlhelp">
  <template name="langcode">0x0445 Bangla (Bangladesh and India)</template>
</context>

</locale>