<?xml version="1.0" encoding="utf-8"?>
<catalog xmlns="urn:oasis:names:tc:entity:xmlns:xml:catalog">
   <uri name="https://cdn.docbook.org/release/xsltng/current/xslt/drivers.xsl"
        uri="drivers.xsl"/>
   <uri name="https://cdn.docbook.org/release/xsltng/1.3.1a1-SNAPSHOT/xslt/drivers.xsl"
        uri="drivers.xsl"/>
   <uri name="https://cdn.docbook.org/release/xsltng/current/xslt/VERSION.xsl"
        uri="VERSION.xsl"/>
   <uri name="https://cdn.docbook.org/release/xsltng/1.3.1a1-SNAPSHOT/xslt/VERSION.xsl"
        uri="VERSION.xsl"/>
   <uri name="https://cdn.docbook.org/release/xsltng/current/xslt/modules/blocks.xsl"
        uri="modules/blocks.xsl"/>
   <uri name="https://cdn.docbook.org/release/xsltng/1.3.1a1-SNAPSHOT/xslt/modules/blocks.xsl"
        uri="modules/blocks.xsl"/>
   <uri name="https://cdn.docbook.org/release/xsltng/current/xslt/modules/inlines.xsl"
        uri="modules/inlines.xsl"/>
   <uri name="https://cdn.docbook.org/release/xsltng/1.3.1a1-SNAPSHOT/xslt/modules/inlines.xsl"
        uri="modules/inlines.xsl"/>
   <uri name="https://cdn.docbook.org/release/xsltng/current/xslt/modules/glossary.xsl"
        uri="modules/glossary.xsl"/>
   <uri name="https://cdn.docbook.org/release/xsltng/1.3.1a1-SNAPSHOT/xslt/modules/glossary.xsl"
        uri="modules/glossary.xsl"/>
   <uri name="https://cdn.docbook.org/release/xsltng/current/xslt/modules/titles.xsl"
        uri="modules/titles.xsl"/>
   <uri name="https://cdn.docbook.org/release/xsltng/1.3.1a1-SNAPSHOT/xslt/modules/titles.xsl"
        uri="modules/titles.xsl"/>
   <uri name="https://cdn.docbook.org/release/xsltng/current/xslt/modules/annotations.xsl"
        uri="modules/annotations.xsl"/>
   <uri name="https://cdn.docbook.org/release/xsltng/1.3.1a1-SNAPSHOT/xslt/modules/annotations.xsl"
        uri="modules/annotations.xsl"/>
   <uri name="https://cdn.docbook.org/release/xsltng/current/xslt/modules/gentext.xsl"
        uri="modules/gentext.xsl"/>
   <uri name="https://cdn.docbook.org/release/xsltng/1.3.1a1-SNAPSHOT/xslt/modules/gentext.xsl"
        uri="modules/gentext.xsl"/>
   <uri name="https://cdn.docbook.org/release/xsltng/current/xslt/modules/toc.xsl"
        uri="modules/toc.xsl"/>
   <uri name="https://cdn.docbook.org/release/xsltng/1.3.1a1-SNAPSHOT/xslt/modules/toc.xsl"
        uri="modules/toc.xsl"/>
   <uri name="https://cdn.docbook.org/release/xsltng/current/xslt/modules/chunk-cleanup.xsl"
        uri="modules/chunk-cleanup.xsl"/>
   <uri name="https://cdn.docbook.org/release/xsltng/1.3.1a1-SNAPSHOT/xslt/modules/chunk-cleanup.xsl"
        uri="modules/chunk-cleanup.xsl"/>
   <uri name="https://cdn.docbook.org/release/xsltng/current/xslt/modules/links.xsl"
        uri="modules/links.xsl"/>
   <uri name="https://cdn.docbook.org/release/xsltng/1.3.1a1-SNAPSHOT/xslt/modules/links.xsl"
        uri="modules/links.xsl"/>
   <uri name="https://cdn.docbook.org/release/xsltng/current/xslt/modules/profile.xsl"
        uri="modules/profile.xsl"/>
   <uri name="https://cdn.docbook.org/release/xsltng/1.3.1a1-SNAPSHOT/xslt/modules/profile.xsl"
        uri="modules/profile.xsl"/>
   <uri name="https://cdn.docbook.org/release/xsltng/current/xslt/modules/attributes.xsl"
        uri="modules/attributes.xsl"/>
   <uri name="https://cdn.docbook.org/release/xsltng/1.3.1a1-SNAPSHOT/xslt/modules/attributes.xsl"
        uri="modules/attributes.xsl"/>
   <uri name="https://cdn.docbook.org/release/xsltng/current/xslt/modules/shared.xsl"
        uri="modules/shared.xsl"/>
   <uri name="https://cdn.docbook.org/release/xsltng/1.3.1a1-SNAPSHOT/xslt/modules/shared.xsl"
        uri="modules/shared.xsl"/>
   <uri name="https://cdn.docbook.org/release/xsltng/current/xslt/modules/publishers.xsl"
        uri="modules/publishers.xsl"/>
   <uri name="https://cdn.docbook.org/release/xsltng/1.3.1a1-SNAPSHOT/xslt/modules/publishers.xsl"
        uri="modules/publishers.xsl"/>
   <uri name="https://cdn.docbook.org/release/xsltng/current/xslt/modules/xlink.xsl"
        uri="modules/xlink.xsl"/>
   <uri name="https://cdn.docbook.org/release/xsltng/1.3.1a1-SNAPSHOT/xslt/modules/xlink.xsl"
        uri="modules/xlink.xsl"/>
   <uri name="https://cdn.docbook.org/release/xsltng/current/xslt/modules/head.xsl"
        uri="modules/head.xsl"/>
   <uri name="https://cdn.docbook.org/release/xsltng/1.3.1a1-SNAPSHOT/xslt/modules/head.xsl"
        uri="modules/head.xsl"/>
   <uri name="https://cdn.docbook.org/release/xsltng/current/xslt/modules/templates.xml"
        uri="modules/templates.xml"/>
   <uri name="https://cdn.docbook.org/release/xsltng/1.3.1a1-SNAPSHOT/xslt/modules/templates.xml"
        uri="modules/templates.xml"/>
   <uri name="https://cdn.docbook.org/release/xsltng/current/xslt/modules/sections.xsl"
        uri="modules/sections.xsl"/>
   <uri name="https://cdn.docbook.org/release/xsltng/1.3.1a1-SNAPSHOT/xslt/modules/sections.xsl"
        uri="modules/sections.xsl"/>
   <uri name="https://cdn.docbook.org/release/xsltng/current/xslt/modules/info.xsl"
        uri="modules/info.xsl"/>
   <uri name="https://cdn.docbook.org/release/xsltng/1.3.1a1-SNAPSHOT/xslt/modules/info.xsl"
        uri="modules/info.xsl"/>
   <uri name="https://cdn.docbook.org/release/xsltng/current/xslt/modules/index.xsl"
        uri="modules/index.xsl"/>
   <uri name="https://cdn.docbook.org/release/xsltng/1.3.1a1-SNAPSHOT/xslt/modules/index.xsl"
        uri="modules/index.xsl"/>
   <uri name="https://cdn.docbook.org/release/xsltng/current/xslt/modules/objects.xsl"
        uri="modules/objects.xsl"/>
   <uri name="https://cdn.docbook.org/release/xsltng/1.3.1a1-SNAPSHOT/xslt/modules/objects.xsl"
        uri="modules/objects.xsl"/>
   <uri name="https://cdn.docbook.org/release/xsltng/current/xslt/modules/titlepage.xsl"
        uri="modules/titlepage.xsl"/>
   <uri name="https://cdn.docbook.org/release/xsltng/1.3.1a1-SNAPSHOT/xslt/modules/titlepage.xsl"
        uri="modules/titlepage.xsl"/>
   <uri name="https://cdn.docbook.org/release/xsltng/current/xslt/modules/chunk-output.xsl"
        uri="modules/chunk-output.xsl"/>
   <uri name="https://cdn.docbook.org/release/xsltng/1.3.1a1-SNAPSHOT/xslt/modules/chunk-output.xsl"
        uri="modules/chunk-output.xsl"/>
   <uri name="https://cdn.docbook.org/release/xsltng/current/xslt/modules/variable.xsl"
        uri="modules/variable.xsl"/>
   <uri name="https://cdn.docbook.org/release/xsltng/1.3.1a1-SNAPSHOT/xslt/modules/variable.xsl"
        uri="modules/variable.xsl"/>
   <uri name="https://cdn.docbook.org/release/xsltng/current/xslt/modules/verbatim.xsl"
        uri="modules/verbatim.xsl"/>
   <uri name="https://cdn.docbook.org/release/xsltng/1.3.1a1-SNAPSHOT/xslt/modules/verbatim.xsl"
        uri="modules/verbatim.xsl"/>
   <uri name="https://cdn.docbook.org/release/xsltng/current/xslt/modules/components.xsl"
        uri="modules/components.xsl"/>
   <uri name="https://cdn.docbook.org/release/xsltng/1.3.1a1-SNAPSHOT/xslt/modules/components.xsl"
        uri="modules/components.xsl"/>
   <uri name="https://cdn.docbook.org/release/xsltng/current/xslt/modules/divisions.xsl"
        uri="modules/divisions.xsl"/>
   <uri name="https://cdn.docbook.org/release/xsltng/1.3.1a1-SNAPSHOT/xslt/modules/divisions.xsl"
        uri="modules/divisions.xsl"/>
   <uri name="https://cdn.docbook.org/release/xsltng/current/xslt/modules/admonitions.xsl"
        uri="modules/admonitions.xsl"/>
   <uri name="https://cdn.docbook.org/release/xsltng/1.3.1a1-SNAPSHOT/xslt/modules/admonitions.xsl"
        uri="modules/admonitions.xsl"/>
   <uri name="https://cdn.docbook.org/release/xsltng/current/xslt/modules/space.xsl"
        uri="modules/space.xsl"/>
   <uri name="https://cdn.docbook.org/release/xsltng/1.3.1a1-SNAPSHOT/xslt/modules/space.xsl"
        uri="modules/space.xsl"/>
   <uri name="https://cdn.docbook.org/release/xsltng/current/xslt/modules/errors.xsl"
        uri="modules/errors.xsl"/>
   <uri name="https://cdn.docbook.org/release/xsltng/1.3.1a1-SNAPSHOT/xslt/modules/errors.xsl"
        uri="modules/errors.xsl"/>
   <uri name="https://cdn.docbook.org/release/xsltng/current/xslt/modules/highlight.xsl"
        uri="modules/highlight.xsl"/>
   <uri name="https://cdn.docbook.org/release/xsltng/1.3.1a1-SNAPSHOT/xslt/modules/highlight.xsl"
        uri="modules/highlight.xsl"/>
   <uri name="https://cdn.docbook.org/release/xsltng/current/xslt/modules/msgset.xsl"
        uri="modules/msgset.xsl"/>
   <uri name="https://cdn.docbook.org/release/xsltng/1.3.1a1-SNAPSHOT/xslt/modules/msgset.xsl"
        uri="modules/msgset.xsl"/>
   <uri name="https://cdn.docbook.org/release/xsltng/current/xslt/modules/refentry.xsl"
        uri="modules/refentry.xsl"/>
   <uri name="https://cdn.docbook.org/release/xsltng/1.3.1a1-SNAPSHOT/xslt/modules/refentry.xsl"
        uri="modules/refentry.xsl"/>
   <uri name="https://cdn.docbook.org/release/xsltng/current/xslt/modules/chunk.xsl"
        uri="modules/chunk.xsl"/>
   <uri name="https://cdn.docbook.org/release/xsltng/1.3.1a1-SNAPSHOT/xslt/modules/chunk.xsl"
        uri="modules/chunk.xsl"/>
   <uri name="https://cdn.docbook.org/release/xsltng/current/xslt/modules/tablecals.xsl"
        uri="modules/tablecals.xsl"/>
   <uri name="https://cdn.docbook.org/release/xsltng/1.3.1a1-SNAPSHOT/xslt/modules/tablecals.xsl"
        uri="modules/tablecals.xsl"/>
   <uri name="https://cdn.docbook.org/release/xsltng/current/xslt/modules/bibliography.xsl"
        uri="modules/bibliography.xsl"/>
   <uri name="https://cdn.docbook.org/release/xsltng/1.3.1a1-SNAPSHOT/xslt/modules/bibliography.xsl"
        uri="modules/bibliography.xsl"/>
   <uri name="https://cdn.docbook.org/release/xsltng/current/xslt/modules/templates.xsl"
        uri="modules/templates.xsl"/>
   <uri name="https://cdn.docbook.org/release/xsltng/1.3.1a1-SNAPSHOT/xslt/modules/templates.xsl"
        uri="modules/templates.xsl"/>
   <uri name="https://cdn.docbook.org/release/xsltng/current/xslt/modules/functions.xsl"
        uri="modules/functions.xsl"/>
   <uri name="https://cdn.docbook.org/release/xsltng/1.3.1a1-SNAPSHOT/xslt/modules/functions.xsl"
        uri="modules/functions.xsl"/>
   <uri name="https://cdn.docbook.org/release/xsltng/current/xslt/modules/tablehtml.xsl"
        uri="modules/tablehtml.xsl"/>
   <uri name="https://cdn.docbook.org/release/xsltng/1.3.1a1-SNAPSHOT/xslt/modules/tablehtml.xsl"
        uri="modules/tablehtml.xsl"/>
   <uri name="https://cdn.docbook.org/release/xsltng/current/xslt/modules/unhandled.xsl"
        uri="modules/unhandled.xsl"/>
   <uri name="https://cdn.docbook.org/release/xsltng/1.3.1a1-SNAPSHOT/xslt/modules/unhandled.xsl"
        uri="modules/unhandled.xsl"/>
   <uri name="https://cdn.docbook.org/release/xsltng/current/xslt/modules/programming.xsl"
        uri="modules/programming.xsl"/>
   <uri name="https://cdn.docbook.org/release/xsltng/1.3.1a1-SNAPSHOT/xslt/modules/programming.xsl"
        uri="modules/programming.xsl"/>
   <uri name="https://cdn.docbook.org/release/xsltng/current/xslt/modules/lists.xsl"
        uri="modules/lists.xsl"/>
   <uri name="https://cdn.docbook.org/release/xsltng/1.3.1a1-SNAPSHOT/xslt/modules/lists.xsl"
        uri="modules/lists.xsl"/>
   <uri name="https://cdn.docbook.org/release/xsltng/current/xslt/modules/units.xsl"
        uri="modules/units.xsl"/>
   <uri name="https://cdn.docbook.org/release/xsltng/1.3.1a1-SNAPSHOT/xslt/modules/units.xsl"
        uri="modules/units.xsl"/>
   <uri name="https://cdn.docbook.org/release/xsltng/current/xslt/modules/xref.xsl"
        uri="modules/xref.xsl"/>
   <uri name="https://cdn.docbook.org/release/xsltng/1.3.1a1-SNAPSHOT/xslt/modules/xref.xsl"
        uri="modules/xref.xsl"/>
   <uri name="https://cdn.docbook.org/release/xsltng/current/xslt/modules/footnotes.xsl"
        uri="modules/footnotes.xsl"/>
   <uri name="https://cdn.docbook.org/release/xsltng/1.3.1a1-SNAPSHOT/xslt/modules/footnotes.xsl"
        uri="modules/footnotes.xsl"/>
   <uri name="https://cdn.docbook.org/release/xsltng/current/xslt/preprocess.xsl"
        uri="preprocess.xsl"/>
   <uri name="https://cdn.docbook.org/release/xsltng/1.3.1a1-SNAPSHOT/xslt/preprocess.xsl"
        uri="preprocess.xsl"/>
   <uri name="https://cdn.docbook.org/release/xsltng/current/xslt/main.xsl"
        uri="main.xsl"/>
   <uri name="https://cdn.docbook.org/release/xsltng/1.3.1a1-SNAPSHOT/xslt/main.xsl"
        uri="main.xsl"/>
   <uri name="https://cdn.docbook.org/release/xsltng/current/xslt/xspec-driver.xsl"
        uri="xspec-driver.xsl"/>
   <uri name="https://cdn.docbook.org/release/xsltng/1.3.1a1-SNAPSHOT/xslt/xspec-driver.xsl"
        uri="xspec-driver.xsl"/>
   <uri name="https://cdn.docbook.org/release/xsltng/current/xslt/param.xsl"
        uri="param.xsl"/>
   <uri name="https://cdn.docbook.org/release/xsltng/1.3.1a1-SNAPSHOT/xslt/param.xsl"
        uri="param.xsl"/>
   <uri name="https://cdn.docbook.org/release/xsltng/current/xslt/locale/sk.xml"
        uri="locale/sk.xml"/>
   <uri name="https://cdn.docbook.org/release/xsltng/1.3.1a1-SNAPSHOT/xslt/locale/sk.xml"
        uri="locale/sk.xml"/>
   <uri name="https://cdn.docbook.org/release/xsltng/current/xslt/locale/kn.xml"
        uri="locale/kn.xml"/>
   <uri name="https://cdn.docbook.org/release/xsltng/1.3.1a1-SNAPSHOT/xslt/locale/kn.xml"
        uri="locale/kn.xml"/>
   <uri name="https://cdn.docbook.org/release/xsltng/current/xslt/locale/bn.xml"
        uri="locale/bn.xml"/>
   <uri name="https://cdn.docbook.org/release/xsltng/1.3.1a1-SNAPSHOT/xslt/locale/bn.xml"
        uri="locale/bn.xml"/>
   <uri name="https://cdn.docbook.org/release/xsltng/current/xslt/locale/bg.xml"
        uri="locale/bg.xml"/>
   <uri name="https://cdn.docbook.org/release/xsltng/1.3.1a1-SNAPSHOT/xslt/locale/bg.xml"
        uri="locale/bg.xml"/>
   <uri name="https://cdn.docbook.org/release/xsltng/current/xslt/locale/sr_Latn.xml"
        uri="locale/sr_Latn.xml"/>
   <uri name="https://cdn.docbook.org/release/xsltng/1.3.1a1-SNAPSHOT/xslt/locale/sr_Latn.xml"
        uri="locale/sr_Latn.xml"/>
   <uri name="https://cdn.docbook.org/release/xsltng/current/xslt/locale/hu.xml"
        uri="locale/hu.xml"/>
   <uri name="https://cdn.docbook.org/release/xsltng/1.3.1a1-SNAPSHOT/xslt/locale/hu.xml"
        uri="locale/hu.xml"/>
   <uri name="https://cdn.docbook.org/release/xsltng/current/xslt/locale/sv.xml"
        uri="locale/sv.xml"/>
   <uri name="https://cdn.docbook.org/release/xsltng/1.3.1a1-SNAPSHOT/xslt/locale/sv.xml"
        uri="locale/sv.xml"/>
   <uri name="https://cdn.docbook.org/release/xsltng/current/xslt/locale/ru.xml"
        uri="locale/ru.xml"/>
   <uri name="https://cdn.docbook.org/release/xsltng/1.3.1a1-SNAPSHOT/xslt/locale/ru.xml"
        uri="locale/ru.xml"/>
   <uri name="https://cdn.docbook.org/release/xsltng/current/xslt/locale/fi.xml"
        uri="locale/fi.xml"/>
   <uri name="https://cdn.docbook.org/release/xsltng/1.3.1a1-SNAPSHOT/xslt/locale/fi.xml"
        uri="locale/fi.xml"/>
   <uri name="https://cdn.docbook.org/release/xsltng/current/xslt/locale/pt_br.xml"
        uri="locale/pt_br.xml"/>
   <uri name="https://cdn.docbook.org/release/xsltng/1.3.1a1-SNAPSHOT/xslt/locale/pt_br.xml"
        uri="locale/pt_br.xml"/>
   <uri name="https://cdn.docbook.org/release/xsltng/current/xslt/locale/sq.xml"
        uri="locale/sq.xml"/>
   <uri name="https://cdn.docbook.org/release/xsltng/1.3.1a1-SNAPSHOT/xslt/locale/sq.xml"
        uri="locale/sq.xml"/>
   <uri name="https://cdn.docbook.org/release/xsltng/current/xslt/locale/cy.xml"
        uri="locale/cy.xml"/>
   <uri name="https://cdn.docbook.org/release/xsltng/1.3.1a1-SNAPSHOT/xslt/locale/cy.xml"
        uri="locale/cy.xml"/>
   <uri name="https://cdn.docbook.org/release/xsltng/current/xslt/locale/ast.xml"
        uri="locale/ast.xml"/>
   <uri name="https://cdn.docbook.org/release/xsltng/1.3.1a1-SNAPSHOT/xslt/locale/ast.xml"
        uri="locale/ast.xml"/>
   <uri name="https://cdn.docbook.org/release/xsltng/current/xslt/locale/gl.xml"
        uri="locale/gl.xml"/>
   <uri name="https://cdn.docbook.org/release/xsltng/1.3.1a1-SNAPSHOT/xslt/locale/gl.xml"
        uri="locale/gl.xml"/>
   <uri name="https://cdn.docbook.org/release/xsltng/current/xslt/locale/et.xml"
        uri="locale/et.xml"/>
   <uri name="https://cdn.docbook.org/release/xsltng/1.3.1a1-SNAPSHOT/xslt/locale/et.xml"
        uri="locale/et.xml"/>
   <uri name="https://cdn.docbook.org/release/xsltng/current/xslt/locale/am.xml"
        uri="locale/am.xml"/>
   <uri name="https://cdn.docbook.org/release/xsltng/1.3.1a1-SNAPSHOT/xslt/locale/am.xml"
        uri="locale/am.xml"/>
   <uri name="https://cdn.docbook.org/release/xsltng/current/xslt/locale/uk.xml"
        uri="locale/uk.xml"/>
   <uri name="https://cdn.docbook.org/release/xsltng/1.3.1a1-SNAPSHOT/xslt/locale/uk.xml"
        uri="locale/uk.xml"/>
   <uri name="https://cdn.docbook.org/release/xsltng/current/xslt/locale/af.xml"
        uri="locale/af.xml"/>
   <uri name="https://cdn.docbook.org/release/xsltng/1.3.1a1-SNAPSHOT/xslt/locale/af.xml"
        uri="locale/af.xml"/>
   <uri name="https://cdn.docbook.org/release/xsltng/current/xslt/locale/nds.xml"
        uri="locale/nds.xml"/>
   <uri name="https://cdn.docbook.org/release/xsltng/1.3.1a1-SNAPSHOT/xslt/locale/nds.xml"
        uri="locale/nds.xml"/>
   <uri name="https://cdn.docbook.org/release/xsltng/current/xslt/locale/ta.xml"
        uri="locale/ta.xml"/>
   <uri name="https://cdn.docbook.org/release/xsltng/1.3.1a1-SNAPSHOT/xslt/locale/ta.xml"
        uri="locale/ta.xml"/>
   <uri name="https://cdn.docbook.org/release/xsltng/current/xslt/locale/he.xml"
        uri="locale/he.xml"/>
   <uri name="https://cdn.docbook.org/release/xsltng/1.3.1a1-SNAPSHOT/xslt/locale/he.xml"
        uri="locale/he.xml"/>
   <uri name="https://cdn.docbook.org/release/xsltng/current/xslt/locale/bs.xml"
        uri="locale/bs.xml"/>
   <uri name="https://cdn.docbook.org/release/xsltng/1.3.1a1-SNAPSHOT/xslt/locale/bs.xml"
        uri="locale/bs.xml"/>
   <uri name="https://cdn.docbook.org/release/xsltng/current/xslt/locale/bn_in.xml"
        uri="locale/bn_in.xml"/>
   <uri name="https://cdn.docbook.org/release/xsltng/1.3.1a1-SNAPSHOT/xslt/locale/bn_in.xml"
        uri="locale/bn_in.xml"/>
   <uri name="https://cdn.docbook.org/release/xsltng/current/xslt/locale/en.xml"
        uri="locale/en.xml"/>
   <uri name="https://cdn.docbook.org/release/xsltng/1.3.1a1-SNAPSHOT/xslt/locale/en.xml"
        uri="locale/en.xml"/>
   <uri name="https://cdn.docbook.org/release/xsltng/current/xslt/locale/pl.xml"
        uri="locale/pl.xml"/>
   <uri name="https://cdn.docbook.org/release/xsltng/1.3.1a1-SNAPSHOT/xslt/locale/pl.xml"
        uri="locale/pl.xml"/>
   <uri name="https://cdn.docbook.org/release/xsltng/current/xslt/locale/la.xml"
        uri="locale/la.xml"/>
   <uri name="https://cdn.docbook.org/release/xsltng/1.3.1a1-SNAPSHOT/xslt/locale/la.xml"
        uri="locale/la.xml"/>
   <uri name="https://cdn.docbook.org/release/xsltng/current/xslt/locale/fr.xml"
        uri="locale/fr.xml"/>
   <uri name="https://cdn.docbook.org/release/xsltng/1.3.1a1-SNAPSHOT/xslt/locale/fr.xml"
        uri="locale/fr.xml"/>
   <uri name="https://cdn.docbook.org/release/xsltng/current/xslt/locale/or.xml"
        uri="locale/or.xml"/>
   <uri name="https://cdn.docbook.org/release/xsltng/1.3.1a1-SNAPSHOT/xslt/locale/or.xml"
        uri="locale/or.xml"/>
   <uri name="https://cdn.docbook.org/release/xsltng/current/xslt/locale/mn.xml"
        uri="locale/mn.xml"/>
   <uri name="https://cdn.docbook.org/release/xsltng/1.3.1a1-SNAPSHOT/xslt/locale/mn.xml"
        uri="locale/mn.xml"/>
   <uri name="https://cdn.docbook.org/release/xsltng/current/xslt/locale/tl.xml"
        uri="locale/tl.xml"/>
   <uri name="https://cdn.docbook.org/release/xsltng/1.3.1a1-SNAPSHOT/xslt/locale/tl.xml"
        uri="locale/tl.xml"/>
   <uri name="https://cdn.docbook.org/release/xsltng/current/xslt/locale/ro.xml"
        uri="locale/ro.xml"/>
   <uri name="https://cdn.docbook.org/release/xsltng/1.3.1a1-SNAPSHOT/xslt/locale/ro.xml"
        uri="locale/ro.xml"/>
   <uri name="https://cdn.docbook.org/release/xsltng/current/xslt/locale/ko.xml"
        uri="locale/ko.xml"/>
   <uri name="https://cdn.docbook.org/release/xsltng/1.3.1a1-SNAPSHOT/xslt/locale/ko.xml"
        uri="locale/ko.xml"/>
   <uri name="https://cdn.docbook.org/release/xsltng/current/xslt/locale/it.xml"
        uri="locale/it.xml"/>
   <uri name="https://cdn.docbook.org/release/xsltng/1.3.1a1-SNAPSHOT/xslt/locale/it.xml"
        uri="locale/it.xml"/>
   <uri name="https://cdn.docbook.org/release/xsltng/current/xslt/locale/ka.xml"
        uri="locale/ka.xml"/>
   <uri name="https://cdn.docbook.org/release/xsltng/1.3.1a1-SNAPSHOT/xslt/locale/ka.xml"
        uri="locale/ka.xml"/>
   <uri name="https://cdn.docbook.org/release/xsltng/current/xslt/locale/az.xml"
        uri="locale/az.xml"/>
   <uri name="https://cdn.docbook.org/release/xsltng/1.3.1a1-SNAPSHOT/xslt/locale/az.xml"
        uri="locale/az.xml"/>
   <uri name="https://cdn.docbook.org/release/xsltng/current/xslt/locale/hi.xml"
        uri="locale/hi.xml"/>
   <uri name="https://cdn.docbook.org/release/xsltng/1.3.1a1-SNAPSHOT/xslt/locale/hi.xml"
        uri="locale/hi.xml"/>
   <uri name="https://cdn.docbook.org/release/xsltng/current/xslt/locale/nb.xml"
        uri="locale/nb.xml"/>
   <uri name="https://cdn.docbook.org/release/xsltng/1.3.1a1-SNAPSHOT/xslt/locale/nb.xml"
        uri="locale/nb.xml"/>
   <uri name="https://cdn.docbook.org/release/xsltng/current/xslt/locale/lt.xml"
        uri="locale/lt.xml"/>
   <uri name="https://cdn.docbook.org/release/xsltng/1.3.1a1-SNAPSHOT/xslt/locale/lt.xml"
        uri="locale/lt.xml"/>
   <uri name="https://cdn.docbook.org/release/xsltng/current/xslt/locale/zh_cn.xml"
        uri="locale/zh_cn.xml"/>
   <uri name="https://cdn.docbook.org/release/xsltng/1.3.1a1-SNAPSHOT/xslt/locale/zh_cn.xml"
        uri="locale/zh_cn.xml"/>
   <uri name="https://cdn.docbook.org/release/xsltng/current/xslt/locale/nn.xml"
        uri="locale/nn.xml"/>
   <uri name="https://cdn.docbook.org/release/xsltng/1.3.1a1-SNAPSHOT/xslt/locale/nn.xml"
        uri="locale/nn.xml"/>
   <uri name="https://cdn.docbook.org/release/xsltng/current/xslt/locale/gu.xml"
        uri="locale/gu.xml"/>
   <uri name="https://cdn.docbook.org/release/xsltng/1.3.1a1-SNAPSHOT/xslt/locale/gu.xml"
        uri="locale/gu.xml"/>
   <uri name="https://cdn.docbook.org/release/xsltng/current/xslt/locale/sl.xml"
        uri="locale/sl.xml"/>
   <uri name="https://cdn.docbook.org/release/xsltng/1.3.1a1-SNAPSHOT/xslt/locale/sl.xml"
        uri="locale/sl.xml"/>
   <uri name="https://cdn.docbook.org/release/xsltng/current/xslt/locale/sr.xml"
        uri="locale/sr.xml"/>
   <uri name="https://cdn.docbook.org/release/xsltng/1.3.1a1-SNAPSHOT/xslt/locale/sr.xml"
        uri="locale/sr.xml"/>
   <uri name="https://cdn.docbook.org/release/xsltng/current/xslt/locale/te.xml"
        uri="locale/te.xml"/>
   <uri name="https://cdn.docbook.org/release/xsltng/1.3.1a1-SNAPSHOT/xslt/locale/te.xml"
        uri="locale/te.xml"/>
   <uri name="https://cdn.docbook.org/release/xsltng/current/xslt/locale/ja.xml"
        uri="locale/ja.xml"/>
   <uri name="https://cdn.docbook.org/release/xsltng/1.3.1a1-SNAPSHOT/xslt/locale/ja.xml"
        uri="locale/ja.xml"/>
   <uri name="https://cdn.docbook.org/release/xsltng/current/xslt/locale/th.xml"
        uri="locale/th.xml"/>
   <uri name="https://cdn.docbook.org/release/xsltng/1.3.1a1-SNAPSHOT/xslt/locale/th.xml"
        uri="locale/th.xml"/>
   <uri name="https://cdn.docbook.org/release/xsltng/current/xslt/locale/el.xml"
        uri="locale/el.xml"/>
   <uri name="https://cdn.docbook.org/release/xsltng/1.3.1a1-SNAPSHOT/xslt/locale/el.xml"
        uri="locale/el.xml"/>
   <uri name="https://cdn.docbook.org/release/xsltng/current/xslt/locale/as.xml"
        uri="locale/as.xml"/>
   <uri name="https://cdn.docbook.org/release/xsltng/1.3.1a1-SNAPSHOT/xslt/locale/as.xml"
        uri="locale/as.xml"/>
   <uri name="https://cdn.docbook.org/release/xsltng/current/xslt/locale/pt.xml"
        uri="locale/pt.xml"/>
   <uri name="https://cdn.docbook.org/release/xsltng/1.3.1a1-SNAPSHOT/xslt/locale/pt.xml"
        uri="locale/pt.xml"/>
   <uri name="https://cdn.docbook.org/release/xsltng/current/xslt/locale/ky.xml"
        uri="locale/ky.xml"/>
   <uri name="https://cdn.docbook.org/release/xsltng/1.3.1a1-SNAPSHOT/xslt/locale/ky.xml"
        uri="locale/ky.xml"/>
   <uri name="https://cdn.docbook.org/release/xsltng/current/xslt/locale/nl.xml"
        uri="locale/nl.xml"/>
   <uri name="https://cdn.docbook.org/release/xsltng/1.3.1a1-SNAPSHOT/xslt/locale/nl.xml"
        uri="locale/nl.xml"/>
   <uri name="https://cdn.docbook.org/release/xsltng/current/xslt/locale/id.xml"
        uri="locale/id.xml"/>
   <uri name="https://cdn.docbook.org/release/xsltng/1.3.1a1-SNAPSHOT/xslt/locale/id.xml"
        uri="locale/id.xml"/>
   <uri name="https://cdn.docbook.org/release/xsltng/current/xslt/locale/zh_tw.xml"
        uri="locale/zh_tw.xml"/>
   <uri name="https://cdn.docbook.org/release/xsltng/1.3.1a1-SNAPSHOT/xslt/locale/zh_tw.xml"
        uri="locale/zh_tw.xml"/>
   <uri name="https://cdn.docbook.org/release/xsltng/current/xslt/locale/fa.xml"
        uri="locale/fa.xml"/>
   <uri name="https://cdn.docbook.org/release/xsltng/1.3.1a1-SNAPSHOT/xslt/locale/fa.xml"
        uri="locale/fa.xml"/>
   <uri name="https://cdn.docbook.org/release/xsltng/current/xslt/locale/de.xml"
        uri="locale/de.xml"/>
   <uri name="https://cdn.docbook.org/release/xsltng/1.3.1a1-SNAPSHOT/xslt/locale/de.xml"
        uri="locale/de.xml"/>
   <uri name="https://cdn.docbook.org/release/xsltng/current/xslt/locale/ur.xml"
        uri="locale/ur.xml"/>
   <uri name="https://cdn.docbook.org/release/xsltng/1.3.1a1-SNAPSHOT/xslt/locale/ur.xml"
        uri="locale/ur.xml"/>
   <uri name="https://cdn.docbook.org/release/xsltng/current/xslt/locale/ar.xml"
        uri="locale/ar.xml"/>
   <uri name="https://cdn.docbook.org/release/xsltng/1.3.1a1-SNAPSHOT/xslt/locale/ar.xml"
        uri="locale/ar.xml"/>
   <uri name="https://cdn.docbook.org/release/xsltng/current/xslt/locale/ga.xml"
        uri="locale/ga.xml"/>
   <uri name="https://cdn.docbook.org/release/xsltng/1.3.1a1-SNAPSHOT/xslt/locale/ga.xml"
        uri="locale/ga.xml"/>
   <uri name="https://cdn.docbook.org/release/xsltng/current/xslt/locale/mr.xml"
        uri="locale/mr.xml"/>
   <uri name="https://cdn.docbook.org/release/xsltng/1.3.1a1-SNAPSHOT/xslt/locale/mr.xml"
        uri="locale/mr.xml"/>
   <uri name="https://cdn.docbook.org/release/xsltng/current/xslt/locale/ml.xml"
        uri="locale/ml.xml"/>
   <uri name="https://cdn.docbook.org/release/xsltng/1.3.1a1-SNAPSHOT/xslt/locale/ml.xml"
        uri="locale/ml.xml"/>
   <uri name="https://cdn.docbook.org/release/xsltng/current/xslt/locale/eu.xml"
        uri="locale/eu.xml"/>
   <uri name="https://cdn.docbook.org/release/xsltng/1.3.1a1-SNAPSHOT/xslt/locale/eu.xml"
        uri="locale/eu.xml"/>
   <uri name="https://cdn.docbook.org/release/xsltng/current/xslt/locale/xh.xml"
        uri="locale/xh.xml"/>
   <uri name="https://cdn.docbook.org/release/xsltng/1.3.1a1-SNAPSHOT/xslt/locale/xh.xml"
        uri="locale/xh.xml"/>
   <uri name="https://cdn.docbook.org/release/xsltng/current/xslt/locale/lv.xml"
        uri="locale/lv.xml"/>
   <uri name="https://cdn.docbook.org/release/xsltng/1.3.1a1-SNAPSHOT/xslt/locale/lv.xml"
        uri="locale/lv.xml"/>
   <uri name="https://cdn.docbook.org/release/xsltng/current/xslt/locale/ca.xml"
        uri="locale/ca.xml"/>
   <uri name="https://cdn.docbook.org/release/xsltng/1.3.1a1-SNAPSHOT/xslt/locale/ca.xml"
        uri="locale/ca.xml"/>
   <uri name="https://cdn.docbook.org/release/xsltng/current/xslt/locale/es.xml"
        uri="locale/es.xml"/>
   <uri name="https://cdn.docbook.org/release/xsltng/1.3.1a1-SNAPSHOT/xslt/locale/es.xml"
        uri="locale/es.xml"/>
   <uri name="https://cdn.docbook.org/release/xsltng/current/xslt/locale/pa.xml"
        uri="locale/pa.xml"/>
   <uri name="https://cdn.docbook.org/release/xsltng/1.3.1a1-SNAPSHOT/xslt/locale/pa.xml"
        uri="locale/pa.xml"/>
   <uri name="https://cdn.docbook.org/release/xsltng/current/xslt/locale/hr.xml"
        uri="locale/hr.xml"/>
   <uri name="https://cdn.docbook.org/release/xsltng/1.3.1a1-SNAPSHOT/xslt/locale/hr.xml"
        uri="locale/hr.xml"/>
   <uri name="https://cdn.docbook.org/release/xsltng/current/xslt/locale/cs.xml"
        uri="locale/cs.xml"/>
   <uri name="https://cdn.docbook.org/release/xsltng/1.3.1a1-SNAPSHOT/xslt/locale/cs.xml"
        uri="locale/cs.xml"/>
   <uri name="https://cdn.docbook.org/release/xsltng/current/xslt/locale/tr.xml"
        uri="locale/tr.xml"/>
   <uri name="https://cdn.docbook.org/release/xsltng/1.3.1a1-SNAPSHOT/xslt/locale/tr.xml"
        uri="locale/tr.xml"/>
   <uri name="https://cdn.docbook.org/release/xsltng/current/xslt/locale/da.xml"
        uri="locale/da.xml"/>
   <uri name="https://cdn.docbook.org/release/xsltng/1.3.1a1-SNAPSHOT/xslt/locale/da.xml"
        uri="locale/da.xml"/>
   <uri name="https://cdn.docbook.org/release/xsltng/current/xslt/locale/zh.xml"
        uri="locale/zh.xml"/>
   <uri name="https://cdn.docbook.org/release/xsltng/1.3.1a1-SNAPSHOT/xslt/locale/zh.xml"
        uri="locale/zh.xml"/>
   <uri name="https://cdn.docbook.org/release/xsltng/current/xslt/locale/eo.xml"
        uri="locale/eo.xml"/>
   <uri name="https://cdn.docbook.org/release/xsltng/1.3.1a1-SNAPSHOT/xslt/locale/eo.xml"
        uri="locale/eo.xml"/>
   <uri name="https://cdn.docbook.org/release/xsltng/current/xslt/locale/is.xml"
        uri="locale/is.xml"/>
   <uri name="https://cdn.docbook.org/release/xsltng/1.3.1a1-SNAPSHOT/xslt/locale/is.xml"
        uri="locale/is.xml"/>
   <uri name="https://cdn.docbook.org/release/xsltng/current/xslt/locale/vi.xml"
        uri="locale/vi.xml"/>
   <uri name="https://cdn.docbook.org/release/xsltng/1.3.1a1-SNAPSHOT/xslt/locale/vi.xml"
        uri="locale/vi.xml"/>
   <uri name="https://cdn.docbook.org/release/xsltng/current/xslt/docbook.xsl"
        uri="docbook.xsl"/>
   <uri name="https://cdn.docbook.org/release/xsltng/1.3.1a1-SNAPSHOT/xslt/docbook.xsl"
        uri="docbook.xsl"/>
   <uri name="https://cdn.docbook.org/release/xsltng/current/xslt/print.xsl"
        uri="print.xsl"/>
   <uri name="https://cdn.docbook.org/release/xsltng/1.3.1a1-SNAPSHOT/xslt/print.xsl"
        uri="print.xsl"/>
   <uri name="https://cdn.docbook.org/release/xsltng/current/xslt/transforms/10-xinclude.xsl"
        uri="transforms/10-xinclude.xsl"/>
   <uri name="https://cdn.docbook.org/release/xsltng/1.3.1a1-SNAPSHOT/xslt/transforms/10-xinclude.xsl"
        uri="transforms/10-xinclude.xsl"/>
   <uri name="https://cdn.docbook.org/release/xsltng/current/xslt/transforms/60-annotations.xsl"
        uri="transforms/60-annotations.xsl"/>
   <uri name="https://cdn.docbook.org/release/xsltng/1.3.1a1-SNAPSHOT/xslt/transforms/60-annotations.xsl"
        uri="transforms/60-annotations.xsl"/>
   <uri name="https://cdn.docbook.org/release/xsltng/current/xslt/transforms/20-db4to5.xsl"
        uri="transforms/20-db4to5.xsl"/>
   <uri name="https://cdn.docbook.org/release/xsltng/1.3.1a1-SNAPSHOT/xslt/transforms/20-db4to5.xsl"
        uri="transforms/20-db4to5.xsl"/>
   <uri name="https://cdn.docbook.org/release/xsltng/current/xslt/transforms/00-logstruct.xsl"
        uri="transforms/00-logstruct.xsl"/>
   <uri name="https://cdn.docbook.org/release/xsltng/1.3.1a1-SNAPSHOT/xslt/transforms/00-logstruct.xsl"
        uri="transforms/00-logstruct.xsl"/>
   <uri name="https://cdn.docbook.org/release/xsltng/current/xslt/transforms/50-normalize.xsl"
        uri="transforms/50-normalize.xsl"/>
   <uri name="https://cdn.docbook.org/release/xsltng/1.3.1a1-SNAPSHOT/xslt/transforms/50-normalize.xsl"
        uri="transforms/50-normalize.xsl"/>
   <uri name="https://cdn.docbook.org/release/xsltng/current/xslt/transforms/70-xlinkbase.xsl"
        uri="transforms/70-xlinkbase.xsl"/>
   <uri name="https://cdn.docbook.org/release/xsltng/1.3.1a1-SNAPSHOT/xslt/transforms/70-xlinkbase.xsl"
        uri="transforms/70-xlinkbase.xsl"/>
   <uri name="https://cdn.docbook.org/release/xsltng/current/xslt/transforms/30-transclude.xsl"
        uri="transforms/30-transclude.xsl"/>
   <uri name="https://cdn.docbook.org/release/xsltng/1.3.1a1-SNAPSHOT/xslt/transforms/30-transclude.xsl"
        uri="transforms/30-transclude.xsl"/>
   <uri name="https://cdn.docbook.org/release/xsltng/current/xslt/olinkdb.xsl"
        uri="olinkdb.xsl"/>
   <uri name="https://cdn.docbook.org/release/xsltng/1.3.1a1-SNAPSHOT/xslt/olinkdb.xsl"
        uri="olinkdb.xsl"/>
   <uri name="https://cdn.docbook.org/release/xsltng/current/xslt/speaker-notes.xsl"
        uri="speaker-notes.xsl"/>
   <uri name="https://cdn.docbook.org/release/xsltng/1.3.1a1-SNAPSHOT/xslt/speaker-notes.xsl"
        uri="speaker-notes.xsl"/>
   <uri name="https://cdn.docbook.org/release/xsltng/current/xslt/parameter-maps.xsl"
        uri="parameter-maps.xsl"/>
   <uri name="https://cdn.docbook.org/release/xsltng/1.3.1a1-SNAPSHOT/xslt/parameter-maps.xsl"
        uri="parameter-maps.xsl"/>
</catalog>
