<locale language="am" english-language-name="Amharic">

<info xmlns="http://docbook.org/ns/docbook">
<authorgroup>
    <author>
      <orgname>The Ge'ez Frontier Foundation</orgname>
      <email>locales@geez.org</email>
    </author>
</authorgroup>
</info>

<gentext key="Abstract" text="&#4648;&#4674;&#4677;"/>
<gentext key="abstract" text="&#4648;&#4674;&#4677;"/>
<gentext key="Answer" text="&#4632;&#4966;"/>
<gentext key="answer" text="&#4632;&#4966;"/>
<gentext key="Appendix" text="&#4720;&#4904;&#4635;&#4650;"/>
<gentext key="appendix" text="&#4720;&#4904;&#4635;&#4650;"/>
<gentext key="Article" text="&#4925;&#4625;&#4941;"/>
<gentext key="article" text="&#4925;&#4625;&#4941;"/>
<gentext key="Author" text="&#4848;&#4651;&#4658;"/>
<gentext key="Bibliography" text="&#4840;&#4632;&#4923;&#4629;&#4941;&#4725; &#4829;&#4653;&#4829;&#4653;"/>
<gentext key="bibliography" text="&#4840;&#4632;&#4923;&#4629;&#4941;&#4725; &#4829;&#4653;&#4829;&#4653;"/>
<gentext key="Book" text="&#4632;&#4925;&#4624;&#4941;"/>
<gentext key="book" text="&#4632;&#4925;&#4624;&#4941;"/>
<gentext key="CAUTION" text="&#4901;&#4757;&#4675;&#4676;"/>
<gentext key="Caution" text="&#4901;&#4757;&#4675;&#4676;"/>
<gentext key="caution" text="&#4901;&#4757;&#4675;&#4676;"/>
<gentext key="Chapter" text="&#4637;&#4821;&#4651;&#4941;"/>
<gentext key="chapter" text="&#4637;&#4821;&#4651;&#4941;"/>
<gentext key="Colophon" text="Colophon"/>
<gentext key="colophon" text="Colophon"/>
<gentext key="Copyright" text="&#4840;&#4677;&#4866;&#4813; &#4632;&#4709;&#4725;"/>
<gentext key="copyright" text="&#4840;&#4677;&#4866;&#4813; &#4632;&#4709;&#4725;"/>
<gentext key="Dedication" text="&#4616;&#4768;&#4619;&#4635; &#4632;&#4656;&#4811;&#4725;"/>
<gentext key="dedication" text="&#4616;&#4768;&#4619;&#4635; &#4632;&#4656;&#4811;&#4725;"/>
<gentext key="Edition" text="&#4677;&#4866;"/>
<gentext key="edition" text="&#4677;&#4866;"/>
<gentext key="Equation" text="&#4773;&#4777;&#4620;&#4723;"/>
<gentext key="equation" text="&#4773;&#4777;&#4620;&#4723;"/>
<gentext key="Example" text="&#4616;&#4637;&#4659;&#4620;"/>
<gentext key="example" text="&#4616;&#4637;&#4659;&#4620;"/>
<gentext key="Figure" text="&#4637;&#4661;&#4621;"/>
<gentext key="figure" text="&#4637;&#4661;&#4621;"/>
<gentext key="Glossary" text="&#4840;&#4675;&#4619;&#4726;&#4733; &#4941;&#4730; &#4829;&#4653;&#4829;&#4653;"/>
<gentext key="glossary" text="&#4840;&#4675;&#4619;&#4726;&#4733; &#4941;&#4730; &#4829;&#4653;&#4829;&#4653;"/>
<gentext key="GlossSee" text="&#4635;&#4840;&#4725; (&#4773;&#4845;)"/>
<gentext key="glosssee" text="&#4635;&#4840;&#4725; (&#4773;&#4845;)"/>
<gentext key="GlossSeeAlso" text="&#8230;&#4757;&#4637; &#4773;&#4845;"/>
<gentext key="glossseealso" text="&#8230;&#4757;&#4637; &#4773;&#4845;"/>
<gentext key="IMPORTANT" text="&#4768;&#4661;&#4936;&#4619;&#4874;"/>
<gentext key="important" text="&#4768;&#4661;&#4936;&#4619;&#4874;"/>
<gentext key="Important" text="&#4768;&#4661;&#4936;&#4619;&#4874;"/>
<gentext key="Index" text="&#4635;&#4813;&#4907;"/>
<gentext key="index" text="&#4635;&#4813;&#4907;"/>
<gentext key="ISBN" text="ISBN"/>
<gentext key="isbn" text="ISBN"/>
<gentext key="LegalNotice" text="&#4613;&#4875;&#4810; &#4635;&#4661;&#4723;&#4808;&#4674;&#4843;"/>
<gentext key="legalnotice" text="&#4613;&#4875;&#4810; &#4635;&#4661;&#4723;&#4808;&#4674;&#4843;"/>
<gentext key="MsgAud" text="&#4720;&#4632;&#4621;&#4779;&#4733;"/>
<gentext key="msgaud" text="&#4720;&#4632;&#4621;&#4779;&#4733;"/>
<gentext key="MsgLevel" text="&#4848;&#4648;&#4867;"/>
<gentext key="msglevel" text="&#4848;&#4648;&#4867;"/>
<gentext key="MsgOrig" text="&#4637;&#4757;&#4909;"/>
<gentext key="msgorig" text="&#4637;&#4757;&#4909;"/>
<gentext key="NOTE" text="&#4635;&#4661;&#4723;&#4808;&#4667;"/>
<gentext key="Note" text="&#4635;&#4661;&#4723;&#4808;&#4667;"/>
<gentext key="note" text="&#4635;&#4661;&#4723;&#4808;&#4667;"/>
<gentext key="Part" text="&#4781;&#4941;&#4621;"/>
<gentext key="part" text="&#4781;&#4941;&#4621;"/>
<gentext key="Preface" text="&#4632;&#4677;&#4853;&#4637;"/>
<gentext key="preface" text="&#4632;&#4677;&#4853;&#4637;"/>
<gentext key="Procedure" text="&#4677;&#4848;&#4637; &#4720;&#4776;&#4720;&#4621;"/>
<gentext key="procedure" text="&#4677;&#4848;&#4637; &#4720;&#4776;&#4720;&#4621;"/>
<gentext key="ProductionSet" text="&#4637;&#4653;&#4725;"/>
<gentext key="PubDate" text="&#4840;&#4723;&#4720;&#4632;&#4704;&#4725; &#4672;&#4757;"/>
<gentext key="pubdate" text="&#4840;&#4723;&#4720;&#4632;&#4704;&#4725; &#4672;&#4757;"/>
<gentext key="Published" text="&#4723;&#4725;&#4639;&#4621;"/>
<gentext key="published" text="&#4723;&#4725;&#4639;&#4621;"/>
<gentext key="Qandadiv" text="&#4901;&#4843;&#4676; &#4773;&#4755; &#4632;&#4621;&#4661;"/>
<gentext key="qandadiv" text="&#4901;&#4843;&#4676; &#4773;&#4755; &#4632;&#4621;&#4661;"/>
<gentext key="Question" text="&#4901;&#4966;"/>
<gentext key="question" text="&#4901;&#4966;"/>
<gentext key="RefEntry" text=""/>
<gentext key="refentry" text=""/>
<gentext key="Reference" text="&#4635;&#4899;&#4672;&#4667;"/>
<gentext key="reference" text="&#4635;&#4899;&#4672;&#4667;"/>
<gentext key="RefName" text="&#4661;&#4637;"/>
<gentext key="refname" text="&#4661;&#4637;"/>
<gentext key="RefSection" text=""/>
<gentext key="refsection" text=""/>
<gentext key="RefSynopsisDiv" text="&#4632;&#4877;&#4616;&#4907;"/>
<gentext key="refsynopsisdiv" text="&#4632;&#4877;&#4616;&#4907;"/>
<gentext key="RevHistory" text="&#4840;&#4720;&#4667;&#4667;&#4616; &#4723;&#4650;&#4781;"/>
<gentext key="revhistory" text="&#4840;&#4720;&#4667;&#4667;&#4616; &#4723;&#4650;&#4781;"/>
<gentext key="revision" text="&#4840;&#4720;&#4667;&#4667;&#4616;"/>
<gentext key="Revision" text="&#4840;&#4720;&#4667;&#4667;&#4616;"/>
<gentext key="sect1" text="&#4781;&#4941;&#4621;"/>
<gentext key="sect2" text="&#4781;&#4941;&#4621;"/>
<gentext key="sect3" text="&#4781;&#4941;&#4621;"/>
<gentext key="sect4" text="&#4781;&#4941;&#4621;"/>
<gentext key="sect5" text="&#4781;&#4941;&#4621;"/>
<gentext key="section" text="&#4781;&#4941;&#4621;"/>
<gentext key="Section" text="&#4781;&#4941;&#4621;"/>
<gentext key="see" text="&#4635;&#4840;&#4725; (&#4773;&#4845;)"/>             
<gentext key="See" text="&#4635;&#4840;&#4725; (&#4773;&#4845;)"/>
<gentext key="seealso" text="&#8230;&#4757;&#4637; &#4773;&#4845;"/>    
<gentext key="Seealso" text="&#8230;&#4757;&#4637; &#4773;&#4845;"/>
<gentext key="SeeAlso" text="&#8230;&#4757;&#4637; &#4773;&#4845;"/>
<gentext key="set" text="&#4768;&#4853;&#4653;&#4877;"/>
<gentext key="Set" text="&#4768;&#4853;&#4653;&#4877;"/>
<gentext key="setindex" text="&#4635;&#4813;&#4907;&#4813;&#4757; &#4845;&#4632;&#4621;&#4776;&#4721;"/>
<gentext key="SetIndex" text="&#4635;&#4813;&#4907;&#4813;&#4757; &#4845;&#4632;&#4621;&#4776;&#4721;"/>
<gentext key="Sidebar" text=""/>
<gentext key="sidebar" text="&#4840;&#4901;&#4877; &#4683;&#4634;"/>
<gentext key="step" text="&#4848;&#4648;&#4867;"/>
<gentext key="Step" text="&#4848;&#4648;&#4867;"/>
<gentext key="Table" text="&#4640;&#4757;&#4896;&#4648;&#4837;"/>
<gentext key="table" text="&#4640;&#4757;&#4896;&#4648;&#4837;"/>
<gentext key="tip" text="&#4941;&#4757;&#4909;"/>
<gentext key="TIP" text="&#4941;&#4757;&#4909;"/>
<gentext key="Tip" text="&#4941;&#4757;&#4909;"/>
<gentext key="Warning" text="&#4635;&#4661;&#4896;&#4757;&#4672;&#4674;&#4843;"/>
<gentext key="warning" text="&#4635;&#4661;&#4896;&#4757;&#4672;&#4674;&#4843;"/>
<gentext key="WARNING" text="&#4635;&#4661;&#4896;&#4757;&#4672;&#4674;&#4843;"/>

<gentext key="and" text="&#4773;&#4755;"/>
<gentext key="by" text="&#4704;"/>
<gentext key="called" text="&#4632;&#4896;&#4650;&#4843;"/>
<gentext key="Edited" text="&#4840;&#4720;&#4824;&#4875;&#4864;"/>
<gentext key="edited" text="&#4840;&#4720;&#4824;&#4875;&#4864;"/>
<gentext key="Editedby" text="&#4840;&#4720;&#4824;&#4875;&#4864;&#4813; &#4704;"/>
<gentext key="editedby" text="&#4840;&#4720;&#4824;&#4875;&#4864;&#4813; &#4704;"/>
<gentext key="in" text="&#4813;&#4661;&#4901;"/>
<gentext key="lastlistcomma" text="&#4963;"/>
<gentext key="listcomma" text="&#4963;"/>
<gentext key="notes" text="&#4635;&#4661;&#4723;&#4808;&#4667;&#4814;&#4733;"/>
<gentext key="Notes" text="&#4635;&#4661;&#4723;&#4808;&#4667;&#4814;&#4733;"/>
<gentext key="Pgs" text="&#4872;&#4926;&#4733;"/>
<gentext key="pgs" text="&#4872;&#4926;&#4733;"/>
<gentext key="Revisedby" text="&#4840;&#4720;&#4667;&#4667;&#4616;&#4813; &#4704;"/>
<gentext key="revisedby" text="&#4840;&#4720;&#4667;&#4667;&#4616;&#4813; &#4704;"/>
<gentext key="TableNotes" text="&#4635;&#4661;&#4723;&#4808;&#4667;&#4814;&#4733;"/>
<gentext key="tablenotes" text="&#4635;&#4661;&#4723;&#4808;&#4667;&#4814;&#4733;"/>
<gentext key="TableofContents" text="&#4635;&#4813;&#4907;"/>
<gentext key="tableofcontents" text="&#4635;&#4813;&#4907;"/>
<gentext key="the" text="the"/>
<gentext key="unexpectedelementname" text="&#4843;&#4621;&#4720;&#4896;&#4704;&#4672; &#4840;&#4632;&#4640;&#4648;&#4723;&#4810; &#4752;&#4872;&#4653; &#4661;&#4637;"/>
<gentext key="unsupported" text="&#4843;&#4621;&#4720;&#4848;&#4872;&#4936;"/>
<gentext key="xrefto" text="xref &#4808;&#4848;"/>

<gentext key="listofequations" text="&#4840;&#4773;&#4777;&#4620;&#4723;&#4814;&#4733; &#4829;&#4653;&#4829;&#4653;"/>
<gentext key="ListofEquations" text="&#4840;&#4773;&#4777;&#4620;&#4723;&#4814;&#4733; &#4829;&#4653;&#4829;&#4653;"/>
<gentext key="ListofExamples" text="&#4840;&#4637;&#4659;&#4620;&#4814;&#4733; &#4829;&#4653;&#4829;&#4653;"/>
<gentext key="listofexamples" text="&#4840;&#4637;&#4659;&#4620;&#4814;&#4733; &#4829;&#4653;&#4829;&#4653;"/>
<gentext key="ListofFigures" text="&#4840;&#4637;&#4661;&#4622;&#4733; &#4829;&#4653;&#4829;&#4653;"/>
<gentext key="listoffigures" text="&#4840;&#4637;&#4661;&#4622;&#4733; &#4829;&#4653;&#4829;&#4653;"/>
<gentext key="ListofProcedures" text="&#4840;&#4677;&#4848;&#4637; &#4720;&#4776;&#4720;&#4622;&#4729; &#4829;&#4653;&#4829;&#4653;"/>
<gentext key="listofprocedures" text="&#4840;&#4677;&#4848;&#4637; &#4720;&#4776;&#4720;&#4622;&#4729; &#4829;&#4653;&#4829;&#4653;"/>
<gentext key="listoftables" text="&#4840;&#4640;&#4757;&#4896;&#4648;&#4838;&#4729; &#4829;&#4653;&#4829;&#4653;"/>
<gentext key="ListofTables" text="&#4840;&#4640;&#4757;&#4896;&#4648;&#4838;&#4729; &#4829;&#4653;&#4829;&#4653;"/>
<gentext key="ListofUnknown" text="&#4843;&#4621;&#4723;&#4808;&#4673; &#4829;&#4653;&#4829;&#4653;"/>
<gentext key="listofunknown" text="&#4843;&#4621;&#4723;&#4808;&#4673; &#4829;&#4653;&#4829;&#4653;"/>

<gentext key="nav-home" text="&#4632;&#4864;&#4632;&#4650;&#4843;"/>
<gentext key="nav-next" text="&#4840;&#4634;&#4672;&#4901;&#4616;&#4813;"/>
<gentext key="nav-next-sibling" text="&#4704;&#4941;&#4901;&#4752;&#4725; &#4808;&#4848;&#4938;&#4725;"/>
<gentext key="nav-prev" text="&#4843;&#4616;&#4936;&#4813;"/>
<gentext key="nav-prev-sibling" text="&#4704;&#4941;&#4901;&#4752;&#4725; &#4808;&#4848;&#4747;&#4619;"/>
<gentext key="nav-up" text="&#4808;&#4848; &#4619;&#4845;"/>
<gentext key="nav-toc" text="&#4808;&#4848; &#4658;"/>

<gentext key="Draft" text="&#4757;&#4853;&#4941;"/>
<gentext key="above" text="&#4776;&#4619;&#4845;"/>
<gentext key="below" text="&#4776;&#4661;&#4653;"/>
<gentext key="sectioncalled" text="&#4840;&#4781;&#4941;&#4617; &#4632;&#4896;&#4650;&#4843;"/>
<gentext key="index symbols" text="&#4637;&#4621;&#4781;&#4726;&#4733;"/>
<gentext key="writing-mode" text="lr-tb"/>

<gentext key="lowercase.alpha" text="abcdefghijklmnopqrstuvwxyz"/>
<gentext key="uppercase.alpha" text="ABCDEFGHIJKLMNOPQRSTUVWXYZ"/>

<dingbat key="startquote" text="&#8220;"/>
<dingbat key="endquote" text="&#8221;"/>
<dingbat key="nestedstartquote" text="&#8216;"/>
<dingbat key="nestedendquote" text="&#8217;"/>
<dingbat key="singlestartquote" text="&#8216;"/>
<dingbat key="singleendquote" text="&#8217;"/>
<dingbat key="bullet" text="&#8226;"/>


<gentext key="hyphenation-character" text="-"/>
<gentext key="hyphenation-push-character-count" text="2"/>
<gentext key="hyphenation-remain-character-count" text="2"/>

<context name="styles">

<template name="person-name">first-last</template>

</context>

<context name="title">

<template name="abstract">%t</template>
<template name="answer">%t</template>
<template name="appendix"><Appendix/>&#160;%n.&#160;%t</template>
<template name="article">%t</template>
<template name="authorblurb">%t</template>
<template name="bibliodiv">%t</template>
<template name="biblioentry">%t</template>
<template name="bibliography">%t</template>
<template name="bibliolist">%t</template>
<template name="bibliomixed">%t</template>
<template name="bibliomset">%t</template>
<template name="biblioset">%t</template>
<template name="blockquote">%t</template>
<template name="book">%t</template>
<template name="calloutlist">%t</template>
<template name="caution">%t</template>
<template name="chapter"><Chapter/>&#160;%n.&#160;%t</template>
<template name="colophon">%t</template>
<template name="dedication">%t</template>
<template name="equation"><Equation/>&#160;%n.&#160;%t</template>
<template name="example"><Example/>&#160;%n.&#160;%t</template>
<template name="figure"><Figure/>&#160;%n.&#160;%t</template>
<template name="foil">%t</template>	
<template name="foilgroup">%t</template>  
<template name="formalpara">%t</template>
<template name="glossary">%t</template>
<template name="glossdiv">%t</template>
<template name="glosslist">%t</template>
<template name="glossentry">%t</template>
<template name="important">%t</template>
<template name="index">%t</template>
<template name="indexdiv">%t</template>
<template name="itemizedlist">%t</template>
<template name="legalnotice">%t</template>
<template name="listitem"/>
<template name="lot">%t</template>
<template name="msg">%t</template>
<template name="msgexplan">%t</template>
<template name="msgmain">%t</template>
<template name="msgrel">%t</template>
<template name="msgset">%t</template>
<template name="msgsub">%t</template>
<template name="note">%t</template>
<template name="orderedlist">%t</template>
<template name="part"><Part/>&#160;%n.&#160;%t</template>
<template name="partintro">%t</template>
<template name="preface">%t</template>
<template name="procedure">%t</template>
<template name="procedure.formal"><Procedure/>&#160;%n.&#160;%t</template>
<template name="productionset">%t</template>
<template name="productionset.formal"><ProductionSet/>&#160;%n</template>
<template name="qandadiv">%t</template>
<template name="qandaentry">%t</template>
<template name="qandaset">%t</template>
<template name="question">%t</template>
<template name="refentry">%t</template>
<template name="reference">%t</template>
<template name="refsection">%t</template>
<template name="refsect1">%t</template>
<template name="refsect2">%t</template>
<template name="refsect3">%t</template>
<template name="refsynopsisdiv">%t</template>
<template name="refsynopsisdivinfo">%t</template>
<template name="segmentedlist">%t</template>
<template name="set">%t</template>
<template name="setindex">%t</template>
<template name="sidebar">%t</template>
<template name="step">%t</template>
<template name="table"><Table/>&#160;%n.&#160;%t</template>
<template name="task">%t</template>
<template name="tip">%t</template>
<template name="toc">%t</template>
<template name="variablelist">%t</template>
<template name="varlistentry"/>
<template name="warning">%t</template>

</context>

<context name="title-unnumbered">

<template name="appendix">%t</template>
<template name="article/appendix">%t</template>
<template name="bridgehead">%t</template>
<template name="chapter">%t</template>
<template name="sect1">%t</template>
<template name="sect2">%t</template>
<template name="sect3">%t</template>
<template name="sect4">%t</template>
<template name="sect5">%t</template>
<template name="section">%t</template>
<template name="simplesect">%t</template>

</context>

<context name="title-numbered">

<template name="appendix"><Appendix/>&#160;%n.&#160;%t</template>
<template name="article/appendix">%n.&#160;%t</template>
<template name="bridgehead">%n.&#160;%t</template>
<template name="chapter"><Chapter/>&#160;%n.&#160;%t</template>
<template name="part"><Part/>&#160;%n.&#160;%t</template>
<template name="sect1">%n.&#160;%t</template>
<template name="sect2">%n.&#160;%t</template>
<template name="sect3">%n.&#160;%t</template>
<template name="sect4">%n.&#160;%t</template>
<template name="sect5">%n.&#160;%t</template>
<template name="section">%n.&#160;%t</template>
<template name="simplesect">%t</template>

</context>

<context name="subtitle">

<template name="appendix">%s</template>
<template name="article">%s</template>
<template name="bibliodiv">%s</template>
<template name="biblioentry">%s</template>
<template name="bibliography">%s</template>
<template name="bibliomixed">%s</template>
<template name="bibliomset">%s</template>
<template name="biblioset">%s</template>
<template name="book">%s</template>
<template name="chapter">%s</template>
<template name="colophon">%s</template>
<template name="dedication">%s</template>
<template name="glossary">%s</template>
<template name="glossdiv">%s</template>
<template name="index">%s</template>
<template name="indexdiv">%s</template>
<template name="lot">%s</template>
<template name="part">%s</template>
<template name="partintro">%s</template>
<template name="preface">%s</template>
<template name="refentry">%s</template>
<template name="reference">%s</template>
<template name="refsection">%s</template>
<template name="refsect1">%s</template>
<template name="refsect2">%s</template>
<template name="refsect3">%s</template>
<template name="refsynopsisdiv">%s</template>
<template name="sect1">%s</template>
<template name="sect2">%s</template>
<template name="sect3">%s</template>
<template name="sect4">%s</template>
<template name="sect5">%s</template>
<template name="section">%s</template>
<template name="set">%s</template>
<template name="setindex">%s</template>
<template name="sidebar">%s</template>
<template name="simplesect">%s</template>
<template name="toc">%s</template>

</context>

<context name="xref">
<template name="abstract">%t</template>
<template name="answer"><Answer/>&#160;%n</template>
<template name="appendix">%t</template>
<template name="article">%t</template>
<template name="authorblurb">%t</template>
<template name="bibliodiv">%t</template>
<template name="bibliography">%t</template>
<template name="bibliomset">%t</template>
<template name="biblioset">%t</template>
<template name="blockquote">%t</template>
<template name="book">%t</template>
<template name="calloutlist">%t</template>
<template name="caution">%t</template>
<template name="chapter">%t</template>
<template name="colophon">%t</template>
<template name="constraintdef">%t</template>
<template name="dedication">%t</template>
<template name="equation">%t</template>
<template name="example">%t</template>
<template name="figure">%t</template>
<template name="foil">%t</template>	
<template name="foilgroup">%t</template> 
<template name="formalpara">%t</template>
<template name="glossary">%t</template>
<template name="glossdiv">%t</template>
<template name="important">%t</template>
<template name="index">%t</template>
<template name="indexdiv">%t</template>
<template name="itemizedlist">%t</template>
<template name="legalnotice">%t</template>
<template name="listitem">%n</template>
<template name="lot">%t</template>
<template name="msg">%t</template>
<template name="msgexplan">%t</template>
<template name="msgmain">%t</template>
<template name="msgrel">%t</template>
<template name="msgset">%t</template>
<template name="msgsub">%t</template>
<template name="note">%t</template>
<template name="orderedlist">%t</template>
<template name="part">%t</template>
<template name="partintro">%t</template>
<template name="preface">%t</template>
<template name="procedure">%t</template>
<template name="productionset">%t</template>
<template name="qandadiv">%t</template>
<template name="qandaentry"><Question/>&#160;%n</template>
<template name="qandaset">%t</template>
<template name="question"><Question/>&#160;%n</template>
<template name="reference">%t</template>
<template name="refsynopsisdiv">%t</template>
<template name="segmentedlist">%t</template>
<template name="set">%t</template>
<template name="setindex">%t</template>
<template name="sidebar">%t</template>
<template name="table">%t</template>
<template name="tip">%t</template>
<template name="toc">%t</template>
<template name="variablelist">%t</template>
<template name="varlistentry">%n</template>
<template name="warning">%t</template>
<template name="olink.document.citation"> &#4704;%o</template>
<template name="olink.page.citation"> (&#4872;&#4925; %p)</template>
<template name="page.citation"> [%p]</template>
<template name="page">(&#4872;&#4925; %p)</template>
<template name="docname"> in %o</template>
<template name="docnamelong"> &#4704;&#4854;&#4660;&#4813; &#4813;&#4661;&#4901; &#4653;&#4821;&#4661; &#4840;&#4720;&#4656;&#4896;&#4813; %o</template>
<template name="pageabbrev">(&#4872;&#4925; %p)</template>
<template name="Page">&#4872;&#4925; %p</template>


<template name="bridgehead"><sectioncalled/> <startquote/>%t<endquote/></template>
<template name="refsection"><sectioncalled/> <startquote/>%t<endquote/></template>
<template name="refsect1"><sectioncalled/> <startquote/>%t<endquote/></template>
<template name="refsect2"><sectioncalled/> <startquote/>%t<endquote/></template>
<template name="refsect3"><sectioncalled/> <startquote/>%t<endquote/></template>
<template name="sect1"><sectioncalled/> <startquote/>%t<endquote/></template>
<template name="sect2"><sectioncalled/> <startquote/>%t<endquote/></template>
<template name="sect3"><sectioncalled/> <startquote/>%t<endquote/></template>
<template name="sect4"><sectioncalled/> <startquote/>%t<endquote/></template>
<template name="sect5"><sectioncalled/> <startquote/>%t<endquote/></template>
<template name="section"><sectioncalled/> <startquote/>%t<endquote/></template>
<template name="simplesect"><sectioncalled/> <startquote/>%t<endquote/></template>

</context>

<context name="xref-number">

<template name="answer"><Answer/>&#160;%n</template>
<template name="appendix"><Appendix/>&#160;%n</template>
<template name="bridgehead"><Section/>&#160;%n</template>
<template name="chapter"><Chapter/>&#160;%n</template>
<template name="equation"><Equation/>&#160;%n</template>
<template name="example"><Example/>&#160;%n</template>
<template name="figure"><Figure/>&#160;%n</template>
<template name="part"><Part/>&#160;%n</template>
<template name="procedure"><Procedure/>&#160;%n</template>
<template name="productionset"><ProductionSet/>&#160;%n</template>
<template name="qandadiv"><Qandadiv/>&#160;%n</template>
<template name="qandaentry"><Question/>&#160;%n</template>
<template name="question"><Question/>&#160;%n</template>
<template name="sect1"><Section/>&#160;%n</template>
<template name="sect2"><Section/>&#160;%n</template>
<template name="sect3"><Section/>&#160;%n</template>
<template name="sect4"><Section/>&#160;%n</template>
<template name="sect5"><Section/>&#160;%n</template>
<template name="section"><Section/>&#160;%n</template>
<template name="table"><Table/>&#160;%n</template>

</context>

<context name="xref-number-and-title">

<template name="appendix"><Appendix/>&#160;%n, %t</template>
<template name="bridgehead"><Section/>&#160;%n, <startquote/>%t<endquote/></template>
<template name="chapter"><Chapter/>&#160;%n, %t</template>
<template name="equation"><Equation/>&#160;%n, <startquote/>%t<endquote/></template>
<template name="example"><Example/>&#160;%n, <startquote/>%t<endquote/></template>
<template name="figure"><Figure/>&#160;%n, <startquote/>%t<endquote/></template>
<template name="part"><Part/>&#160;%n, <startquote/>%t<endquote/></template>
<template name="procedure"><Procedure/>&#160;%n, <startquote/>%t<endquote/></template>
<template name="productionset"><ProductionSet/>&#160;%n, <startquote/>%t<endquote/></template>
<template name="qandadiv"><Qandadiv/>&#160;%n, <startquote/>%t<endquote/></template>
<template name="refsect1"><sectioncalled/> <startquote/>%t<endquote/></template>
<template name="refsect2"><sectioncalled/> <startquote/>%t<endquote/></template>
<template name="refsect3"><sectioncalled/> <startquote/>%t<endquote/></template>
<template name="refsection"><sectioncalled/> <startquote/>%t<endquote/></template>
<template name="sect1"><Section/>&#160;%n, <startquote/>%t<endquote/></template>
<template name="sect2"><Section/>&#160;%n, <startquote/>%t<endquote/></template>
<template name="sect3"><Section/>&#160;%n, <startquote/>%t<endquote/></template>
<template name="sect4"><Section/>&#160;%n, <startquote/>%t<endquote/></template>
<template name="sect5"><Section/>&#160;%n, <startquote/>%t<endquote/></template>
<template name="section"><Section/>&#160;%n, <startquote/>%t<endquote/></template>
<template name="simplesect"><sectioncalled/> <startquote/>%t<endquote/></template>
<template name="table"><Table/>&#160;%n, <startquote/>%t<endquote/></template>

</context>

<context name="authorgroup">
<template name="sep"><listcomma/> </template>
<template name="sep2"> <and/> </template>
<template name="seplast"><lastlistcomma/> <and/> </template>
</context>

<context name="glossary">
<template name="see"><GlossSee/> %t.</template>
<template name="seealso"><GlossSeeAlso/> %t.</template>
<template name="seealso-separator">, </template>
</context>

<context name="msgset">
<template name="MsgAud"><MsgAud/>&#4966; </template>
<template name="MsgLevel"><MsgLevel/>&#4966; </template>
<template name="MsgOrig"><MsgOrig/>&#4966; </template>
</context>

<context name="datetime">
<template name="format">d B Y</template>
</context>

<context name="termdef">
<template name="prefix">[&#4725;&#4653;&#4873;&#4637;&#4966; </template>
<template name="suffix">]</template>
</context>

<context name="datetime-full">
<template name="January">&#4867;&#4757;&#4841;&#4808;&#4650;</template>
<template name="February">&#4940;&#4709;&#4649;&#4808;&#4650;</template>
<template name="March">&#4635;&#4653;&#4733;</template>
<template name="April">&#4772;&#4949;&#4648;&#4621;</template>
<template name="May">&#4636;&#4845;</template>
<template name="June">&#4865;&#4757;</template>
<template name="July">&#4865;&#4619;&#4845;</template>
<template name="August">&#4774;&#4872;&#4661;&#4725;</template>
<template name="September">&#4660;&#4949;&#4724;&#4637;&#4704;&#4653;</template>
<template name="October">&#4774;&#4781;&#4720;&#4813;&#4704;&#4653;</template>
<template name="November">&#4758;&#4716;&#4637;&#4704;&#4653;</template>
<template name="December">&#4850;&#4660;&#4637;&#4704;&#4653;</template>
<template name="Monday">&#4656;&#4766;</template>
<template name="Tuesday">&#4635;&#4781;&#4656;&#4766;</template>
<template name="Wednesday">&#4648;&#4705;&#4821;</template>
<template name="Thursday">&#4624;&#4633;&#4661;</template>
<template name="Friday">&#4819;&#4653;&#4709;</template>
<template name="Saturday">&#4677;&#4851;&#4636;</template>
<template name="Sunday">&#4773;&#4625;&#4853;</template>
</context>

<context name="datetime-abbrev">
<template name="Jan">&#4867;&#4757;&#4841;</template>
<template name="Feb">&#4940;&#4709;&#4649;</template>
<template name="Mar">&#4635;&#4653;&#4733;</template>
<template name="Apr">&#4772;&#4949;&#4648;</template>
<template name="May">&#4636;&#4845; </template>
<template name="Jun">&#4865;&#4757; </template>
<template name="Jul">&#4865;&#4619;&#4845;</template>
<template name="Aug">&#4774;&#4872;&#4661;</template>
<template name="Sep">&#4660;&#4949;&#4724;</template>
<template name="Oct">&#4774;&#4781;&#4720;</template>
<template name="Nov">&#4758;&#4716;&#4637;</template>
<template name="Dec">&#4850;&#4660;&#4637;</template>
<template name="Mon">&#4656;&#4766; </template>
<template name="Tue">&#4635;&#4781;&#4656;</template>
<template name="Wed">&#4648;&#4705;&#4821;</template>
<template name="Thu">&#4624;&#4633;&#4661;</template>
<template name="Fri">&#4819;&#4653;&#4709;</template>
<template name="Sat">&#4677;&#4851;&#4636;</template>
<template name="Sun">&#4773;&#4625;&#4853;</template>
</context>

<context name="htmlhelp">
<template name="langcode">0x0409 English</template>
</context>

<letters>
  <l i="-1"/>
  <l i="0">&#4637;&#4621;&#4781;&#4726;&#4733;</l>
  <l i="10">A</l>
  <l i="10">a</l>
  <l i="10">&#192;</l>
  <l i="10">&#224;</l>
  <l i="10">&#193;</l>
  <l i="10">&#225;</l>
  <l i="10">&#194;</l>
  <l i="10">&#226;</l>
  <l i="10">&#195;</l>
  <l i="10">&#227;</l>
  <l i="10">&#196;</l>
  <l i="10">&#228;</l>
  <l i="10">&#197;</l>
  <l i="10">&#229;</l>
  <l i="10">&#256;</l>
  <l i="10">&#257;</l>
  <l i="10">&#258;</l>
  <l i="10">&#259;</l>
  <l i="10">&#260;</l>
  <l i="10">&#261;</l>
  <l i="10">&#461;</l>
  <l i="10">&#462;</l>
  <l i="10">&#478;</l>
  <l i="10">&#479;</l>
  <l i="10">&#480;</l>
  <l i="10">&#481;</l>
  <l i="10">&#506;</l>
  <l i="10">&#507;</l>
  <l i="10">&#512;</l>
  <l i="10">&#513;</l>
  <l i="10">&#514;</l>
  <l i="10">&#515;</l>
  <l i="10">&#550;</l>
  <l i="10">&#551;</l>
  <l i="10">&#7680;</l>
  <l i="10">&#7681;</l>
  <l i="10">&#7834;</l>
  <l i="10">&#7840;</l>
  <l i="10">&#7841;</l>
  <l i="10">&#7842;</l>
  <l i="10">&#7843;</l>
  <l i="10">&#7844;</l>
  <l i="10">&#7845;</l>
  <l i="10">&#7846;</l>
  <l i="10">&#7847;</l>
  <l i="10">&#7848;</l>
  <l i="10">&#7849;</l>
  <l i="10">&#7850;</l>
  <l i="10">&#7851;</l>
  <l i="10">&#7852;</l>
  <l i="10">&#7853;</l>
  <l i="10">&#7854;</l>
  <l i="10">&#7855;</l>
  <l i="10">&#7856;</l>
  <l i="10">&#7857;</l>
  <l i="10">&#7858;</l>
  <l i="10">&#7859;</l>
  <l i="10">&#7860;</l>
  <l i="10">&#7861;</l>
  <l i="10">&#7862;</l>
  <l i="10">&#7863;</l>
  <l i="20">B</l>
  <l i="20">b</l>
  <l i="20">&#384;</l>
  <l i="20">&#385;</l>
  <l i="20">&#595;</l>
  <l i="20">&#386;</l>
  <l i="20">&#387;</l>
  <l i="20">&#7682;</l>
  <l i="20">&#7683;</l>
  <l i="20">&#7684;</l>
  <l i="20">&#7685;</l>
  <l i="20">&#7686;</l>
  <l i="20">&#7687;</l>
  <l i="30">C</l>
  <l i="30">c</l>
  <l i="30">&#199;</l>
  <l i="30">&#231;</l>
  <l i="30">&#262;</l>
  <l i="30">&#263;</l>
  <l i="30">&#264;</l>
  <l i="30">&#265;</l>
  <l i="30">&#266;</l>
  <l i="30">&#267;</l>
  <l i="30">&#268;</l>
  <l i="30">&#269;</l>
  <l i="30">&#391;</l>
  <l i="30">&#392;</l>
  <l i="30">&#597;</l>
  <l i="30">&#7688;</l>
  <l i="30">&#7689;</l>
  <l i="40">D</l>
  <l i="40">d</l>
  <l i="40">&#270;</l>
  <l i="40">&#271;</l>
  <l i="40">&#272;</l>
  <l i="40">&#273;</l>
  <l i="40">&#394;</l>
  <l i="40">&#599;</l>
  <l i="40">&#395;</l>
  <l i="40">&#396;</l>
  <l i="40">&#453;</l>
  <l i="40">&#498;</l>
  <l i="40">&#545;</l>
  <l i="40">&#598;</l>
  <l i="40">&#7690;</l>
  <l i="40">&#7691;</l>
  <l i="40">&#7692;</l>
  <l i="40">&#7693;</l>
  <l i="40">&#7694;</l>
  <l i="40">&#7695;</l>
  <l i="40">&#7696;</l>
  <l i="40">&#7697;</l>
  <l i="40">&#7698;</l>
  <l i="40">&#7699;</l>
  <l i="50">E</l>
  <l i="50">e</l>
  <l i="50">&#200;</l>
  <l i="50">&#232;</l>
  <l i="50">&#201;</l>
  <l i="50">&#233;</l>
  <l i="50">&#202;</l>
  <l i="50">&#234;</l>
  <l i="50">&#203;</l>
  <l i="50">&#235;</l>
  <l i="50">&#274;</l>
  <l i="50">&#275;</l>
  <l i="50">&#276;</l>
  <l i="50">&#277;</l>
  <l i="50">&#278;</l>
  <l i="50">&#279;</l>
  <l i="50">&#280;</l>
  <l i="50">&#281;</l>
  <l i="50">&#282;</l>
  <l i="50">&#283;</l>
  <l i="50">&#516;</l>
  <l i="50">&#517;</l>
  <l i="50">&#518;</l>
  <l i="50">&#519;</l>
  <l i="50">&#552;</l>
  <l i="50">&#553;</l>
  <l i="50">&#7700;</l>
  <l i="50">&#7701;</l>
  <l i="50">&#7702;</l>
  <l i="50">&#7703;</l>
  <l i="50">&#7704;</l>
  <l i="50">&#7705;</l>
  <l i="50">&#7706;</l>
  <l i="50">&#7707;</l>
  <l i="50">&#7708;</l>
  <l i="50">&#7709;</l>
  <l i="50">&#7864;</l>
  <l i="50">&#7865;</l>
  <l i="50">&#7866;</l>
  <l i="50">&#7867;</l>
  <l i="50">&#7868;</l>
  <l i="50">&#7869;</l>
  <l i="50">&#7870;</l>
  <l i="50">&#7871;</l>
  <l i="50">&#7872;</l>
  <l i="50">&#7873;</l>
  <l i="50">&#7874;</l>
  <l i="50">&#7875;</l>
  <l i="50">&#7876;</l>
  <l i="50">&#7877;</l>
  <l i="50">&#7878;</l>
  <l i="50">&#7879;</l>
  <l i="60">F</l>
  <l i="60">f</l>
  <l i="60">&#401;</l>
  <l i="60">&#402;</l>
  <l i="60">&#7710;</l>
  <l i="60">&#7711;</l>
  <l i="70">G</l>
  <l i="70">g</l>
  <l i="70">&#284;</l>
  <l i="70">&#285;</l>
  <l i="70">&#286;</l>
  <l i="70">&#287;</l>
  <l i="70">&#288;</l>
  <l i="70">&#289;</l>
  <l i="70">&#290;</l>
  <l i="70">&#291;</l>
  <l i="70">&#403;</l>
  <l i="70">&#608;</l>
  <l i="70">&#484;</l>
  <l i="70">&#485;</l>
  <l i="70">&#486;</l>
  <l i="70">&#487;</l>
  <l i="70">&#500;</l>
  <l i="70">&#501;</l>
  <l i="70">&#7712;</l>
  <l i="70">&#7713;</l>
  <l i="80">H</l>
  <l i="80">h</l>
  <l i="80">&#292;</l>
  <l i="80">&#293;</l>
  <l i="80">&#294;</l>
  <l i="80">&#295;</l>
  <l i="80">&#542;</l>
  <l i="80">&#543;</l>
  <l i="80">&#614;</l>
  <l i="80">&#7714;</l>
  <l i="80">&#7715;</l>
  <l i="80">&#7716;</l>
  <l i="80">&#7717;</l>
  <l i="80">&#7718;</l>
  <l i="80">&#7719;</l>
  <l i="80">&#7720;</l>
  <l i="80">&#7721;</l>
  <l i="80">&#7722;</l>
  <l i="80">&#7723;</l>
  <l i="80">&#7830;</l>
  <l i="90">I</l>
  <l i="90">i</l>
  <l i="90">&#204;</l>
  <l i="90">&#236;</l>
  <l i="90">&#205;</l>
  <l i="90">&#237;</l>
  <l i="90">&#206;</l>
  <l i="90">&#238;</l>
  <l i="90">&#207;</l>
  <l i="90">&#239;</l>
  <l i="90">&#296;</l>
  <l i="90">&#297;</l>
  <l i="90">&#298;</l>
  <l i="90">&#299;</l>
  <l i="90">&#300;</l>
  <l i="90">&#301;</l>
  <l i="90">&#302;</l>
  <l i="90">&#303;</l>
  <l i="90">&#304;</l>
  <l i="90">&#407;</l>
  <l i="90">&#616;</l>
  <l i="90">&#463;</l>
  <l i="90">&#464;</l>
  <l i="90">&#520;</l>
  <l i="90">&#521;</l>
  <l i="90">&#522;</l>
  <l i="90">&#523;</l>
  <l i="90">&#7724;</l>
  <l i="90">&#7725;</l>
  <l i="90">&#7726;</l>
  <l i="90">&#7727;</l>
  <l i="90">&#7880;</l>
  <l i="90">&#7881;</l>
  <l i="90">&#7882;</l>
  <l i="90">&#7883;</l>
  <l i="100">J</l>
  <l i="100">j</l>
  <l i="100">&#308;</l>
  <l i="100">&#309;</l>
  <l i="100">&#496;</l>
  <l i="100">&#669;</l>
  <l i="110">K</l>
  <l i="110">k</l>
  <l i="110">&#310;</l>
  <l i="110">&#311;</l>
  <l i="110">&#408;</l>
  <l i="110">&#409;</l>
  <l i="110">&#488;</l>
  <l i="110">&#489;</l>
  <l i="110">&#7728;</l>
  <l i="110">&#7729;</l>
  <l i="110">&#7730;</l>
  <l i="110">&#7731;</l>
  <l i="110">&#7732;</l>
  <l i="110">&#7733;</l>
  <l i="120">L</l>
  <l i="120">l</l>
  <l i="120">&#313;</l>
  <l i="120">&#314;</l>
  <l i="120">&#315;</l>
  <l i="120">&#316;</l>
  <l i="120">&#317;</l>
  <l i="120">&#318;</l>
  <l i="120">&#319;</l>
  <l i="120">&#320;</l>
  <l i="120">&#321;</l>
  <l i="120">&#322;</l>
  <l i="120">&#410;</l>
  <l i="120">&#456;</l>
  <l i="120">&#564;</l>
  <l i="120">&#619;</l>
  <l i="120">&#620;</l>
  <l i="120">&#621;</l>
  <l i="120">&#7734;</l>
  <l i="120">&#7735;</l>
  <l i="120">&#7736;</l>
  <l i="120">&#7737;</l>
  <l i="120">&#7738;</l>
  <l i="120">&#7739;</l>
  <l i="120">&#7740;</l>
  <l i="120">&#7741;</l>
  <l i="130">M</l>
  <l i="130">m</l>
  <l i="130">&#625;</l>
  <l i="130">&#7742;</l>
  <l i="130">&#7743;</l>
  <l i="130">&#7744;</l>
  <l i="130">&#7745;</l>
  <l i="130">&#7746;</l>
  <l i="130">&#7747;</l>
  <l i="140">N</l>
  <l i="140">n</l>
  <l i="140">&#209;</l>
  <l i="140">&#241;</l>
  <l i="140">&#323;</l>
  <l i="140">&#324;</l>
  <l i="140">&#325;</l>
  <l i="140">&#326;</l>
  <l i="140">&#327;</l>
  <l i="140">&#328;</l>
  <l i="140">&#413;</l>
  <l i="140">&#626;</l>
  <l i="140">&#414;</l>
  <l i="140">&#544;</l>
  <l i="140">&#459;</l>
  <l i="140">&#504;</l>
  <l i="140">&#505;</l>
  <l i="140">&#565;</l>
  <l i="140">&#627;</l>
  <l i="140">&#7748;</l>
  <l i="140">&#7749;</l>
  <l i="140">&#7750;</l>
  <l i="140">&#7751;</l>
  <l i="140">&#7752;</l>
  <l i="140">&#7753;</l>
  <l i="140">&#7754;</l>
  <l i="140">&#7755;</l>
  <l i="150">O</l>
  <l i="150">o</l>
  <l i="150">&#210;</l>
  <l i="150">&#242;</l>
  <l i="150">&#211;</l>
  <l i="150">&#243;</l>
  <l i="150">&#212;</l>
  <l i="150">&#244;</l>
  <l i="150">&#213;</l>
  <l i="150">&#245;</l>
  <l i="150">&#214;</l>
  <l i="150">&#246;</l>
  <l i="150">&#216;</l>
  <l i="150">&#248;</l>
  <l i="150">&#332;</l>
  <l i="150">&#333;</l>
  <l i="150">&#334;</l>
  <l i="150">&#335;</l>
  <l i="150">&#336;</l>
  <l i="150">&#337;</l>
  <l i="150">&#415;</l>
  <l i="150">&#416;</l>
  <l i="150">&#417;</l>
  <l i="150">&#465;</l>
  <l i="150">&#466;</l>
  <l i="150">&#490;</l>
  <l i="150">&#491;</l>
  <l i="150">&#492;</l>
  <l i="150">&#493;</l>
  <l i="150">&#510;</l>
  <l i="150">&#511;</l>
  <l i="150">&#524;</l>
  <l i="150">&#525;</l>
  <l i="150">&#526;</l>
  <l i="150">&#527;</l>
  <l i="150">&#554;</l>
  <l i="150">&#555;</l>
  <l i="150">&#556;</l>
  <l i="150">&#557;</l>
  <l i="150">&#558;</l>
  <l i="150">&#559;</l>
  <l i="150">&#560;</l>
  <l i="150">&#561;</l>
  <l i="150">&#7756;</l>
  <l i="150">&#7757;</l>
  <l i="150">&#7758;</l>
  <l i="150">&#7759;</l>
  <l i="150">&#7760;</l>
  <l i="150">&#7761;</l>
  <l i="150">&#7762;</l>
  <l i="150">&#7763;</l>
  <l i="150">&#7884;</l>
  <l i="150">&#7885;</l>
  <l i="150">&#7886;</l>
  <l i="150">&#7887;</l>
  <l i="150">&#7888;</l>
  <l i="150">&#7889;</l>
  <l i="150">&#7890;</l>
  <l i="150">&#7891;</l>
  <l i="150">&#7892;</l>
  <l i="150">&#7893;</l>
  <l i="150">&#7894;</l>
  <l i="150">&#7895;</l>
  <l i="150">&#7896;</l>
  <l i="150">&#7897;</l>
  <l i="150">&#7898;</l>
  <l i="150">&#7899;</l>
  <l i="150">&#7900;</l>
  <l i="150">&#7901;</l>
  <l i="150">&#7902;</l>
  <l i="150">&#7903;</l>
  <l i="150">&#7904;</l>
  <l i="150">&#7905;</l>
  <l i="150">&#7906;</l>
  <l i="150">&#7907;</l>
  <l i="160">P</l>
  <l i="160">p</l>
  <l i="160">&#420;</l>
  <l i="160">&#421;</l>
  <l i="160">&#7764;</l>
  <l i="160">&#7765;</l>
  <l i="160">&#7766;</l>
  <l i="160">&#7767;</l>
  <l i="170">Q</l>
  <l i="170">q</l>
  <l i="170">&#672;</l>
  <l i="180">R</l>
  <l i="180">r</l>
  <l i="180">&#340;</l>
  <l i="180">&#341;</l>
  <l i="180">&#342;</l>
  <l i="180">&#343;</l>
  <l i="180">&#344;</l>
  <l i="180">&#345;</l>
  <l i="180">&#528;</l>
  <l i="180">&#529;</l>
  <l i="180">&#530;</l>
  <l i="180">&#531;</l>
  <l i="180">&#636;</l>
  <l i="180">&#637;</l>
  <l i="180">&#638;</l>
  <l i="180">&#7768;</l>
  <l i="180">&#7769;</l>
  <l i="180">&#7770;</l>
  <l i="180">&#7771;</l>
  <l i="180">&#7772;</l>
  <l i="180">&#7773;</l>
  <l i="180">&#7774;</l>
  <l i="180">&#7775;</l>
  <l i="190">S</l>
  <l i="190">s</l>
  <l i="190">&#346;</l>
  <l i="190">&#347;</l>
  <l i="190">&#348;</l>
  <l i="190">&#349;</l>
  <l i="190">&#350;</l>
  <l i="190">&#351;</l>
  <l i="190">&#352;</l>
  <l i="190">&#353;</l>
  <l i="190">&#536;</l>
  <l i="190">&#537;</l>
  <l i="190">&#642;</l>
  <l i="190">&#7776;</l>
  <l i="190">&#7777;</l>
  <l i="190">&#7778;</l>
  <l i="190">&#7779;</l>
  <l i="190">&#7780;</l>
  <l i="190">&#7781;</l>
  <l i="190">&#7782;</l>
  <l i="190">&#7783;</l>
  <l i="190">&#7784;</l>
  <l i="190">&#7785;</l>
  <l i="200">T</l>
  <l i="200">t</l>
  <l i="200">&#354;</l>
  <l i="200">&#355;</l>
  <l i="200">&#356;</l>
  <l i="200">&#357;</l>
  <l i="200">&#358;</l>
  <l i="200">&#359;</l>
  <l i="200">&#427;</l>
  <l i="200">&#428;</l>
  <l i="200">&#429;</l>
  <l i="200">&#430;</l>
  <l i="200">&#648;</l>
  <l i="200">&#538;</l>
  <l i="200">&#539;</l>
  <l i="200">&#566;</l>
  <l i="200">&#7786;</l>
  <l i="200">&#7787;</l>
  <l i="200">&#7788;</l>
  <l i="200">&#7789;</l>
  <l i="200">&#7790;</l>
  <l i="200">&#7791;</l>
  <l i="200">&#7792;</l>
  <l i="200">&#7793;</l>
  <l i="200">&#7831;</l>
  <l i="210">U</l>
  <l i="210">u</l>
  <l i="210">&#217;</l>
  <l i="210">&#249;</l>
  <l i="210">&#218;</l>
  <l i="210">&#250;</l>
  <l i="210">&#219;</l>
  <l i="210">&#251;</l>
  <l i="210">&#220;</l>
  <l i="210">&#252;</l>
  <l i="210">&#360;</l>
  <l i="210">&#361;</l>
  <l i="210">&#362;</l>
  <l i="210">&#363;</l>
  <l i="210">&#364;</l>
  <l i="210">&#365;</l>
  <l i="210">&#366;</l>
  <l i="210">&#367;</l>
  <l i="210">&#368;</l>
  <l i="210">&#369;</l>
  <l i="210">&#370;</l>
  <l i="210">&#371;</l>
  <l i="210">&#431;</l>
  <l i="210">&#432;</l>
  <l i="210">&#467;</l>
  <l i="210">&#468;</l>
  <l i="210">&#469;</l>
  <l i="210">&#470;</l>
  <l i="210">&#471;</l>
  <l i="210">&#472;</l>
  <l i="210">&#473;</l>
  <l i="210">&#474;</l>
  <l i="210">&#475;</l>
  <l i="210">&#476;</l>
  <l i="210">&#532;</l>
  <l i="210">&#533;</l>
  <l i="210">&#534;</l>
  <l i="210">&#535;</l>
  <l i="210">&#7794;</l>
  <l i="210">&#7795;</l>
  <l i="210">&#7796;</l>
  <l i="210">&#7797;</l>
  <l i="210">&#7798;</l>
  <l i="210">&#7799;</l>
  <l i="210">&#7800;</l>
  <l i="210">&#7801;</l>
  <l i="210">&#7802;</l>
  <l i="210">&#7803;</l>
  <l i="210">&#7908;</l>
  <l i="210">&#7909;</l>
  <l i="210">&#7910;</l>
  <l i="210">&#7911;</l>
  <l i="210">&#7912;</l>
  <l i="210">&#7913;</l>
  <l i="210">&#7914;</l>
  <l i="210">&#7915;</l>
  <l i="210">&#7916;</l>
  <l i="210">&#7917;</l>
  <l i="210">&#7918;</l>
  <l i="210">&#7919;</l>
  <l i="210">&#7920;</l>
  <l i="210">&#7921;</l>
  <l i="220">V</l>
  <l i="220">v</l>
  <l i="220">&#434;</l>
  <l i="220">&#651;</l>
  <l i="220">&#7804;</l>
  <l i="220">&#7805;</l>
  <l i="220">&#7806;</l>
  <l i="220">&#7807;</l>
  <l i="230">W</l>
  <l i="230">w</l>
  <l i="230">&#372;</l>
  <l i="230">&#373;</l>
  <l i="230">&#7808;</l>
  <l i="230">&#7809;</l>
  <l i="230">&#7810;</l>
  <l i="230">&#7811;</l>
  <l i="230">&#7812;</l>
  <l i="230">&#7813;</l>
  <l i="230">&#7814;</l>
  <l i="230">&#7815;</l>
  <l i="230">&#7816;</l>
  <l i="230">&#7817;</l>
  <l i="230">&#7832;</l>
  <l i="240">X</l>
  <l i="240">x</l>
  <l i="240">&#7818;</l>
  <l i="240">&#7819;</l>
  <l i="240">&#7820;</l>
  <l i="240">&#7821;</l>
  <l i="250">Y</l>
  <l i="250">y</l>
  <l i="250">&#221;</l>
  <l i="250">&#253;</l>
  <l i="250">&#255;</l>
  <l i="250">&#376;</l>
  <l i="250">&#374;</l>
  <l i="250">&#375;</l>
  <l i="250">&#435;</l>
  <l i="250">&#436;</l>
  <l i="250">&#562;</l>
  <l i="250">&#563;</l>
  <l i="250">&#7822;</l>
  <l i="250">&#7823;</l>
  <l i="250">&#7833;</l>
  <l i="250">&#7922;</l>
  <l i="250">&#7923;</l>
  <l i="250">&#7924;</l>
  <l i="250">&#7925;</l>
  <l i="250">&#7926;</l>
  <l i="250">&#7927;</l>
  <l i="250">&#7928;</l>
  <l i="250">&#7929;</l>
  <l i="260">Z</l>
  <l i="260">z</l>
  <l i="260">&#377;</l>
  <l i="260">&#378;</l>
  <l i="260">&#379;</l>
  <l i="260">&#380;</l>
  <l i="260">&#381;</l>
  <l i="260">&#382;</l>
  <l i="260">&#437;</l>
  <l i="260">&#438;</l>
  <l i="260">&#548;</l>
  <l i="260">&#549;</l>
  <l i="260">&#656;</l>
  <l i="260">&#657;</l>
  <l i="260">&#7824;</l>
  <l i="260">&#7825;</l>
  <l i="260">&#7826;</l>
  <l i="260">&#7827;</l>
  <l i="260">&#7828;</l>
  <l i="260">&#7829;</l>
</letters>

</locale>