<locale language="th" english-language-name="Thai">

<info xmlns="http://docbook.org/ns/docbook">
<authorgroup>
  <author><personname><firstname>Phattanon</firstname><surname>Duangdara</surname></personname>
  <email>sf_alpha@shin-host.com</email>
          
  </author>
  <author><personname><firstname>Pruet</firstname><surname>Boonma</surname></personname>
  <email>pruet@eng.cmu.ac.th</email>
          
  </author>
  <author><personname><firstname>Theppitak</firstname><surname>Karoonboonyanan</surname></personname>
  <email>thep@linux.thai.net</email>
          
  </author>
</authorgroup></info>

<gentext key="Abstract" text="&#3610;&#3607;&#3588;&#3633;&#3604;&#3618;&#3656;&#3629;"/>
<gentext key="abstract" text="&#3610;&#3607;&#3588;&#3633;&#3604;&#3618;&#3656;&#3629;"/>
<gentext key="Answer" text="&#3605;&#3629;&#3610;:"/>
<gentext key="answer" text="&#3605;&#3629;&#3610;:"/>
<gentext key="Appendix" text="&#3616;&#3634;&#3588;&#3612;&#3609;&#3623;&#3585;"/>
<gentext key="appendix" text="&#3616;&#3634;&#3588;&#3612;&#3609;&#3623;&#3585;"/>
<gentext key="Article" text="&#3610;&#3607;&#3588;&#3623;&#3634;&#3617;"/>
<gentext key="article" text="&#3610;&#3607;&#3588;&#3623;&#3634;&#3617;"/>
<gentext key="Bibliography" text="&#3610;&#3619;&#3619;&#3603;&#3634;&#3609;&#3640;&#3585;&#3619;&#3617;"/>
<gentext key="bibliography" text="&#3610;&#3619;&#3619;&#3603;&#3634;&#3609;&#3640;&#3585;&#3619;&#3617;"/>
<gentext key="Book" text="&#3627;&#3609;&#3633;&#3591;&#3626;&#3639;&#3629;"/>
<gentext key="book" text="&#3627;&#3609;&#3633;&#3591;&#3626;&#3639;&#3629;"/>
<gentext key="CAUTION" text="&#3588;&#3635;&#3648;&#3605;&#3639;&#3629;&#3609;"/>
<gentext key="Caution" text="&#3588;&#3635;&#3648;&#3605;&#3639;&#3629;&#3609;"/>
<gentext key="caution" text="&#3588;&#3635;&#3648;&#3605;&#3639;&#3629;&#3609;"/>
<gentext key="Chapter" text="&#3610;&#3607;&#3607;&#3637;&#3656;"/>
<gentext key="chapter" text="&#3610;&#3607;&#3607;&#3637;&#3656;"/>
<gentext key="Colophon" text="&#3648;&#3610;&#3639;&#3657;&#3629;&#3591;&#3627;&#3621;&#3633;&#3591;"/>
<gentext key="colophon" text="&#3648;&#3610;&#3639;&#3657;&#3629;&#3591;&#3627;&#3621;&#3633;&#3591;"/>
<gentext key="Copyright" text="&#3626;&#3591;&#3623;&#3609;&#3626;&#3636;&#3586;&#3626;&#3636;&#3607;&#3608;&#3636;&#3660;"/>
<gentext key="copyright" text="&#3626;&#3591;&#3623;&#3609;&#3626;&#3636;&#3586;&#3626;&#3636;&#3607;&#3608;&#3636;&#3660;"/>
<gentext key="Dedication" text="&#3588;&#3635;&#3629;&#3640;&#3607;&#3636;&#3624;"/>
<gentext key="dedication" text="&#3588;&#3635;&#3629;&#3640;&#3607;&#3636;&#3624;"/>
<gentext key="Edition" text="&#3593;&#3610;&#3633;&#3610;"/>
<gentext key="edition" text="&#3593;&#3610;&#3633;&#3610;"/>
<gentext key="Equation" text="&#3626;&#3617;&#3585;&#3634;&#3619;"/>
<gentext key="equation" text="&#3626;&#3617;&#3585;&#3634;&#3619;"/>
<gentext key="Example" text="&#3605;&#3633;&#3623;&#3629;&#3618;&#3656;&#3634;&#3591;"/>
<gentext key="example" text="&#3605;&#3633;&#3623;&#3629;&#3618;&#3656;&#3634;&#3591;"/>
<gentext key="Figure" text="&#3619;&#3641;&#3611;"/>
<gentext key="figure" text="&#3619;&#3641;&#3611;"/>
<gentext key="Glossary" text="&#3629;&#3616;&#3636;&#3608;&#3634;&#3609;&#3624;&#3633;&#3614;&#3607;&#3660;"/>
<gentext key="glossary" text="&#3629;&#3616;&#3636;&#3608;&#3634;&#3609;&#3624;&#3633;&#3614;&#3607;&#3660;"/>
<gentext key="GlossSee" text="&#3604;&#3641;"/>
<gentext key="glosssee" text="&#3604;&#3641;"/>
<gentext key="GlossSeeAlso" text="&#3604;&#3641;&#3648;&#3614;&#3636;&#3656;&#3617;&#3648;&#3605;&#3636;&#3617;"/>
<gentext key="glossseealso" text="&#3604;&#3641;&#3648;&#3614;&#3636;&#3656;&#3617;&#3648;&#3605;&#3636;&#3617;"/>
<gentext key="IMPORTANT" text="&#3586;&#3657;&#3629;&#3588;&#3623;&#3619;&#3592;&#3635;"/>
<gentext key="important" text="&#3586;&#3657;&#3629;&#3588;&#3623;&#3619;&#3592;&#3635;"/>
<gentext key="Important" text="&#3586;&#3657;&#3629;&#3588;&#3623;&#3619;&#3592;&#3635;"/>
<gentext key="Index" text="&#3604;&#3619;&#3619;&#3594;&#3609;&#3637;"/>
<gentext key="index" text="&#3604;&#3619;&#3619;&#3594;&#3609;&#3637;"/>
<gentext key="ISBN" text="ISBN"/>
<gentext key="isbn" text="ISBN"/>
<gentext key="LegalNotice" text="&#3586;&#3657;&#3629;&#3612;&#3641;&#3585;&#3614;&#3633;&#3609;&#3605;&#3634;&#3617;&#3585;&#3598;&#3627;&#3617;&#3634;&#3618;"/>
<gentext key="legalnotice" text="&#3586;&#3657;&#3629;&#3612;&#3641;&#3585;&#3614;&#3633;&#3609;&#3605;&#3634;&#3617;&#3585;&#3598;&#3627;&#3617;&#3634;&#3618;"/>
<gentext key="MsgAud" text="&#3612;&#3641;&#3657;&#3629;&#3656;&#3634;&#3609;"/>
<gentext key="msgaud" text="&#3612;&#3641;&#3657;&#3629;&#3656;&#3634;&#3609;"/>
<gentext key="MsgLevel" text="&#3619;&#3632;&#3604;&#3633;&#3610;"/>
<gentext key="msglevel" text="&#3619;&#3632;&#3604;&#3633;&#3610;"/>
<gentext key="MsgOrig" text="&#3607;&#3637;&#3656;&#3617;&#3634;"/>
<gentext key="msgorig" text="&#3607;&#3637;&#3656;&#3617;&#3634;"/>
<gentext key="NOTE" text="&#3627;&#3617;&#3634;&#3618;&#3648;&#3627;&#3605;&#3640;"/>
<gentext key="Note" text="&#3627;&#3617;&#3634;&#3618;&#3648;&#3627;&#3605;&#3640;"/>
<gentext key="note" text="&#3627;&#3617;&#3634;&#3618;&#3648;&#3627;&#3605;&#3640;"/>
<gentext key="Part" text="&#3616;&#3634;&#3588;"/>
<gentext key="part" text="&#3616;&#3634;&#3588;"/>
<gentext key="Preface" text="&#3588;&#3635;&#3609;&#3635;"/>
<gentext key="preface" text="&#3588;&#3635;&#3609;&#3635;"/>
<gentext key="Procedure" text="&#3619;&#3632;&#3648;&#3610;&#3637;&#3618;&#3610;&#3585;&#3634;&#3619;"/>
<gentext key="procedure" text="&#3619;&#3632;&#3648;&#3610;&#3637;&#3618;&#3610;&#3585;&#3634;&#3619;"/>
<gentext key="ProductionSet" text="&#3612;&#3621;&#3636;&#3605;"/>
<gentext key="Published" text="&#3605;&#3637;&#3614;&#3636;&#3617;&#3614;&#3660;"/>
<gentext key="published" text="&#3605;&#3637;&#3614;&#3636;&#3617;&#3614;&#3660;"/>
<gentext key="Qandadiv" text="&#3606;&#3634;&#3617;-&#3605;&#3629;&#3610;"/>
<gentext key="qandadiv" text="&#3606;&#3634;&#3617;-&#3605;&#3629;&#3610;"/>
<gentext key="Question" text="&#3606;&#3634;&#3617;:"/>
<gentext key="question" text="&#3606;&#3634;&#3617;:"/>
<gentext key="RefEntry" text=""/>
<gentext key="refentry" text=""/>
<gentext key="Reference" text="&#3627;&#3609;&#3633;&#3591;&#3626;&#3639;&#3629;&#3629;&#3657;&#3634;&#3591;&#3629;&#3636;&#3591;"/>
<gentext key="reference" text="&#3627;&#3609;&#3633;&#3591;&#3626;&#3639;&#3629;&#3629;&#3657;&#3634;&#3591;&#3629;&#3636;&#3591;"/>
<gentext key="RefName" text="&#3594;&#3639;&#3656;&#3629;"/>
<gentext key="refname" text="&#3594;&#3639;&#3656;&#3629;"/>
<gentext key="RefSection" text=""/>
<gentext key="refsection" text=""/>
<gentext key="RefSynopsisDiv" text="&#3626;&#3634;&#3619;&#3632;&#3626;&#3635;&#3588;&#3633;&#3597;"/>
<gentext key="refsynopsisdiv" text="&#3626;&#3634;&#3619;&#3632;&#3626;&#3635;&#3588;&#3633;&#3597;"/>
<gentext key="RevHistory" text="&#3610;&#3633;&#3609;&#3607;&#3638;&#3585;&#3619;&#3640;&#3656;&#3609;"/>
<gentext key="revhistory" text="&#3610;&#3633;&#3609;&#3607;&#3638;&#3585;&#3619;&#3640;&#3656;&#3609;"/>
<gentext key="revision" text="&#3619;&#3640;&#3656;&#3609;&#3607;&#3637;&#3656;"/>
<gentext key="Revision" text="&#3619;&#3640;&#3656;&#3609;&#3607;&#3637;&#3656;"/>
<gentext key="sect1" text="&#3605;&#3629;&#3609;&#3607;&#3637;&#3656;"/>
<gentext key="sect2" text="&#3605;&#3629;&#3609;&#3607;&#3637;&#3656;"/>
<gentext key="sect3" text="&#3605;&#3629;&#3609;&#3607;&#3637;&#3656;"/>
<gentext key="sect4" text="&#3605;&#3629;&#3609;&#3607;&#3637;&#3656;"/>
<gentext key="sect5" text="&#3605;&#3629;&#3609;&#3607;&#3637;&#3656;"/>
<gentext key="section" text="&#3605;&#3629;&#3609;&#3607;&#3637;&#3656;"/>
<gentext key="Section" text="&#3605;&#3629;&#3609;&#3607;&#3637;&#3656;"/>
<gentext key="See" text="&#3604;&#3641;"/>
<gentext key="see" text="&#3604;&#3641;"/>
<gentext key="SeeAlso" text="&#3604;&#3641;&#3648;&#3614;&#3636;&#3656;&#3617;&#3648;&#3605;&#3636;&#3617;"/>
<gentext key="seealso" text="&#3604;&#3641;&#3648;&#3614;&#3636;&#3656;&#3617;&#3648;&#3605;&#3636;&#3617;"/>
<gentext key="Seealso" text="&#3604;&#3641;&#3648;&#3614;&#3636;&#3656;&#3617;&#3648;&#3605;&#3636;&#3617;"/>
<gentext key="set" text="&#3594;&#3640;&#3604;"/>
<gentext key="Set" text="&#3594;&#3640;&#3604;"/>
<gentext key="setindex" text="&#3626;&#3634;&#3619;&#3610;&#3633;&#3597;&#3594;&#3640;&#3604;"/>
<gentext key="SetIndex" text="&#3626;&#3634;&#3619;&#3610;&#3633;&#3597;&#3594;&#3640;&#3604;"/>
<gentext key="Sidebar" text=""/>
<gentext key="sidebar" text="sidebar"/>
<gentext key="step" text="&#3621;&#3635;&#3604;&#3633;&#3610;"/>
<gentext key="Step" text="&#3621;&#3635;&#3604;&#3633;&#3610;"/>
<gentext key="Table" text="&#3605;&#3634;&#3619;&#3634;&#3591;"/>
<gentext key="table" text="&#3605;&#3634;&#3619;&#3634;&#3591;"/>
<gentext key="tip" text="&#3588;&#3635;&#3649;&#3609;&#3632;&#3609;&#3635;"/>
<gentext key="TIP" text="&#3588;&#3635;&#3649;&#3609;&#3632;&#3609;&#3635;"/>
<gentext key="Tip" text="&#3588;&#3635;&#3649;&#3609;&#3632;&#3609;&#3635;"/>
<gentext key="Warning" text="&#3588;&#3635;&#3648;&#3605;&#3639;&#3629;&#3609;"/>
<gentext key="warning" text="&#3588;&#3635;&#3648;&#3605;&#3639;&#3629;&#3609;"/>
<gentext key="WARNING" text="&#3588;&#3635;&#3648;&#3605;&#3639;&#3629;&#3609;"/>

<gentext key="and" text="&#3649;&#3621;&#3632;"/>
<gentext key="by" text="&#3650;&#3604;&#3618;"/>
<gentext key="Edited" text="&#3648;&#3619;&#3637;&#3618;&#3610;&#3648;&#3619;&#3637;&#3618;&#3591;"/>
<gentext key="edited" text="&#3648;&#3619;&#3637;&#3618;&#3610;&#3648;&#3619;&#3637;&#3618;&#3591;"/>
<gentext key="Editedby" text="&#3648;&#3619;&#3637;&#3618;&#3610;&#3648;&#3619;&#3637;&#3618;&#3591;&#3650;&#3604;&#3618;"/>
<gentext key="editedby" text="&#3648;&#3619;&#3637;&#3618;&#3610;&#3648;&#3619;&#3637;&#3618;&#3591;&#3650;&#3604;&#3618;"/>
<gentext key="in" text="&#3651;&#3609;"/>

<gentext key="lastlistcomma" text=","/>

<gentext key="listcomma" text=","/>


<gentext key="notes" text="&#3627;&#3617;&#3634;&#3618;&#3648;&#3627;&#3605;&#3640;"/>
<gentext key="Notes" text="&#3627;&#3617;&#3634;&#3618;&#3648;&#3627;&#3605;&#3640;"/>
<gentext key="Pgs" text="&#3627;&#3609;&#3657;&#3634;"/>
<gentext key="pgs" text="&#3627;&#3609;&#3657;&#3634;"/>
<gentext key="Revisedby" text="&#3649;&#3585;&#3657;&#3652;&#3586;&#3611;&#3619;&#3633;&#3610;&#3611;&#3619;&#3640;&#3591;&#3650;&#3604;&#3618;: "/>
<gentext key="revisedby" text="&#3649;&#3585;&#3657;&#3652;&#3586;&#3611;&#3619;&#3633;&#3610;&#3611;&#3619;&#3640;&#3591;&#3650;&#3604;&#3618;: "/>
<gentext key="TableNotes" text="&#3627;&#3617;&#3634;&#3618;&#3648;&#3627;&#3605;&#3640;"/>
<gentext key="tablenotes" text="&#3627;&#3617;&#3634;&#3618;&#3648;&#3627;&#3605;&#3640;"/>
<gentext key="TableofContents" text="&#3626;&#3634;&#3619;&#3610;&#3633;&#3597;"/>
<gentext key="tableofcontents" text="&#3626;&#3634;&#3619;&#3610;&#3633;&#3597;"/>
<gentext key="unexpectedelementname" text="&#3614;&#3610;&#3626;&#3656;&#3623;&#3609;&#3607;&#3637;&#3656;&#3652;&#3617;&#3656;&#3605;&#3657;&#3629;&#3591;&#3585;&#3634;&#3619;"/>
<gentext key="unsupported" text="&#3652;&#3617;&#3656;&#3626;&#3609;&#3633;&#3610;&#3626;&#3609;&#3640;&#3609;"/>
<gentext key="xrefto" text="xref to"/>

<gentext key="listofequations" text="&#3626;&#3634;&#3619;&#3610;&#3633;&#3597;&#3626;&#3617;&#3585;&#3634;&#3619;"/>
<gentext key="ListofEquations" text="&#3626;&#3634;&#3619;&#3610;&#3633;&#3597;&#3626;&#3617;&#3585;&#3634;&#3619;"/>
<gentext key="ListofExamples" text="&#3626;&#3634;&#3619;&#3610;&#3633;&#3597;&#3605;&#3633;&#3623;&#3629;&#3618;&#3656;&#3634;&#3591;"/>
<gentext key="listofexamples" text="&#3626;&#3634;&#3619;&#3610;&#3633;&#3597;&#3605;&#3633;&#3623;&#3629;&#3618;&#3656;&#3634;&#3591;"/>
<gentext key="ListofFigures" text="&#3626;&#3634;&#3619;&#3610;&#3633;&#3597;&#3619;&#3641;&#3611;"/>
<gentext key="listoffigures" text="&#3626;&#3634;&#3619;&#3610;&#3633;&#3597;&#3619;&#3641;&#3611;"/>
<gentext key="listoftables" text="&#3626;&#3634;&#3619;&#3610;&#3633;&#3597;&#3605;&#3634;&#3619;&#3634;&#3591;"/>
<gentext key="ListofTables" text="&#3626;&#3634;&#3619;&#3610;&#3633;&#3597;&#3605;&#3634;&#3619;&#3634;&#3591;"/>
<gentext key="ListofUnknown" text="&#3626;&#3634;&#3619;&#3610;&#3633;&#3597;&#3629;&#3639;&#3656;&#3609; &#3654;"/>
<gentext key="listofunknown" text="&#3626;&#3634;&#3619;&#3610;&#3633;&#3597;&#3629;&#3639;&#3656;&#3609; &#3654;"/>

<gentext key="nav-home" text="&#3627;&#3609;&#3657;&#3634;&#3649;&#3619;&#3585;"/>
<gentext key="nav-next" text="&#3605;&#3656;&#3629;&#3652;&#3611;"/>
<gentext key="nav-next-sibling" text="&#3605;&#3656;&#3629;&#3652;&#3611;"/>
<gentext key="nav-prev" text="&#3585;&#3656;&#3629;&#3609;&#3627;&#3609;&#3657;&#3634;"/>
<gentext key="nav-prev-sibling" text="&#3585;&#3656;&#3629;&#3609;&#3627;&#3609;&#3657;&#3634;"/>
<gentext key="nav-up" text="&#3585;&#3621;&#3633;&#3610;"/>

<gentext key="sectioncalled" text="&#3627;&#3633;&#3623;&#3586;&#3657;&#3629;"/>
<gentext key="Draft" text="Draft"/> 
<gentext key="above" text="above"/> 
<gentext key="below" text="below"/> 
<gentext key="index symbols" text="&#3626;&#3633;&#3597;&#3621;&#3633;&#3585;&#3625;&#3603;&#3660;"/>
<gentext key="writing-mode" text="lr-tb"/>

<gentext key="lowercase.alpha" text="abcdefghijklmnopqrstuvwxyz"/>
<gentext key="uppercase.alpha" text="ABCDEFGHIJKLMNOPQRSTUVWXYZ"/>

<dingbat key="startquote" text="&#8220;"/>
<dingbat key="endquote" text="&#8221;"/>
<dingbat key="nestedstartquote" text="&#8216;"/>
<dingbat key="nestedendquote" text="&#8217;"/>
<dingbat key="bullet" text="&#8226;"/>

<context name="styles">

<template name="person-name">first-last</template>

</context>

<context name="title">

<template name="abstract">%t</template>
<template name="answer">%t</template>
<template name="appendix"><Appendix/> %n. %t</template>
<template name="article">%t</template>
<template name="authorblurb">%t</template>
<template name="bibliodiv">%t</template>
<template name="biblioentry">%t</template>
<template name="bibliography">%t</template>
<template name="bibliomixed">%t</template>
<template name="bibliomset">%t</template>
<template name="biblioset">%t</template>
<template name="blockquote">%t</template>
<template name="book">%t</template>
<template name="calloutlist">%t</template>
<template name="caution">%t</template>
<template name="chapter"><Chapter/> %n. %t</template>
<template name="colophon">%t</template>
<template name="dedication">%t</template>
<template name="equation"><Equation/> %n. %t</template>
<template name="example"><Example/> %n. %t</template>
<template name="figure"><Figure/> %n. %t</template>
<template name="formalpara">%t</template>
<template name="glossary">%t</template>
<template name="glossdiv">%t</template>
<template name="important">%t</template>
<template name="index">%t</template>
<template name="indexdiv">%t</template>
<template name="itemizedlist">%t</template>
<template name="legalnotice">%t</template>
<template name="listitem"/>
<template name="lot">%t</template>
<template name="msg">%t</template>
<template name="msgexplan">%t</template>
<template name="msgmain">%t</template>
<template name="msgrel">%t</template>
<template name="msgset">%t</template>
<template name="msgsub">%t</template>
<template name="note">%t</template>
<template name="orderedlist">%t</template>
<template name="part"><Part/> %n. %t</template>
<template name="partintro">%t</template>
<template name="preface">%t</template>
<template name="procedure">%t</template>
<template name="procedure.formal"><Procedure/> %n. %t</template>
<template name="productionset">%t</template>
<template name="productionset.formal"><ProductionSet/> %n</template>
<template name="qandadiv">%t</template>
<template name="qandaentry">%t</template>
<template name="qandaset">%t</template>
<template name="question">%t</template>
<template name="refentry">%t</template>
<template name="reference">%t</template>
<template name="refsection">%t</template>
<template name="refsect1">%t</template>
<template name="refsect2">%t</template>
<template name="refsect3">%t</template>
<template name="refsynopsisdiv">%t</template>
<template name="refsynopsisdivinfo">%t</template>
<template name="segmentedlist">%t</template>
<template name="set">%t</template>
<template name="setindex">%t</template>
<template name="sidebar">%t</template>
<template name="step">%t</template>
<template name="table"><Table/> %n. %t</template>
<template name="tip">%t</template>
<template name="toc">%t</template>
<template name="variablelist">%t</template>
<template name="varlistentry"/>
<template name="warning">%t</template>

</context>

<context name="title-unnumbered">

<template name="appendix">%t</template>
<template name="bridgehead">%t</template>
<template name="chapter">%t</template>
<template name="sect1">%t</template>
<template name="sect2">%t</template>
<template name="sect3">%t</template>
<template name="sect4">%t</template>
<template name="sect5">%t</template>
<template name="section">%t</template>
<template name="simplesect">%t</template>

</context>

<context name="title-numbered">

<template name="appendix"><Appendix/> %n. %t</template>
<template name="bridgehead">%n. %t</template>
<template name="chapter"><Chapter/> %n. %t</template>
<template name="part"><Part/>&#160;%n.&#160;%t</template>
<template name="sect1">%n. %t</template>
<template name="sect2">%n. %t</template>
<template name="sect3">%n. %t</template>
<template name="sect4">%n. %t</template>
<template name="sect5">%n. %t</template>
<template name="section">%n. %t</template>
<template name="simplesect">%t</template>

</context>

<context name="subtitle">

<template name="appendix">%s</template>
<template name="article">%s</template>
<template name="bibliodiv">%s</template>
<template name="biblioentry">%s</template>
<template name="bibliography">%s</template>
<template name="bibliomixed">%s</template>
<template name="bibliomset">%s</template>
<template name="biblioset">%s</template>
<template name="book">%s</template>
<template name="chapter">%s</template>
<template name="colophon">%s</template>
<template name="dedication">%s</template>
<template name="glossary">%s</template>
<template name="glossdiv">%s</template>
<template name="index">%s</template>
<template name="indexdiv">%s</template>
<template name="lot">%s</template>
<template name="part">%s</template>
<template name="partintro">%s</template>
<template name="preface">%s</template>
<template name="refentry">%s</template>
<template name="reference">%s</template>
<template name="refsection">%s</template>
<template name="refsect1">%s</template>
<template name="refsect2">%s</template>
<template name="refsect3">%s</template>
<template name="refsynopsisdiv">%s</template>
<template name="sect1">%s</template>
<template name="sect2">%s</template>
<template name="sect3">%s</template>
<template name="sect4">%s</template>
<template name="sect5">%s</template>
<template name="section">%s</template>
<template name="set">%s</template>
<template name="setindex">%s</template>
<template name="sidebar">%s</template>
<template name="simplesect">%s</template>
<template name="toc">%s</template>

</context>

<context name="xref">
<template name="abstract">%t</template>
<template name="answer"><Answer/>&#160;%n</template>
<template name="appendix">%t</template>
<template name="article">%t</template>
<template name="authorblurb">%t</template>
<template name="bibliodiv">%t</template>
<template name="bibliography">%t</template>
<template name="bibliomset">%t</template>
<template name="biblioset">%t</template>
<template name="blockquote">%t</template>
<template name="book">%t</template>
<template name="calloutlist">%t</template>
<template name="caution">%t</template>
<template name="chapter">%t</template>
<template name="colophon">%t</template>
<template name="constraintdef">%t</template>
<template name="dedication">%t</template>
<template name="equation">%t</template>
<template name="example">%t</template>
<template name="figure">%t</template>
<template name="formalpara">%t</template>
<template name="glossary">%t</template>
<template name="glossdiv">%t</template>
<template name="important">%t</template>
<template name="index">%t</template>
<template name="indexdiv">%t</template>
<template name="itemizedlist">%t</template>
<template name="legalnotice">%t</template>
<template name="listitem">%n</template>
<template name="lot">%t</template>
<template name="msg">%t</template>
<template name="msgexplan">%t</template>
<template name="msgmain">%t</template>
<template name="msgrel">%t</template>
<template name="msgset">%t</template>
<template name="msgsub">%t</template>
<template name="note">%t</template>
<template name="orderedlist">%t</template>
<template name="part">%t</template>
<template name="partintro">%t</template>
<template name="preface">%t</template>
<template name="procedure">%t</template>
<template name="productionset">%t</template>
<template name="qandadiv">%t</template>
<template name="qandaentry"><Question/>&#160;%n</template>
<template name="qandaset">%t</template>
<template name="question"><Question/>&#160;%n</template>
<template name="reference">%t</template>
<template name="refsynopsisdiv">%t</template>
<template name="segmentedlist">%t</template>
<template name="set">%t</template>
<template name="setindex">%t</template>
<template name="sidebar">%t</template>
<template name="table">%t</template>
<template name="tip">%t</template>
<template name="toc">%t</template>
<template name="variablelist">%t</template>
<template name="varlistentry">%n</template>
<template name="warning">%t</template>
<template name="page.citation"> [%p]</template>

<template name="bridgehead"><sectioncalled/> <startquote/>%t<endquote/></template>
<template name="refsection"><sectioncalled/> <startquote/>%t<endquote/></template>
<template name="refsect1"><sectioncalled/> <startquote/>%t<endquote/></template>
<template name="refsect2"><sectioncalled/> <startquote/>%t<endquote/></template>
<template name="refsect3"><sectioncalled/> <startquote/>%t<endquote/></template>
<template name="sect1"><sectioncalled/> <startquote/>%t<endquote/></template>
<template name="sect2"><sectioncalled/> <startquote/>%t<endquote/></template>
<template name="sect3"><sectioncalled/> <startquote/>%t<endquote/></template>
<template name="sect4"><sectioncalled/> <startquote/>%t<endquote/></template>
<template name="sect5"><sectioncalled/> <startquote/>%t<endquote/></template>
<template name="section"><sectioncalled/> <startquote/>%t<endquote/></template>
<template name="simplesect"><sectioncalled/> <startquote/>%t<endquote/></template>

</context>

<context name="xref-number">

<template name="answer"><Answer/>&#160;%n</template>
<template name="appendix"><Appendix/>&#160;%n</template>
<template name="bridgehead"><Section/>&#160;%n</template>
<template name="chapter"><Chapter/>&#160;%n</template>
<template name="equation"><Equation/>&#160;%n</template>
<template name="example"><Example/>&#160;%n</template>
<template name="figure"><Figure/>&#160;%n</template>
<template name="part"><Part/>&#160;%n</template>
<template name="procedure"><Procedure/>&#160;%n</template>
<template name="productionset"><ProductionSet/>&#160;%n</template>
<template name="qandadiv"><Qandadiv/>&#160;%n</template>
<template name="qandaentry"><Question/>&#160;%n</template>
<template name="question"><Question/>&#160;%n</template>
<template name="sect1"><Section/>&#160;%n</template>
<template name="sect2"><Section/>&#160;%n</template>
<template name="sect3"><Section/>&#160;%n</template>
<template name="sect4"><Section/>&#160;%n</template>
<template name="sect5"><Section/>&#160;%n</template>
<template name="section"><Section/>&#160;%n</template>
<template name="table"><Table/>&#160;%n</template>

</context>

<context name="xref-number-and-title">

<template name="appendix"><Appendix/>&#160;%n, %t</template>
<template name="bridgehead"><Section/>&#160;%n, <startquote/>%t<endquote/></template>
<template name="chapter"><Chapter/>&#160;%n, %t</template>
<template name="equation"><Equation/>&#160;%n, <startquote/>%t<endquote/></template>
<template name="example"><Example/>&#160;%n, <startquote/>%t<endquote/></template>
<template name="figure"><Figure/>&#160;%n, <startquote/>%t<endquote/></template>
<template name="part"><Part/>&#160;%n, <startquote/>%t<endquote/></template>
<template name="procedure"><Procedure/>&#160;%n, <startquote/>%t<endquote/></template>
<template name="productionset"><ProductionSet/>&#160;%n, <startquote/>%t<endquote/></template>
<template name="qandadiv"><Qandadiv/>&#160;%n, <startquote/>%t<endquote/></template>
<template name="refsect1"><sectioncalled/> <startquote/>%t<endquote/></template>
<template name="refsect2"><sectioncalled/> <startquote/>%t<endquote/></template>
<template name="refsect3"><sectioncalled/> <startquote/>%t<endquote/></template>
<template name="refsection"><sectioncalled/> <startquote/>%t<endquote/></template>
<template name="sect1"><Section/>&#160;%n, <startquote/>%t<endquote/></template>
<template name="sect2"><Section/>&#160;%n, <startquote/>%t<endquote/></template>
<template name="sect3"><Section/>&#160;%n, <startquote/>%t<endquote/></template>
<template name="sect4"><Section/>&#160;%n, <startquote/>%t<endquote/></template>
<template name="sect5"><Section/>&#160;%n, <startquote/>%t<endquote/></template>
<template name="section"><Section/>&#160;%n, <startquote/>%t<endquote/></template>
<template name="simplesect"><sectioncalled/> <startquote/>%t<endquote/></template>
<template name="table"><Table/>&#160;%n, <startquote/>%t<endquote/></template>

</context>

<context name="authorgroup">
<template name="sep"><listcomma/> </template>
<template name="sep2"> <and/> </template>
<template name="seplast"><lastlistcomma/> <and/> </template>
</context>

<context name="glossary">
<template name="see"><GlossSee/> %t.</template>
<template name="seealso"><GlossSeeAlso/> %t.</template>
<template name="seealso-separator">, </template>
</context>

<context name="msgset">
<template name="MsgAud"><MsgAud/>: </template>
<template name="MsgLevel"><MsgLevel/>: </template>
<template name="MsgOrig"><MsgOrig/>: </template>
</context>

<context name="htmlhelp">
<template name="langcode">0x041e Thai</template>
</context>

</locale>