<?xml version="1.0" encoding="utf-8"?>
<package xmlns='http://ns.saxonica.com/xslt/export' xmlns:fn='http://www.w3.org/2005/xpath-functions' xmlns:java-type='http://saxon.sf.net/java-type' xmlns:vv='http://saxon.sf.net/generated-variable' xmlns:xs='http://www.w3.org/2001/XMLSchema' when='2022-10-01T10:21:36.849976+01:00' id='0' version='30' packageVersion='1' saxonProduct='SAXON-EE' saxonVersion='11.4' buildDateTime='2022-10-01T10:21:36.850312+01:00' target='HE' targetVersion='1' relocatable='true' implicit='true'>
 <co id='0' binds='0 0 0 0 0'>
  <mode onNo='TC' flags='dW' patternSlots='0'>
   <templateRule prec='0' prio='100.0' seq='0' rank='2' minImp='0' slots='0' matches='NE' flags='s' line='16' module='00-logstruct.xsl'>
    <p.withUpper role='match' axis='parent' upFirst='false'>
     <p.nodeTest test='NE'/>
     <p.nodeTest test='ND'/>
    </p.withUpper>
    <copy role='action' ns='db=http://docbook.org/ns/docbook xs=~ xsl=~ xml=~' line='18' flags='cin' sit='1NE'>
     <sequence role='content'>
      <applyT bSlot='0'>
       <axis role='select' name='attribute' nodeTest='NA'/>
      </applyT>
      <choose line='19'>
       <fn name='empty'>
        <axis name='attribute' nodeTest='NA nQ{http://www.w3.org/XML/1998/namespace}base'/>
       </fn>
       <att line='20' name='xml:base' nsuri='http://www.w3.org/XML/1998/namespace' flags='l'>
        <convert from='AU' to='AS'>
         <fn name='base-uri'>
          <dot type='1NE' flags='a'/>
         </fn>
        </convert>
       </att>
      </choose>
      <applyT line='22' bSlot='1'>
       <axis role='select' name='child' nodeTest='N'/>
      </applyT>
     </sequence>
    </copy>
   </templateRule>
   <templateRule prec='0' prio='-0.5' seq='2' rank='0' minImp='0' slots='0' matches='NE' flags='s' line='41' module='00-logstruct.xsl'>
    <p.nodeTest role='match' test='NE'/>
    <copy role='action' ns='db=http://docbook.org/ns/docbook xs=~ xsl=~ xml=~' line='43' flags='cin' sit='1NE'>
     <applyT role='content' bSlot='2'>
      <sequence role='select'>
       <axis name='attribute' nodeTest='NA'/>
       <axis name='child' nodeTest='N u[NC,NT,NP,NE]'/>
      </sequence>
     </applyT>
    </copy>
   </templateRule>
   <templateRule prec='0' prio='0.5' seq='1' rank='1' minImp='0' slots='0' matches='NE nQ{http://docbook.org/ns/docbook}imagedata' flags='s' line='29' module='00-logstruct.xsl'>
    <p.withPredicate role='match'>
     <p.nodeTest test='NE nQ{http://docbook.org/ns/docbook}imagedata'/>
     <axis ns='db=http://docbook.org/ns/docbook xs=~ xsl=~ xml=~' line='29' name='attribute' nodeTest='NA nQ{}entityref'/>
    </p.withPredicate>
    <copy role='action' ns='db=http://docbook.org/ns/docbook xs=~ xsl=~ xml=~' line='31' flags='cin' sit='1NE'>
     <sequence role='content'>
      <applyT bSlot='3'>
       <axis role='select' name='attribute' nodeTest='NA d[NA,NA nQ{}entityref]'/>
      </applyT>
      <choose line='32'>
       <fn name='exists'>
        <axis name='attribute' nodeTest='NA nQ{}entityref'/>
       </fn>
       <att line='33' name='fileref' flags='l'>
        <convert line='34' from='AU' to='AS'>
         <fn name='unparsed-entity-uri'>
          <check card='1' diag='0|0||fn:unparsed-entity-uri'>
           <cvUntyped to='AS'>
            <data diag='0|0||fn:unparsed-entity-uri'>
             <axis name='attribute' nodeTest='NA nQ{}entityref'/>
            </data>
           </cvUntyped>
          </check>
         </fn>
        </convert>
       </att>
      </choose>
      <applyT line='37' bSlot='4'>
       <axis role='select' name='child' nodeTest='N'/>
      </applyT>
     </sequence>
    </copy>
   </templateRule>
   <templateRule prec='0' prio='0.5' seq='1' part='1' rank='1' minImp='0' slots='0' matches='NE nQ{http://docbook.org/ns/docbook}textdata' flags='s' line='29' module='00-logstruct.xsl'>
    <p.withPredicate role='match'>
     <p.nodeTest test='NE nQ{http://docbook.org/ns/docbook}textdata'/>
     <axis ns='db=http://docbook.org/ns/docbook xs=~ xsl=~ xml=~' line='29' name='attribute' nodeTest='NA nQ{}entityref'/>
    </p.withPredicate>
    <copy role='action' ns='db=http://docbook.org/ns/docbook xs=~ xsl=~ xml=~' line='31' flags='cin' sit='1NE'>
     <sequence role='content'>
      <applyT bSlot='3'>
       <axis role='select' name='attribute' nodeTest='NA d[NA,NA nQ{}entityref]'/>
      </applyT>
      <choose line='32'>
       <fn name='exists'>
        <axis name='attribute' nodeTest='NA nQ{}entityref'/>
       </fn>
       <att line='33' name='fileref' flags='l'>
        <convert line='34' from='AU' to='AS'>
         <fn name='unparsed-entity-uri'>
          <check card='1' diag='0|0||fn:unparsed-entity-uri'>
           <cvUntyped to='AS'>
            <data diag='0|0||fn:unparsed-entity-uri'>
             <axis name='attribute' nodeTest='NA nQ{}entityref'/>
            </data>
           </cvUntyped>
          </check>
         </fn>
        </convert>
       </att>
      </choose>
      <applyT line='37' bSlot='4'>
       <axis role='select' name='child' nodeTest='N'/>
      </applyT>
     </sequence>
    </copy>
   </templateRule>
   <templateRule prec='0' prio='0.5' seq='1' part='3' rank='1' minImp='0' slots='0' matches='NE nQ{http://docbook.org/ns/docbook}audiodata' flags='s' line='29' module='00-logstruct.xsl'>
    <p.withPredicate role='match'>
     <p.nodeTest test='NE nQ{http://docbook.org/ns/docbook}audiodata'/>
     <axis ns='db=http://docbook.org/ns/docbook xs=~ xsl=~ xml=~' line='29' name='attribute' nodeTest='NA nQ{}entityref'/>
    </p.withPredicate>
    <copy role='action' ns='db=http://docbook.org/ns/docbook xs=~ xsl=~ xml=~' line='31' flags='cin' sit='1NE'>
     <sequence role='content'>
      <applyT bSlot='3'>
       <axis role='select' name='attribute' nodeTest='NA d[NA,NA nQ{}entityref]'/>
      </applyT>
      <choose line='32'>
       <fn name='exists'>
        <axis name='attribute' nodeTest='NA nQ{}entityref'/>
       </fn>
       <att line='33' name='fileref' flags='l'>
        <convert line='34' from='AU' to='AS'>
         <fn name='unparsed-entity-uri'>
          <check card='1' diag='0|0||fn:unparsed-entity-uri'>
           <cvUntyped to='AS'>
            <data diag='0|0||fn:unparsed-entity-uri'>
             <axis name='attribute' nodeTest='NA nQ{}entityref'/>
            </data>
           </cvUntyped>
          </check>
         </fn>
        </convert>
       </att>
      </choose>
      <applyT line='37' bSlot='4'>
       <axis role='select' name='child' nodeTest='N'/>
      </applyT>
     </sequence>
    </copy>
   </templateRule>
   <templateRule prec='0' prio='0.5' seq='1' part='2' rank='1' minImp='0' slots='0' matches='NE nQ{http://docbook.org/ns/docbook}videodata' flags='s' line='29' module='00-logstruct.xsl'>
    <p.withPredicate role='match'>
     <p.nodeTest test='NE nQ{http://docbook.org/ns/docbook}videodata'/>
     <axis ns='db=http://docbook.org/ns/docbook xs=~ xsl=~ xml=~' line='29' name='attribute' nodeTest='NA nQ{}entityref'/>
    </p.withPredicate>
    <copy role='action' ns='db=http://docbook.org/ns/docbook xs=~ xsl=~ xml=~' line='31' flags='cin' sit='1NE'>
     <sequence role='content'>
      <applyT bSlot='3'>
       <axis role='select' name='attribute' nodeTest='NA d[NA,NA nQ{}entityref]'/>
      </applyT>
      <choose line='32'>
       <fn name='exists'>
        <axis name='attribute' nodeTest='NA nQ{}entityref'/>
       </fn>
       <att line='33' name='fileref' flags='l'>
        <convert line='34' from='AU' to='AS'>
         <fn name='unparsed-entity-uri'>
          <check card='1' diag='0|0||fn:unparsed-entity-uri'>
           <cvUntyped to='AS'>
            <data diag='0|0||fn:unparsed-entity-uri'>
             <axis name='attribute' nodeTest='NA nQ{}entityref'/>
            </data>
           </cvUntyped>
          </check>
         </fn>
        </convert>
       </att>
      </choose>
      <applyT line='37' bSlot='4'>
       <axis role='select' name='child' nodeTest='N'/>
      </applyT>
     </sequence>
    </copy>
   </templateRule>
   <templateRule prec='0' prio='-0.5' seq='3' rank='0' minImp='0' slots='0' matches='NA' flags='s' line='47' module='00-logstruct.xsl'>
    <p.nodeTest role='match' test='NA'/>
    <copy role='action' ns='db=http://docbook.org/ns/docbook xs=~ xsl=~ xml=~' line='48' flags='cin' sit='1N'>
     <empty role='content'/>
    </copy>
   </templateRule>
   <templateRule prec='0' prio='-0.5' seq='3' part='1' rank='0' minImp='0' slots='0' matches='NT' flags='s' line='47' module='00-logstruct.xsl'>
    <p.nodeTest role='match' test='NT'/>
    <copy role='action' ns='db=http://docbook.org/ns/docbook xs=~ xsl=~ xml=~' line='48' flags='cin' sit='1N'>
     <empty role='content'/>
    </copy>
   </templateRule>
   <templateRule prec='0' prio='-0.5' seq='3' part='2' rank='0' minImp='0' slots='0' matches='NC' flags='s' line='47' module='00-logstruct.xsl'>
    <p.nodeTest role='match' test='NC'/>
    <copy role='action' ns='db=http://docbook.org/ns/docbook xs=~ xsl=~ xml=~' line='48' flags='cin' sit='1N'>
     <empty role='content'/>
    </copy>
   </templateRule>
   <templateRule prec='0' prio='-0.5' seq='3' part='3' rank='0' minImp='0' slots='0' matches='NP' flags='s' line='47' module='00-logstruct.xsl'>
    <p.nodeTest role='match' test='NP'/>
    <copy role='action' ns='db=http://docbook.org/ns/docbook xs=~ xsl=~ xml=~' line='48' flags='cin' sit='1N'>
     <empty role='content'/>
    </copy>
   </templateRule>
  </mode>
 </co>
 <overridden/>
 <output>
  <property name='method' value='xml'/>
  <property name='indent' value='no'/>
  <property name='encoding' value='utf-8'/>
  <property name='Q{http://saxon.sf.net/}stylesheet-version' value='30'/>
 </output>
 <decimalFormat/>
</package>
<?Σ 6f64019b?>
