<?xml version="1.0" encoding="utf-8"?>
<package xmlns='http://ns.saxonica.com/xslt/export' xmlns:fn='http://www.w3.org/2005/xpath-functions' xmlns:java-type='http://saxon.sf.net/java-type' xmlns:vv='http://saxon.sf.net/generated-variable' xmlns:xs='http://www.w3.org/2001/XMLSchema' when='2022-10-02T09:44:24.727191+01:00' id='0' version='30' packageVersion='1' saxonProduct='SAXON-EE' saxonVersion='11.4' buildDateTime='2022-10-02T09:44:24.727548+01:00' target='HE' targetVersion='1' relocatable='true' implicit='true'>
 <co id='0' binds='0'>
  <mode onNo='TC' flags='dW' patternSlots='0'>
   <templateRule prec='0' prio='-0.5' seq='1' rank='0' minImp='0' slots='0' matches='NE' flags='s' line='33' module='10-xinclude.xsl'>
    <p.nodeTest role='match' test='NE'/>
    <copy role='action' ns='ext=http://docbook.org/extensions/xslt xs=~ xsl=~ xml=~' line='35' flags='cin' sit='1NE'>
     <applyT role='content' bSlot='0'>
      <sequence role='select'>
       <axis name='attribute' nodeTest='NA'/>
       <axis name='child' nodeTest='N u[NC,NT,NE,NP]'/>
      </sequence>
     </applyT>
    </copy>
   </templateRule>
   <templateRule prec='0' prio='0.0' seq='0' rank='1' minImp='0' slots='0' matches='NE nQ{http://www.w3.org/2001/XInclude}include' flags='s' line='19' module='10-xinclude.xsl'>
    <p.nodeTest role='match' test='NE nQ{http://www.w3.org/2001/XInclude}include'/>
    <ifCall role='action' ns='ext=http://docbook.org/extensions/xslt xi=http://www.w3.org/2001/XInclude xs=~ xsl=~ xml=~' line='22' name='Q{http://docbook.org/extensions/xslt}xinclude' type='1'>
     <dot type='1NE nQ{http://www.w3.org/2001/XInclude}include' flags='a'/>
    </ifCall>
   </templateRule>
   <templateRule prec='0' prio='-0.5' seq='2' rank='0' minImp='0' slots='0' matches='NA' flags='s' line='39' module='10-xinclude.xsl'>
    <p.nodeTest role='match' test='NA'/>
    <copy role='action' ns='ext=http://docbook.org/extensions/xslt xs=~ xsl=~ xml=~' line='40' flags='cin' sit='1N'>
     <empty role='content'/>
    </copy>
   </templateRule>
   <templateRule prec='0' prio='-0.5' seq='2' part='1' rank='0' minImp='0' slots='0' matches='NT' flags='s' line='39' module='10-xinclude.xsl'>
    <p.nodeTest role='match' test='NT'/>
    <copy role='action' ns='ext=http://docbook.org/extensions/xslt xs=~ xsl=~ xml=~' line='40' flags='cin' sit='1N'>
     <empty role='content'/>
    </copy>
   </templateRule>
   <templateRule prec='0' prio='-0.5' seq='2' part='2' rank='0' minImp='0' slots='0' matches='NC' flags='s' line='39' module='10-xinclude.xsl'>
    <p.nodeTest role='match' test='NC'/>
    <copy role='action' ns='ext=http://docbook.org/extensions/xslt xs=~ xsl=~ xml=~' line='40' flags='cin' sit='1N'>
     <empty role='content'/>
    </copy>
   </templateRule>
   <templateRule prec='0' prio='-0.5' seq='2' part='3' rank='0' minImp='0' slots='0' matches='NP' flags='s' line='39' module='10-xinclude.xsl'>
    <p.nodeTest role='match' test='NP'/>
    <copy role='action' ns='ext=http://docbook.org/extensions/xslt xs=~ xsl=~ xml=~' line='40' flags='cin' sit='1N'>
     <empty role='content'/>
    </copy>
   </templateRule>
  </mode>
 </co>
 <overridden/>
 <output>
  <property name='method' value='xml'/>
  <property name='indent' value='no'/>
  <property name='encoding' value='utf-8'/>
  <property name='Q{http://saxon.sf.net/}stylesheet-version' value='30'/>
 </output>
 <decimalFormat/>
</package>
<?Σ ee8e8c95?>
