<?xml version="1.0" encoding="utf-8"?>
<package xmlns='http://ns.saxonica.com/xslt/export' xmlns:fn='http://www.w3.org/2005/xpath-functions' xmlns:java-type='http://saxon.sf.net/java-type' xmlns:vv='http://saxon.sf.net/generated-variable' xmlns:xs='http://www.w3.org/2001/XMLSchema' when='2022-10-01T10:21:40.509854+01:00' id='0' version='30' packageVersion='1' saxonProduct='SAXON-EE' saxonVersion='11.4' buildDateTime='2022-10-01T10:21:40.510175+01:00' target='HE' targetVersion='1' relocatable='true' implicit='true'>
 <co id='0' binds=''>
  <globalParam name='Q{}annotation-placement' as='*' line='15' module='60-annotations.xsl' visibility='PUBLIC'>
   <str val='after'/>
  </globalParam>
 </co>
 <co id='1' binds='2'>
  <function name='Q{http://docbook.org/ns/docbook/functions}id' line='80' module='shared.xsl' eval='16' flags='pmU' as='1AS' slots='1'>
   <arg name='Q{}node' as='1NE'/>
   <tailCallLoop role='body' ns='=http://www.w3.org/1999/xhtml db=http://docbook.org/ns/docbook f=http://docbook.org/ns/docbook/functions m=http://docbook.org/ns/docbook/modes map=~ vp=http://docbook.org/ns/docbook/variables/private xs=~ xsl=~ xml=~' line='84'>
    <choose>
     <fn name='exists'>
      <slash simple='1'>
       <varRef name='Q{}node' slot='0'/>
       <axis name='attribute' nodeTest='NA nQ{http://www.w3.org/XML/1998/namespace}id'/>
      </slash>
     </fn>
     <check card='1' diag='5|0|XTTE0780|f:id#1'>
      <cvUntyped to='AS' diag='5|0|XTTE0780|f:id#1'>
       <slash>
        <varRef name='Q{}node' slot='0'/>
        <attVal name='Q{http://www.w3.org/XML/1998/namespace}id' chk='0'/>
       </slash>
      </cvUntyped>
     </check>
     <true/>
     <ufCall name='Q{http://docbook.org/ns/docbook/functions}generate-id' tailCall='foreign' bSlot='0' eval='1'>
      <varRef name='Q{}node' slot='0'/>
     </ufCall>
    </choose>
   </tailCallLoop>
  </function>
 </co>
 <co id='3' binds=''>
  <globalVariable name='Q{}root' as='1ND' line='21' module='60-annotations.xsl' visibility='PRIVATE'>
   <root ns='array=~ db=http://docbook.org/ns/docbook f=http://docbook.org/ns/docbook/functions ghost=http://docbook.org/ns/docbook/ephemeral map=~ mp=http://docbook.org/ns/docbook/modes/private xs=~ xsl=~ xml=~' line='21'/>
  </globalVariable>
 </co>
 <co id='4' binds=''>
  <globalVariable name='Q{http://docbook.org/ns/docbook/variables/private}gidmap' as='1FM k[AS] v[1AS]' line='51' module='shared.xsl' visibility='PRIVATE'>
   <map size='30'>
    <str val='preface'/>
    <str val='p'/>
    <str val='bibliography'/>
    <str val='bi'/>
    <str val='figure'/>
    <str val='fig'/>
    <str val='section'/>
    <str val='s'/>
    <str val='colophon'/>
    <str val='co'/>
    <str val='glossdiv'/>
    <str val='gd'/>
    <str val='glossentry'/>
    <str val='ge'/>
    <str val='appendix'/>
    <str val='ap'/>
    <str val='book'/>
    <str val='bo'/>
    <str val='example'/>
    <str val='ex'/>
    <str val='reference'/>
    <str val='ref'/>
    <str val='equation'/>
    <str val='eq'/>
    <str val='chapter'/>
    <str val='ch'/>
    <str val='sect1'/>
    <str val='s1_'/>
    <str val='table'/>
    <str val='tab'/>
    <str val='sect2'/>
    <str val='s2_'/>
    <str val='sect3'/>
    <str val='s3_'/>
    <str val='sect4'/>
    <str val='s4_'/>
    <str val='sect5'/>
    <str val='s5_'/>
    <str val='procedure'/>
    <str val='proc'/>
    <str val='part'/>
    <str val='part'/>
    <str val='glossterm'/>
    <str val='gt'/>
    <str val='dedication'/>
    <str val='ded'/>
    <str val='acknowledgements'/>
    <str val='ack'/>
    <str val='bibliodiv'/>
    <str val='bd'/>
    <str val='refsect1'/>
    <str val='rs1'/>
    <str val='refsect2'/>
    <str val='rs2'/>
    <str val='refsect3'/>
    <str val='rs3'/>
    <str val='glossary'/>
    <str val='g'/>
    <str val='refentry'/>
    <str val='re'/>
   </map>
  </globalVariable>
 </co>
 <co id='5' binds='6'>
  <globalVariable name='Q{http://saxon.sf.net/generated-variable}gg302987494' as='1AS' line='66' module='shared.xsl' visibility='PRIVATE'>
   <treat ns='=http://www.w3.org/1999/xhtml db=http://docbook.org/ns/docbook f=http://docbook.org/ns/docbook/functions m=http://docbook.org/ns/docbook/modes map=~ vp=http://docbook.org/ns/docbook/variables/private xs=~ xsl=~ xml=~' line='66' as='AS' diag='5|0|XTTE0780|f:generate-id#2'>
    <check card='1' diag='5|0|XTTE0780|f:generate-id#2'>
     <cvUntyped to='AS' diag='5|0|XTTE0780|f:generate-id#2'>
      <data diag='5|0|XTTE0780|f:generate-id#2'>
       <gVarRef name='Q{}generated-id-root' bSlot='0'/>
      </data>
     </cvUntyped>
    </check>
   </treat>
  </globalVariable>
 </co>
 <co id='7' binds='8 7 9 10 0 10 3 7 2 7 2 7'>
  <mode onNo='TC' flags='dW' patternSlots='0'>
   <templateRule prec='1' prio='-0.5' seq='0' rank='0' minImp='0' slots='1' matches='ND' flags='s' line='117' module='60-annotations.xsl'>
    <p.nodeTest role='match' test='ND'/>
    <sequence role='action' ns='array=~ db=http://docbook.org/ns/docbook f=http://docbook.org/ns/docbook/functions ghost=http://docbook.org/ns/docbook/ephemeral map=~ mp=http://docbook.org/ns/docbook/modes/private xs=~ xsl=~ xml=~' line='119'>
     <choose>
      <gVarRef name='Q{http://saxon.sf.net/generated-variable}gg2017860548' bSlot='0'/>
      <message line='121'>
       <valueOf role='select'>
        <str val='The $annotation-placement parameter must be ‘before’ or ‘after’'/>
       </valueOf>
       <str role='terminate' val='yes'/>
       <str role='error' val='Q{http://www.w3.org/2005/xqt-errors}XTMM9000'/>
      </message>
     </choose>
     <choose line='125'>
      <fn name='empty'>
       <axis name='descendant' nodeTest='NE nQ{http://docbook.org/ns/docbook}annotation'/>
      </fn>
      <dot line='126' type='1ND' flags='a'/>
      <true/>
      <let line='129' var='Q{}doc' as='1ND' slot='0' eval='16'>
       <doc line='130'>
        <applyT flags='i' bSlot='1'>
         <axis role='select' name='child' nodeTest='N'/>
        </applyT>
       </doc>
       <doc line='132'>
        <applyT line='133' mode='Q{http://docbook.org/ns/docbook/modes/private}move-to-end' bSlot='2'>
         <slash role='select' simple='1'>
          <varRef name='Q{}doc' slot='0'/>
          <axis name='child' nodeTest='N u[NP,NE,NC,NT]'/>
         </slash>
         <withParam name='Q{}annotations' as='*NE nQ{http://docbook.org/ns/docbook}annotation'>
          <axis line='134' name='descendant' nodeTest='NE nQ{http://docbook.org/ns/docbook}annotation'/>
         </withParam>
        </applyT>
       </doc>
      </let>
     </choose>
    </sequence>
   </templateRule>
   <templateRule prec='1' prio='0.5' seq='2' rank='1' minImp='0' slots='3' matches='NE' flags='s' line='144' module='60-annotations.xsl'>
    <p.withPredicate role='match'>
     <p.nodeTest test='NE'/>
     <ifCall ns='array=~ db=http://docbook.org/ns/docbook f=http://docbook.org/ns/docbook/functions ghost=http://docbook.org/ns/docbook/ephemeral map=~ mp=http://docbook.org/ns/docbook/modes/private xs=~ xsl=~ xml=~' line='144' name='Q{http://www.w3.org/2005/xpath-functions/map}contains' type='1AB'>
      <gVarRef name='Q{}annotation-targets' bSlot='3'/>
      <fn name='generate-id'>
       <dot type='1NE'/>
      </fn>
     </ifCall>
    </p.withPredicate>
    <let role='action' ns='array=~ db=http://docbook.org/ns/docbook f=http://docbook.org/ns/docbook/functions ghost=http://docbook.org/ns/docbook/ephemeral map=~ mp=http://docbook.org/ns/docbook/modes/private xs=~ xsl=~ xml=~' line='154' var='Q{http://saxon.sf.net/generated-variable}v0' as='1AB' slot='0' eval='13'>
     <gc op='=' card='N:1' comp='GAC|http://www.w3.org/2005/xpath-functions/collation/codepoint'>
      <data diag='1|0||='>
       <gVarRef name='Q{}annotation-placement' bSlot='4'/>
      </data>
      <str val='before'/>
     </gc>
     <let line='145' var='Q{}annotations' as='+NE nQ{http://docbook.org/ns/docbook}annotation' slot='1' eval='3'>
      <treat line='146' as='NE nQ{http://docbook.org/ns/docbook}annotation' diag='3|0|XTTE0570|annotations'>
       <check card='+' diag='3|0|XTTE0570|annotations'>
        <forEach>
         <ifCall name='Q{http://www.w3.org/2005/xpath-functions/array}flatten' type='*'>
          <ifCall name='Q{http://www.w3.org/2005/xpath-functions/map}get' type='*'>
           <gVarRef name='Q{}annotation-targets' bSlot='5'/>
           <fn name='generate-id'>
            <dot type='1NE' flags='a'/>
           </fn>
          </ifCall>
         </ifCall>
         <fn line='147' name='key'>
          <str val='genid'/>
          <data diag='0|1||fn:key'>
           <dot/>
          </data>
          <gVarRef name='Q{}root' bSlot='6'/>
         </fn>
        </forEach>
       </check>
      </treat>
      <let line='151' var='Q{}before-annotations' as='*NE nQ{http://docbook.org/ns/docbook}annotation' slot='2' eval='4'>
       <forEach line='152'>
        <varRef name='Q{}annotations' slot='1'/>
        <choose line='154'>
         <or op='or'>
          <and op='and'>
           <varRef name='Q{http://saxon.sf.net/generated-variable}v0' slot='0'/>
           <fn name='not'>
            <fn name='contains-token'>
             <cvUntyped to='AS'>
              <attVal name='Q{}role' chk='0'/>
             </cvUntyped>
             <str val='after'/>
            </fn>
           </fn>
          </and>
          <fn name='contains-token'>
           <cvUntyped to='AS'>
            <attVal name='Q{}role' chk='0'/>
           </cvUntyped>
           <str val='before'/>
          </fn>
         </or>
         <dot line='155' type='1NE nQ{http://docbook.org/ns/docbook}annotation'/>
        </choose>
       </forEach>
       <copy line='164' flags='cin' sit='1NE'>
        <sequence role='content'>
         <applyT bSlot='7'>
          <axis role='select' name='attribute' nodeTest='NA'/>
         </applyT>
         <forEach line='165'>
          <varRef name='Q{}before-annotations' slot='2'/>
          <elem line='166' name='ghost:annotation' nsuri='http://docbook.org/ns/docbook/ephemeral' flags='l'>
           <sequence>
            <att name='linkend' flags='l'>
             <ufCall name='Q{http://docbook.org/ns/docbook/functions}generate-id' tailCall='false' bSlot='8' eval='16'>
              <dot type='1NE nQ{http://docbook.org/ns/docbook}annotation'/>
             </ufCall>
            </att>
            <att name='placement' flags='l'>
             <str val='before'/>
            </att>
           </sequence>
          </elem>
         </forEach>
         <applyT line='168' bSlot='9'>
          <axis role='select' name='child' nodeTest='N'/>
         </applyT>
         <forEach line='169'>
          <except line='161' op='except'>
           <docOrder intra='0'>
            <varRef name='Q{}annotations' slot='1'/>
           </docOrder>
           <docOrder intra='0'>
            <varRef name='Q{}before-annotations' slot='2'/>
           </docOrder>
          </except>
          <elem line='170' name='ghost:annotation' nsuri='http://docbook.org/ns/docbook/ephemeral' flags='l'>
           <sequence>
            <att name='linkend' flags='l'>
             <ufCall name='Q{http://docbook.org/ns/docbook/functions}generate-id' tailCall='false' bSlot='10' eval='16'>
              <dot type='1NE nQ{http://docbook.org/ns/docbook}annotation'/>
             </ufCall>
            </att>
            <att name='placement' flags='l'>
             <str val='after'/>
            </att>
           </sequence>
          </elem>
         </forEach>
        </sequence>
       </copy>
      </let>
     </let>
    </let>
   </templateRule>
   <templateRule prec='1' prio='-0.5' seq='3' rank='0' minImp='0' slots='0' matches='NE' flags='s' line='211' module='60-annotations.xsl'>
    <p.nodeTest role='match' test='NE'/>
    <copy role='action' ns='array=~ db=http://docbook.org/ns/docbook f=http://docbook.org/ns/docbook/functions ghost=http://docbook.org/ns/docbook/ephemeral map=~ mp=http://docbook.org/ns/docbook/modes/private xs=~ xsl=~ xml=~' line='213' flags='cin' sit='1NE'>
     <applyT role='content' bSlot='11'>
      <sequence role='select'>
       <axis name='attribute' nodeTest='NA'/>
       <axis name='child' nodeTest='N u[NP,NE,NC,NT]'/>
      </sequence>
     </applyT>
    </copy>
   </templateRule>
   <templateRule prec='1' prio='100.0' seq='1' rank='2' minImp='0' slots='0' matches='NE nQ{http://docbook.org/ns/docbook}annotation' flags='s' line='141' module='60-annotations.xsl'>
    <p.nodeTest role='match' test='NE nQ{http://docbook.org/ns/docbook}annotation'/>
    <empty role='action'/>
   </templateRule>
   <templateRule prec='1' prio='-0.5' seq='4' rank='0' minImp='0' slots='0' matches='NA' flags='s' line='217' module='60-annotations.xsl'>
    <p.nodeTest role='match' test='NA'/>
    <copy role='action' ns='array=~ db=http://docbook.org/ns/docbook f=http://docbook.org/ns/docbook/functions ghost=http://docbook.org/ns/docbook/ephemeral map=~ mp=http://docbook.org/ns/docbook/modes/private xs=~ xsl=~ xml=~' line='218' flags='cin' sit='1N'>
     <empty role='content'/>
    </copy>
   </templateRule>
   <templateRule prec='1' prio='-0.5' seq='4' part='1' rank='0' minImp='0' slots='0' matches='NT' flags='s' line='217' module='60-annotations.xsl'>
    <p.nodeTest role='match' test='NT'/>
    <copy role='action' ns='array=~ db=http://docbook.org/ns/docbook f=http://docbook.org/ns/docbook/functions ghost=http://docbook.org/ns/docbook/ephemeral map=~ mp=http://docbook.org/ns/docbook/modes/private xs=~ xsl=~ xml=~' line='218' flags='cin' sit='1N'>
     <empty role='content'/>
    </copy>
   </templateRule>
   <templateRule prec='1' prio='-0.5' seq='4' part='2' rank='0' minImp='0' slots='0' matches='NC' flags='s' line='217' module='60-annotations.xsl'>
    <p.nodeTest role='match' test='NC'/>
    <copy role='action' ns='array=~ db=http://docbook.org/ns/docbook f=http://docbook.org/ns/docbook/functions ghost=http://docbook.org/ns/docbook/ephemeral map=~ mp=http://docbook.org/ns/docbook/modes/private xs=~ xsl=~ xml=~' line='218' flags='cin' sit='1N'>
     <empty role='content'/>
    </copy>
   </templateRule>
   <templateRule prec='1' prio='-0.5' seq='4' part='3' rank='0' minImp='0' slots='0' matches='NP' flags='s' line='217' module='60-annotations.xsl'>
    <p.nodeTest role='match' test='NP'/>
    <copy role='action' ns='array=~ db=http://docbook.org/ns/docbook f=http://docbook.org/ns/docbook/functions ghost=http://docbook.org/ns/docbook/ephemeral map=~ mp=http://docbook.org/ns/docbook/modes/private xs=~ xsl=~ xml=~' line='218' flags='cin' sit='1N'>
     <empty role='content'/>
    </copy>
   </templateRule>
  </mode>
 </co>
 <co id='11' binds='3 3 3'>
  <globalVariable name='Q{}_annotation-targets' as='*FM' line='23' module='60-annotations.xsl' slots='10' visibility='PRIVATE'>
   <sequence ns='array=~ db=http://docbook.org/ns/docbook f=http://docbook.org/ns/docbook/functions ghost=http://docbook.org/ns/docbook/ephemeral map=~ mp=http://docbook.org/ns/docbook/modes/private xs=~ xsl=~ xml=~' line='24'>
    <treat as='FM' diag='3|0|XTTE0570|_annotation-targets'>
     <forEach>
      <filter flags='b'>
       <slash simple='1'>
        <root/>
        <axis name='descendant' nodeTest='NE nQ{http://docbook.org/ns/docbook}annotation'/>
       </slash>
       <fn name='exists'>
        <axis name='attribute' nodeTest='NA nQ{}annotates'/>
       </fn>
      </filter>
      <let line='25' var='Q{}annotation' as='1' slot='5' eval='16'>
       <dot type='1NE nQ{http://docbook.org/ns/docbook}annotation'/>
       <let line='27' var='Q{}ids' as='*AS' slot='6' eval='4'>
        <choose line='29'>
         <fn name='contains'>
          <cvUntyped to='AS'>
           <attVal name='Q{}annotates' chk='0'/>
          </cvUntyped>
          <str val='xpath:'/>
         </fn>
         <fn line='31' name='tokenize'>
          <fn name='normalize-space'>
           <fn name='substring-before'>
            <cvUntyped to='AS'>
             <attVal name='Q{}annotates' chk='0'/>
            </cvUntyped>
            <str val='xpath:'/>
           </fn>
          </fn>
          <str val='\s+'/>
          <str val=''/>
         </fn>
         <true/>
         <fn line='34' name='tokenize'>
          <fn name='normalize-space'>
           <cvUntyped to='AS'>
            <attVal name='Q{}annotates' chk='0'/>
           </cvUntyped>
          </fn>
          <str val='\s+'/>
          <str val=''/>
         </fn>
        </choose>
        <sequence line='39'>
         <forEach>
          <varRef name='Q{}ids' slot='6'/>
          <choose line='40'>
           <fn name='not'>
            <castable flags='a' as='1ASNTNC'>
             <dot type='1AS'/>
            </castable>
           </fn>
           <message line='41'>
            <fn role='select' name='concat'>
             <str val='Warning: invalid token in annotates: '/>
             <dot type='1AS'/>
            </fn>
            <str role='terminate' val='no'/>
            <str role='error' val='Q{http://www.w3.org/2005/xqt-errors}XTMM9000'/>
           </message>
          </choose>
         </forEach>
         <forEach line='46'>
          <varRef name='Q{}ids' slot='6'/>
          <forEach line='47'>
           <fn name='key'>
            <str val='id'/>
            <dot type='1AS'/>
            <gVarRef name='Q{}root' bSlot='0'/>
           </fn>
           <ifCall line='49' name='Q{http://www.w3.org/2005/xpath-functions/map}merge' type='1FM'>
            <ifCall name='Q{http://www.w3.org/2005/xpath-functions/map}entry' type='1FM'>
             <fn name='generate-id'>
              <dot type='1N'/>
             </fn>
             <fn name='generate-id'>
              <varRef name='Q{}annotation' slot='5'/>
             </fn>
            </ifCall>
            <map size='2'>
             <str val='duplicates'/>
             <str val='reject'/>
             <str val='duplicates-error-code'/>
             <str val='XTDE3365'/>
            </map>
           </ifCall>
          </forEach>
         </forEach>
         <choose line='54'>
          <fn name='contains'>
           <cvUntyped to='AS'>
            <attVal name='Q{}annotates' chk='0'/>
           </cvUntyped>
           <str val='xpath:'/>
          </fn>
          <let line='55' var='Q{}expr' as='1AS' slot='7' eval='8'>
           <fn name='substring-after'>
            <cvUntyped to='AS'>
             <attVal name='Q{}annotates' chk='0'/>
            </cvUntyped>
            <str val='xpath:'/>
           </fn>
           <let line='56' var='Q{}targets' as='*NE' slot='8' eval='8'>
            <evaluate line='58' as='*NE' dxns=''>
             <varRef role='xpath' name='Q{}expr' slot='7'/>
             <dot role='cxt' type='1NE nQ{http://docbook.org/ns/docbook}annotation'/>
             <dot role='nsCxt' type='1NE nQ{http://docbook.org/ns/docbook}annotation'/>
             <str role='sa' val='no'/>
             <map role='options' size='0'/>
             <map role='wp' size='0'/>
            </evaluate>
            <choose line='62'>
             <fn name='empty'>
              <varRef name='Q{}targets' slot='8'/>
             </fn>
             <message line='63'>
              <fn role='select' name='concat'>
               <str val='Warning: no matches for annotation: '/>
               <varRef name='Q{}expr' slot='7'/>
              </fn>
              <str role='terminate' val='no'/>
              <str role='error' val='Q{http://www.w3.org/2005/xqt-errors}XTMM9000'/>
             </message>
             <true/>
             <forEach line='66'>
              <varRef name='Q{}targets' slot='8'/>
              <ifCall line='68' name='Q{http://www.w3.org/2005/xpath-functions/map}merge' type='1FM'>
               <ifCall name='Q{http://www.w3.org/2005/xpath-functions/map}entry' type='1FM'>
                <fn name='generate-id'>
                 <dot type='1NE'/>
                </fn>
                <fn name='generate-id'>
                 <varRef name='Q{}annotation' slot='5'/>
                </fn>
               </ifCall>
               <map size='2'>
                <str val='duplicates'/>
                <str val='reject'/>
                <str val='duplicates-error-code'/>
                <str val='XTDE3365'/>
               </map>
              </ifCall>
             </forEach>
            </choose>
           </let>
          </let>
         </choose>
        </sequence>
       </let>
      </let>
     </forEach>
    </treat>
    <treat line='76' as='FM' diag='3|0|XTTE0570|_annotation-targets'>
     <forEach>
      <filter flags='b'>
       <slash simple='1'>
        <root/>
        <axis name='descendant' nodeTest='NE'/>
       </slash>
       <fn name='exists'>
        <axis name='attribute' nodeTest='NA nQ{}annotations'/>
       </fn>
      </filter>
      <let line='77' var='Q{}target' as='1' slot='9' eval='16'>
       <dot type='1NE'/>
       <forEach line='78'>
        <fn name='tokenize'>
         <fn name='normalize-space'>
          <cvUntyped to='AS'>
           <attVal name='Q{}annotations' chk='0'/>
          </cvUntyped>
         </fn>
         <str val='\s+'/>
         <str val=''/>
        </fn>
        <choose line='80'>
         <fn name='empty'>
          <fn name='key'>
           <str val='id'/>
           <dot type='1AS'/>
           <gVarRef name='Q{}root' bSlot='1'/>
          </fn>
         </fn>
         <message line='81'>
          <fn role='select' name='concat'>
           <str val='Warning: no annotations match: '/>
           <dot type='1AS'/>
          </fn>
          <str role='terminate' val='no'/>
          <str role='error' val='Q{http://www.w3.org/2005/xqt-errors}XTMM9000'/>
         </message>
         <true/>
         <forEach line='84'>
          <fn name='key'>
           <str val='id'/>
           <dot type='1AS'/>
           <gVarRef name='Q{}root' bSlot='2'/>
          </fn>
          <ifCall line='86' name='Q{http://www.w3.org/2005/xpath-functions/map}merge' type='1FM'>
           <ifCall name='Q{http://www.w3.org/2005/xpath-functions/map}entry' type='1FM'>
            <fn name='generate-id'>
             <varRef name='Q{}target' slot='9'/>
            </fn>
            <fn name='generate-id'>
             <dot type='1N'/>
            </fn>
           </ifCall>
           <map size='2'>
            <str val='duplicates'/>
            <str val='reject'/>
            <str val='duplicates-error-code'/>
            <str val='XTDE3365'/>
           </map>
          </ifCall>
         </forEach>
        </choose>
       </forEach>
      </let>
     </forEach>
    </treat>
   </sequence>
  </globalVariable>
 </co>
 <co id='10' binds='11 11'>
  <globalVariable name='Q{}annotation-targets' as='1FM v[1FA]' line='95' module='60-annotations.xsl' slots='4' visibility='PRIVATE'>
   <ifCall ns='array=~ db=http://docbook.org/ns/docbook f=http://docbook.org/ns/docbook/functions ghost=http://docbook.org/ns/docbook/ephemeral map=~ mp=http://docbook.org/ns/docbook/modes/private xs=~ xsl=~ xml=~' line='103' name='Q{http://www.w3.org/2005/xpath-functions/map}merge' type='1FM'>
    <forEach>
     <fn name='distinct-values'>
      <treat line='97' as='AS' diag='3|0|XTTE0570|targets'>
       <cvUntyped to='AS' diag='3|0|XTTE0570|targets'>
        <forEach>
         <gVarRef name='Q{}_annotation-targets' bSlot='0'/>
         <ifCall line='98' name='Q{http://www.w3.org/2005/xpath-functions/map}keys' type='*A'>
          <dot type='1FM'/>
         </ifCall>
        </forEach>
       </cvUntyped>
      </treat>
     </fn>
     <let line='104' var='Q{}target' as='1' slot='3' eval='16'>
      <dot type='1A'/>
      <ifCall line='112' name='Q{http://www.w3.org/2005/xpath-functions/map}entry' type='1FM'>
       <varRef name='Q{}target' slot='3'/>
       <ifCall name='Q{http://www.w3.org/2005/xpath-functions/array}_from-sequence' type='1FA'>
        <fn name='distinct-values'>
         <treat line='106' as='AS' diag='3|0|XTTE0570|annotations'>
          <cvUntyped to='AS' diag='3|0|XTTE0570|annotations'>
           <data diag='3|0|XTTE0570|annotations'>
            <forEach>
             <gVarRef name='Q{}_annotation-targets' bSlot='1'/>
             <choose line='107'>
              <gc op='=' card='N:1' comp='GAC|http://www.w3.org/2005/xpath-functions/collation/codepoint'>
               <ifCall name='Q{http://www.w3.org/2005/xpath-functions/map}keys' type='*A'>
                <dot type='1FM'/>
               </ifCall>
               <varRef name='Q{}target' slot='3'/>
              </gc>
              <ifCall line='108' name='Q{http://www.w3.org/2005/xpath-functions/map}get' type='*'>
               <dot type='1FM'/>
               <varRef name='Q{}target' slot='3'/>
              </ifCall>
             </choose>
            </forEach>
           </data>
          </cvUntyped>
         </treat>
        </fn>
       </ifCall>
      </ifCall>
     </let>
    </forEach>
    <map size='2'>
     <str val='duplicates'/>
     <str val='reject'/>
     <str val='duplicates-error-code'/>
     <str val='XTDE3365'/>
    </map>
   </ifCall>
  </globalVariable>
 </co>
 <co id='6' binds=''>
  <globalParam name='Q{}generated-id-root' as='*' line='14' module='shared.xsl' visibility='PUBLIC'>
   <str val='R'/>
  </globalParam>
 </co>
 <co id='12' binds='13'>
  <function name='Q{http://docbook.org/ns/docbook/functions}unique-id' line='87' module='shared.xsl' eval='16' flags='pmU' as='1AS' slots='1'>
   <arg name='Q{}node' as='1NE'/>
   <tailCallLoop role='body' ns='=http://www.w3.org/1999/xhtml db=http://docbook.org/ns/docbook f=http://docbook.org/ns/docbook/functions m=http://docbook.org/ns/docbook/modes map=~ vp=http://docbook.org/ns/docbook/variables/private xs=~ xsl=~ xml=~' line='89'>
    <ufCall name='Q{http://docbook.org/ns/docbook/functions}generate-id' tailCall='foreign' bSlot='0' eval='1 0'>
     <varRef name='Q{}node' slot='0'/>
     <false/>
    </ufCall>
   </tailCallLoop>
  </function>
 </co>
 <co id='9' binds='9 2 9'>
  <mode name='Q{http://docbook.org/ns/docbook/modes/private}move-to-end' onNo='TC' flags='W' patternSlots='0'>
   <templateRule prec='1' prio='100.0' seq='5' rank='1' minImp='0' slots='1' matches='NE' flags='s' line='223' module='60-annotations.xsl'>
    <p.withUpper role='match' axis='parent' upFirst='false'>
     <p.nodeTest test='NE'/>
     <p.nodeTest test='ND'/>
    </p.withUpper>
    <sequence role='action' ns='array=~ db=http://docbook.org/ns/docbook f=http://docbook.org/ns/docbook/functions ghost=http://docbook.org/ns/docbook/ephemeral map=~ mp=http://docbook.org/ns/docbook/modes/private xs=~ xsl=~ xml=~' line='224'>
     <param name='Q{}annotations' slot='0' flags='i' as='+NE nQ{http://docbook.org/ns/docbook}annotation'>
      <treat role='conversion' as='NE nQ{http://docbook.org/ns/docbook}annotation' diag='8|0|XTTE0590|annotations'>
       <check card='+' diag='8|0|XTTE0590|annotations'>
        <supplied slot='0'/>
       </check>
      </treat>
     </param>
     <copy line='226' flags='cin' sit='1NE'>
      <sequence role='content'>
       <applyT mode='Q{http://docbook.org/ns/docbook/modes/private}move-to-end' bSlot='0'>
        <sequence role='select'>
         <axis name='attribute' nodeTest='NA'/>
         <axis name='child' nodeTest='N u[NP,NE,NC,NT]'/>
        </sequence>
       </applyT>
       <forEach line='227'>
        <varRef name='Q{}annotations' slot='0'/>
        <copy line='229' flags='cinl' sit='1NE nQ{http://docbook.org/ns/docbook}annotation'>
         <sequence role='content'>
          <choose>
           <fn name='empty'>
            <axis name='attribute' nodeTest='NA nQ{http://www.w3.org/XML/1998/namespace}id'/>
           </fn>
           <att line='230' name='xml:id' nsuri='http://www.w3.org/XML/1998/namespace' flags='l'>
            <fn name='normalize-space'>
             <ufCall name='Q{http://docbook.org/ns/docbook/functions}generate-id' tailCall='false' bSlot='1' eval='16'>
              <dot type='1NE nQ{http://docbook.org/ns/docbook}annotation'/>
             </ufCall>
            </fn>
           </att>
          </choose>
          <axis line='232' name='attribute' nodeTest='NA'/>
          <axis line='232' name='child' nodeTest='N u[NP,NE,NC,NT]'/>
         </sequence>
        </copy>
       </forEach>
      </sequence>
     </copy>
    </sequence>
   </templateRule>
   <templateRule prec='1' prio='-0.5' seq='6' rank='0' minImp='0' slots='0' matches='NE' flags='s' line='238' module='60-annotations.xsl'>
    <p.nodeTest role='match' test='NE'/>
    <copy role='action' ns='array=~ db=http://docbook.org/ns/docbook f=http://docbook.org/ns/docbook/functions ghost=http://docbook.org/ns/docbook/ephemeral map=~ mp=http://docbook.org/ns/docbook/modes/private xs=~ xsl=~ xml=~' line='240' flags='cin' sit='1NE'>
     <applyT role='content' mode='Q{http://docbook.org/ns/docbook/modes/private}move-to-end' bSlot='2'>
      <sequence role='select'>
       <axis name='attribute' nodeTest='NA'/>
       <axis name='child' nodeTest='N u[NP,NE,NC,NT]'/>
      </sequence>
     </applyT>
    </copy>
   </templateRule>
   <templateRule prec='1' prio='-0.5' seq='7' rank='0' minImp='0' slots='0' matches='NA' flags='s' line='245' module='60-annotations.xsl'>
    <p.nodeTest role='match' test='NA'/>
    <copy role='action' ns='array=~ db=http://docbook.org/ns/docbook f=http://docbook.org/ns/docbook/functions ghost=http://docbook.org/ns/docbook/ephemeral map=~ mp=http://docbook.org/ns/docbook/modes/private xs=~ xsl=~ xml=~' line='246' flags='cin' sit='1N'>
     <empty role='content'/>
    </copy>
   </templateRule>
   <templateRule prec='1' prio='-0.5' seq='7' part='1' rank='0' minImp='0' slots='0' matches='NT' flags='s' line='245' module='60-annotations.xsl'>
    <p.nodeTest role='match' test='NT'/>
    <copy role='action' ns='array=~ db=http://docbook.org/ns/docbook f=http://docbook.org/ns/docbook/functions ghost=http://docbook.org/ns/docbook/ephemeral map=~ mp=http://docbook.org/ns/docbook/modes/private xs=~ xsl=~ xml=~' line='246' flags='cin' sit='1N'>
     <empty role='content'/>
    </copy>
   </templateRule>
   <templateRule prec='1' prio='-0.5' seq='7' part='2' rank='0' minImp='0' slots='0' matches='NC' flags='s' line='245' module='60-annotations.xsl'>
    <p.nodeTest role='match' test='NC'/>
    <copy role='action' ns='array=~ db=http://docbook.org/ns/docbook f=http://docbook.org/ns/docbook/functions ghost=http://docbook.org/ns/docbook/ephemeral map=~ mp=http://docbook.org/ns/docbook/modes/private xs=~ xsl=~ xml=~' line='246' flags='cin' sit='1N'>
     <empty role='content'/>
    </copy>
   </templateRule>
   <templateRule prec='1' prio='-0.5' seq='7' part='3' rank='0' minImp='0' slots='0' matches='NP' flags='s' line='245' module='60-annotations.xsl'>
    <p.nodeTest role='match' test='NP'/>
    <copy role='action' ns='array=~ db=http://docbook.org/ns/docbook f=http://docbook.org/ns/docbook/functions ghost=http://docbook.org/ns/docbook/ephemeral map=~ mp=http://docbook.org/ns/docbook/modes/private xs=~ xsl=~ xml=~' line='246' flags='cin' sit='1N'>
     <empty role='content'/>
    </copy>
   </templateRule>
  </mode>
 </co>
 <co id='14' binds=''>
  <globalParam name='Q{}generated-id-sep' as='*' line='18' module='shared.xsl' visibility='PUBLIC'>
   <str val='_'/>
  </globalParam>
 </co>
 <co id='8' binds='0 0'>
  <globalVariable name='Q{http://saxon.sf.net/generated-variable}gg2017860548' as='1AB' line='119' module='60-annotations.xsl' visibility='PRIVATE'>
   <and ns='array=~ db=http://docbook.org/ns/docbook f=http://docbook.org/ns/docbook/functions ghost=http://docbook.org/ns/docbook/ephemeral map=~ mp=http://docbook.org/ns/docbook/modes/private xs=~ xsl=~ xml=~' line='119' op='and'>
    <gc op='!=' card='N:1' comp='GAC|http://www.w3.org/2005/xpath-functions/collation/codepoint'>
     <data diag='1|0||!='>
      <gVarRef name='Q{}annotation-placement' bSlot='0'/>
     </data>
     <str val='before'/>
    </gc>
    <gc op='!=' card='N:1' comp='GAC|http://www.w3.org/2005/xpath-functions/collation/codepoint'>
     <data diag='1|0||!='>
      <gVarRef name='Q{}annotation-placement' bSlot='1'/>
     </data>
     <str val='after'/>
    </gc>
   </and>
  </globalVariable>
 </co>
 <co id='13' binds='5 13 14 4'>
  <function name='Q{http://docbook.org/ns/docbook/functions}generate-id' line='58' module='shared.xsl' eval='16' flags='pmU' as='1AS' slots='3'>
   <arg name='Q{}node' as='1NE'/>
   <arg name='Q{}use-xml-id' as='1AB'/>
   <choose role='body' ns='=http://www.w3.org/1999/xhtml db=http://docbook.org/ns/docbook f=http://docbook.org/ns/docbook/functions m=http://docbook.org/ns/docbook/modes map=~ vp=http://docbook.org/ns/docbook/variables/private xs=~ xsl=~ xml=~' line='62'>
    <and op='and'>
     <varRef name='Q{}use-xml-id' slot='1'/>
     <fn name='exists'>
      <slash simple='1'>
       <varRef name='Q{}node' slot='0'/>
       <axis name='attribute' nodeTest='NA nQ{http://www.w3.org/XML/1998/namespace}id'/>
      </slash>
     </fn>
    </and>
    <check line='63' card='1' diag='5|0|XTTE0780|f:generate-id#2'>
     <slash>
      <slash simple='1'>
       <varRef name='Q{}node' slot='0'/>
       <axis name='attribute' nodeTest='NA nQ{http://www.w3.org/XML/1998/namespace}id'/>
      </slash>
      <fn name='string'>
       <dot type='1NA nQ{http://www.w3.org/XML/1998/namespace}id'/>
      </fn>
     </slash>
    </check>
    <fn line='65' name='empty'>
     <slash simple='1'>
      <varRef name='Q{}node' slot='0'/>
      <axis name='parent' nodeTest='NE'/>
     </slash>
    </fn>
    <gVarRef name='Q{http://saxon.sf.net/generated-variable}gg302987494' bSlot='0'/>
    <true/>
    <let line='73' var='Q{http://saxon.sf.net/generated-variable}v0' as='?AQ' slot='2' eval='13'>
     <fn name='node-name'>
      <varRef name='Q{}node' slot='0'/>
     </fn>
     <fn line='69' name='concat'>
      <ufCall name='Q{http://docbook.org/ns/docbook/functions}generate-id' tailCall='false' bSlot='1' eval='16 1'>
       <check card='1' diag='0|0||f:generate-id'>
        <slash simple='1'>
         <varRef name='Q{}node' slot='0'/>
         <axis name='parent' nodeTest='NE'/>
        </slash>
       </check>
       <varRef name='Q{}use-xml-id' slot='1'/>
      </ufCall>
      <data line='75' diag='0|1||fn:concat'>
       <gVarRef name='Q{}generated-id-sep' bSlot='2'/>
      </data>
      <check line='71' card='1' diag='3|0||type'>
       <first>
        <sequence>
         <ifCall name='Q{http://www.w3.org/2005/xpath-functions/map}get' type='*'>
          <gVarRef name='Q{http://docbook.org/ns/docbook/variables/private}gidmap' bSlot='3'/>
          <fn name='local-name'>
           <varRef name='Q{}node' slot='0'/>
          </fn>
         </ifCall>
         <fn name='local-name'>
          <varRef name='Q{}node' slot='0'/>
         </fn>
        </sequence>
       </first>
      </check>
      <fn line='75' name='string'>
       <arith op='+' calc='i+i'>
        <fn name='count'>
         <slash line='73'>
          <varRef name='Q{}node' slot='0'/>
          <filter flags='b'>
           <axis name='preceding-sibling' nodeTest='NE'/>
           <vc op='eq' onEmpty='0' comp='EQC'>
            <fn name='node-name'>
             <dot type='1NE'/>
            </fn>
            <varRef name='Q{http://saxon.sf.net/generated-variable}v0' slot='2'/>
           </vc>
          </filter>
         </slash>
        </fn>
        <int val='1'/>
       </arith>
      </fn>
     </fn>
    </let>
   </choose>
  </function>
 </co>
 <co id='2' binds='13'>
  <function name='Q{http://docbook.org/ns/docbook/functions}generate-id' line='53' module='shared.xsl' eval='16' flags='pmU' as='1AS' slots='1'>
   <arg name='Q{}node' as='1NE'/>
   <tailCallLoop role='body' ns='=http://www.w3.org/1999/xhtml db=http://docbook.org/ns/docbook f=http://docbook.org/ns/docbook/functions m=http://docbook.org/ns/docbook/modes map=~ vp=http://docbook.org/ns/docbook/variables/private xs=~ xsl=~ xml=~' line='55'>
    <ufCall name='Q{http://docbook.org/ns/docbook/functions}generate-id' tailCall='foreign' bSlot='0' eval='1 0'>
     <varRef name='Q{}node' slot='0'/>
     <true/>
    </ufCall>
   </tailCallLoop>
  </function>
 </co>
 <overridden/>
 <key name='Q{}genid' line='19' module='60-annotations.xsl' binds='' flags='u'>
  <p.nodeTest test='NE'/>
  <fn ns='array=~ db=http://docbook.org/ns/docbook f=http://docbook.org/ns/docbook/functions ghost=http://docbook.org/ns/docbook/ephemeral map=~ mp=http://docbook.org/ns/docbook/modes/private xs=~ xsl=~ xml=~' line='19' name='generate-id'>
   <dot type='1NE'/>
  </fn>
 </key>
 <key name='Q{}annotations' line='17' module='60-annotations.xsl' binds='' flags='u'>
  <p.nodeTest test='NE nQ{http://docbook.org/ns/docbook}annotation'/>
  <attVal ns='array=~ db=http://docbook.org/ns/docbook f=http://docbook.org/ns/docbook/functions ghost=http://docbook.org/ns/docbook/ephemeral map=~ mp=http://docbook.org/ns/docbook/modes/private xs=~ xsl=~ xml=~' line='17' name='Q{http://www.w3.org/XML/1998/namespace}id' chk='0'/>
 </key>
 <key name='Q{}id' line='18' module='60-annotations.xsl' binds='' flags='u'>
  <p.nodeTest test='NE'/>
  <attVal ns='array=~ db=http://docbook.org/ns/docbook f=http://docbook.org/ns/docbook/functions ghost=http://docbook.org/ns/docbook/ephemeral map=~ mp=http://docbook.org/ns/docbook/modes/private xs=~ xsl=~ xml=~' line='18' name='Q{http://www.w3.org/XML/1998/namespace}id' chk='0'/>
 </key>
 <output>
  <property name='Q{http://saxon.sf.net/}stylesheet-version' value='30'/>
 </output>
 <decimalFormat/>
</package>
<?Σ 8745d6c7?>
